mass_flow_kg_s,speed_rpm,suction_p_bar,discharge_p_bar,pressure_ratio,suction_t_c,discharge_t_c,polytropic_efficiency,polytropic_head_kj_kg,gas_power_kw,excess_power_kw,surge_margin_pct,vibration_rms_mm_s,fault_mode,condition_label
8.207,9424.7,19.72,43.6,2.211,20.48,92.5,0.8346,128.26,1261.13,0.0,20.8,1.03,Normal,0
9.084,9781.9,20.19,45.16,2.237,19.3,94.45,0.8122,130.23,1456.63,20.4,28.44,1.73,Normal,0
9.845,9459.2,20.2,42.75,2.116,17.71,86.51,0.8147,119.58,1445.15,25.19,33.98,1.28,Normal,0
8.994,9508.5,19.94,43.28,2.17,19.18,92.13,0.8026,124.92,1399.81,34.06,27.73,2.33,Normal,0
12.59,9779.4,19.85,38.68,1.949,21.42,82.45,0.8176,106.46,1639.35,5.06,48.37,1.05,Normal,0
11.44,9745.6,19.74,40.1,2.032,21.23,86.06,0.8219,113.69,1582.52,0.0,43.18,1.26,Normal,0
8.419,9781.8,20.05,45.59,2.273,21.32,99.38,0.8059,134.22,1402.3,26.09,22.8,6.24,Mechanical_Vibration,1
11.599,9362.8,19.92,39.08,1.962,19.31,81.57,0.8056,107.02,1540.79,42.92,43.96,2.12,Normal,0
7.003,9244.7,20.15,42.79,2.124,21.33,98.87,0.7437,123.03,1158.49,57.95,7.18,3.79,Surge_Risk,1
9.977,9717.9,19.62,42.4,2.161,21.65,93.72,0.813,125.01,1534.13,22.81,34.85,2.24,Normal,0
6.73,9483.3,20.34,44.88,2.206,20.54,98.19,0.7785,128.98,1114.9,9.47,3.41,4.81,Surge_Risk,1
11.36,9456.5,19.84,39.4,1.986,20.13,81.27,0.8363,109.1,1481.98,0.0,42.78,1.35,Normal,0
9.828,9446.2,19.8,41.75,2.109,21.12,91.14,0.8064,120.49,1468.43,36.22,33.86,2.13,Normal,0
14.073,9311.9,20.08,31.41,1.564,20.15,66.58,0.7023,69.57,1394.2,0.0,53.81,2.12,Impeller_Fouling,1
11.375,9456.3,20.24,40.29,1.991,20.44,83.49,0.8167,109.86,1530.13,9.97,42.86,1.31,Normal,0
11.432,9271.9,20.11,39.18,1.948,19.75,79.57,0.8281,105.69,1458.97,0.0,43.14,2.35,Normal,0
8.058,9351.1,19.98,43.65,2.184,17.12,88.09,0.8244,124.83,1220.19,0.0,19.34,1.7,Normal,0
8.814,9230.9,20.12,42.73,2.124,19.61,88.77,0.8196,120.94,1300.67,11.07,26.26,1.33,Normal,0
11.55,9636.9,20.19,40.33,1.998,22.1,87.01,0.8036,111.28,1599.49,17.76,43.73,2.17,Normal,0
11.385,9392.5,20.43,40.1,1.963,21.31,83.79,0.8091,107.86,1517.73,9.09,42.91,1.97,Normal,0
13.941,9432.0,20.12,35.32,1.756,18.83,69.75,0.8077,87.77,1514.97,19.24,53.38,7.24,Mechanical_Vibration,1
8.452,9690.3,20.34,45.79,2.251,23.81,98.37,0.8359,132.99,1344.65,0.0,23.09,1.47,Normal,0
13.259,9409.5,20.2,36.79,1.822,20.78,74.89,0.8193,94.58,1530.7,6.02,50.98,5.11,Mechanical_Vibration,1
8.51,9297.0,20.06,43.41,2.165,21.27,92.11,0.8265,124.93,1286.34,4.75,23.62,1.91,Normal,0
13.025,9334.6,20.12,36.91,1.834,18.54,72.42,0.826,94.97,1497.61,0.0,50.1,2.19,Normal,0
9.656,9594.6,19.78,42.44,2.145,20.22,91.51,0.8098,123.17,1468.81,19.62,32.69,2.25,Normal,0
11.248,9578.7,20.09,40.94,2.039,20.02,86.17,0.8078,114.02,1587.52,43.34,42.21,2.01,Normal,0
14.383,9368.5,20.01,34.09,1.704,19.79,66.08,0.8382,82.78,1420.52,0.0,54.81,1.02,Normal,0
13.771,9757.0,20.18,33.34,1.652,20.71,75.86,0.6736,79.27,1620.6,20.88,52.8,8.4,Combined_Fault,1
12.672,9390.2,19.98,37.07,1.855,20.32,76.28,0.8171,97.56,1512.97,0.0,48.71,5.16,Mechanical_Vibration,1
6.906,9569.0,20.26,44.81,2.212,20.08,98.24,0.7751,129.26,1151.69,9.15,5.88,4.23,Surge_Risk,1
11.379,9685.6,20.08,40.99,2.042,20.39,86.13,0.815,114.34,1596.37,17.51,42.88,7.4,Mechanical_Vibration,1
8.458,9677.5,20.28,45.69,2.252,19.53,94.35,0.8231,131.41,1350.28,0.53,23.15,1.05,Normal,0
8.014,9479.4,19.55,43.31,2.215,20.54,96.11,0.8015,129.25,1292.23,28.78,18.89,1.18,Normal,0
8.397,9513.3,20.27,44.87,2.213,18.93,93.94,0.8021,128.38,1344.08,38.46,22.6,1.74,Normal,0
11.414,9524.4,20.34,37.72,1.855,21.24,90.37,0.6758,99.68,1683.43,140.2,43.05,6.08,Combined_Fault,1
8.895,9463.4,19.81,43.21,2.182,22.49,96.07,0.81,127.17,1396.49,34.91,26.93,1.92,Normal,0
9.534,9368.0,20.1,42.43,2.111,23.18,93.07,0.8142,121.42,1421.68,21.33,31.82,2.06,Normal,0
11.241,9208.6,19.94,38.77,1.944,22.81,83.8,0.8189,106.57,1462.81,0.0,42.18,1.56,Normal,0
12.181,9569.5,19.69,38.31,1.946,19.34,79.59,0.8201,105.42,1565.8,1.47,46.64,2.2,Normal,0
14.382,9595.2,19.95,35.04,1.757,20.09,70.27,0.823,88.12,1539.83,20.75,54.8,1.64,Normal,0
14.137,9527.4,19.69,30.55,1.552,19.77,67.95,0.6657,68.43,1453.31,0.0,54.02,5.4,Combined_Fault,1
10.033,9210.9,20.15,40.81,2.026,20.42,83.76,0.8338,112.69,1355.96,0.0,35.21,1.03,Normal,0
12.203,9688.7,19.84,39.18,1.974,19.47,79.98,0.8351,107.82,1575.41,0.0,46.73,1.39,Normal,0
10.688,9306.5,20.16,37.5,1.86,21.12,90.16,0.6798,100.13,1574.42,119.96,39.19,6.36,Combined_Fault,1
6.981,9758.5,20.15,46.27,2.296,19.67,105.64,0.7452,136.69,1280.53,94.94,6.89,4.76,Surge_Risk,1
7.876,9695.9,20.27,46.25,2.281,21.02,96.2,0.8362,134.14,1263.37,0.0,17.47,1.13,Normal,0
9.852,9391.6,20.48,42.94,2.097,21.6,90.51,0.8131,119.57,1448.71,25.3,34.03,2.11,Normal,0
11.647,9673.8,20.2,40.44,2.002,19.98,83.43,0.8177,110.7,1576.8,0.0,44.19,2.24,Normal,0
8.389,9410.5,20.15,43.86,2.176,22.04,93.48,0.828,126.22,1278.69,0.0,22.52,1.12,Normal,0
14.431,9792.0,20.06,33.22,1.656,17.83,66.75,0.749,78.19,1506.46,0.0,54.96,2.33,Impeller_Fouling,1
14.144,9250.1,19.65,33.9,1.726,20.47,70.21,0.8044,85.38,1501.25,55.65,54.05,1.69,Normal,0
8.623,9206.8,19.83,42.09,2.123,19.93,88.52,0.826,120.88,1261.93,0.0,24.62,2.35,Normal,0
14.543,9424.9,20.38,34.54,1.695,21.04,69.35,0.8005,82.52,1499.11,31.34,55.3,2.36,Normal,0
8.317,9225.9,20.02,40.17,2.007,21.48,98.23,0.6943,113.71,1362.07,114.48,21.84,7.09,Combined_Fault,1
11.89,9577.6,19.89,39.64,1.993,22.79,84.83,0.836,110.67,1573.97,0.0,45.33,1.39,Normal,0
8.344,9312.9,19.8,42.64,2.154,16.81,84.95,0.839,121.97,1213.11,0.0,22.1,2.38,Normal,0
12.593,9618.9,19.52,35.39,1.813,20.54,85.07,0.6914,95.19,1733.76,147.03,48.38,2.95,Impeller_Fouling,1
14.329,9769.9,20.19,36.04,1.785,22.21,73.55,0.8346,91.42,1569.52,0.0,54.64,2.38,Normal,0
13.695,9290.3,19.88,31.76,1.597,17.43,64.7,0.7171,72.32,1381.2,0.0,52.54,6.66,Combined_Fault,1
7.228,9364.0,20.34,43.45,2.136,20.01,93.55,0.7825,122.79,1134.26,0.0,10.07,4.63,Surge_Risk,1
12.502,9277.5,20.01,37.35,1.866,20.18,76.14,0.8247,98.46,1492.62,0.0,48.01,1.5,Normal,0
6.676,9268.1,20.06,43.27,2.157,23.07,98.43,0.7826,125.84,1073.54,4.04,2.64,4.9,Surge_Risk,1
13.086,9726.0,19.74,37.16,1.882,19.6,76.25,0.8248,99.7,1581.83,0.0,50.33,1.19,Normal,0
10.862,9208.7,20.17,39.47,1.957,21.59,81.58,0.8362,107.04,1390.46,0.0,40.16,1.49,Normal,0
13.837,9508.4,19.88,35.07,1.764,22.0,71.95,0.838,89.31,1474.63,0.0,53.02,1.64,Normal,0
9.481,9788.0,19.99,44.06,2.204,16.9,90.87,0.803,126.74,1496.33,33.69,31.44,1.18,Normal,0
14.078,9276.8,19.72,33.76,1.711,20.73,68.77,0.819,83.95,1442.99,0.0,53.83,1.27,Normal,0
8.421,9224.5,20.13,42.77,2.125,19.2,89.75,0.8048,121.14,1267.5,19.22,22.81,1.65,Normal,0
8.075,9323.8,20.01,43.43,2.17,16.58,86.02,0.832,123.28,1196.58,0.0,19.51,2.22,Normal,0
13.038,9752.5,20.05,34.71,1.731,19.83,78.57,0.6929,86.84,1633.96,18.78,50.15,2.32,Impeller_Fouling,1
13.032,9490.7,19.94,37.25,1.868,17.73,75.04,0.8015,98.01,1593.72,59.19,50.12,1.35,Normal,0
8.55,9628.0,20.01,44.23,2.21,21.45,95.35,0.8179,128.95,1348.05,0.0,23.98,1.38,Normal,0
14.034,9426.4,20.05,34.85,1.738,19.03,67.97,0.8237,86.02,1465.47,0.0,53.68,1.95,Normal,0
11.908,9673.5,19.78,39.14,1.978,20.0,81.25,0.8298,108.45,1556.3,0.0,45.41,1.4,Normal,0
14.706,9417.8,19.95,33.92,1.7,21.39,68.58,0.8242,82.99,1480.71,25.83,55.8,1.33,Normal,0
9.106,9261.1,19.89,41.81,2.103,19.06,87.84,0.8114,119.07,1336.31,15.98,28.62,1.57,Normal,0
13.859,9789.4,19.79,32.36,1.635,19.64,69.97,0.7154,76.81,1488.08,0.0,53.1,5.68,Combined_Fault,1
9.76,9601.2,19.77,42.47,2.148,20.15,89.55,0.8308,123.01,1445.15,0.0,33.4,1.26,Normal,0
8.604,9394.2,20.07,43.57,2.171,15.89,85.93,0.8244,123.2,1285.75,0.0,24.45,1.22,Normal,0
8.741,9488.7,19.58,42.7,2.18,19.02,92.42,0.8025,125.69,1368.97,32.88,25.64,2.39,Normal,0
13.122,9393.4,19.85,35.8,1.804,21.14,74.02,0.8238,92.94,1480.35,0.0,50.46,1.49,Normal,0
9.069,9757.7,19.8,43.96,2.22,20.56,96.32,0.802,129.64,1465.93,30.49,28.32,7.54,Mechanical_Vibration,1
9.211,9544.7,19.97,39.25,1.965,20.17,94.36,0.6915,109.46,1458.16,59.37,29.44,2.94,Impeller_Fouling,1
10.547,9599.1,19.45,37.35,1.92,20.54,87.1,0.7372,104.69,1497.83,0.0,38.37,2.33,Impeller_Fouling,1
9.425,9477.6,20.26,43.4,2.142,18.73,87.04,0.836,121.84,1373.68,0.0,31.04,2.27,Normal,0
13.358,9574.5,19.45,35.98,1.85,17.78,72.42,0.8248,96.16,1557.29,7.26,51.34,1.75,Normal,0
9.539,9736.3,19.88,43.52,2.189,20.61,92.13,0.8298,126.63,1455.8,0.0,31.86,2.07,Normal,0
13.725,9726.1,19.88,36.26,1.824,21.56,76.94,0.8051,95.14,1622.01,24.0,52.64,1.56,Normal,0
6.936,9678.4,19.89,45.0,2.262,19.17,99.95,0.7721,133.08,1195.53,32.65,6.29,4.86,Surge_Risk,1
11.884,9351.1,19.74,38.14,1.933,19.23,79.43,0.812,104.31,1526.52,24.78,45.3,5.37,Mechanical_Vibration,1
13.905,9551.7,19.99,35.64,1.783,23.67,74.96,0.8373,91.63,1521.68,0.0,53.25,1.79,Normal,0
11.834,9618.0,20.05,40.1,2.0,20.66,83.58,0.8243,110.65,1588.57,11.17,45.07,2.31,Normal,0
13.672,9755.3,19.87,34.18,1.72,18.52,79.42,0.66,85.76,1776.63,185.18,52.46,8.48,Combined_Fault,1
10.146,9511.3,19.97,42.09,2.108,17.46,84.21,0.8321,118.51,1445.05,0.0,35.94,1.01,Normal,0
10.224,9400.1,20.21,41.6,2.058,16.52,82.61,0.8104,114.29,1441.9,15.08,36.43,5.63,Mechanical_Vibration,1
10.732,9471.5,20.42,41.61,2.038,19.63,83.16,0.8366,113.4,1454.74,0.0,39.44,1.51,Normal,0
8.841,9548.4,19.75,38.25,1.937,20.78,94.33,0.6832,107.21,1387.41,20.24,26.48,8.99,Combined_Fault,1
6.273,9501.3,19.83,43.85,2.211,20.22,97.32,0.7849,129.11,1031.82,0.0,-3.62,3.98,Surge_Risk,1
13.229,9221.9,20.64,36.39,1.763,18.34,68.88,0.8181,88.22,1426.47,0.0,50.86,1.56,Normal,0
14.423,9535.8,20.27,31.99,1.578,19.49,66.53,0.7061,70.88,1447.8,0.0,54.93,2.7,Impeller_Fouling,1
9.354,9445.2,19.91,42.67,2.143,21.4,92.93,0.8092,123.51,1427.59,33.0,30.51,1.94,Normal,0
12.369,9211.8,20.02,37.2,1.857,19.8,76.36,0.8095,97.69,1492.62,17.42,47.45,2.01,Normal,0
9.235,9713.4,19.91,44.1,2.215,19.46,93.71,0.8117,128.6,1463.03,27.12,29.61,2.25,Normal,0
13.522,9207.8,19.58,34.35,1.754,22.65,73.98,0.8103,88.74,1481.02,7.75,51.93,6.98,Mechanical_Vibration,1
10.853,9360.8,19.65,39.79,2.025,18.08,82.77,0.8118,112.05,1497.99,36.68,40.11,2.33,Normal,0
10.776,9658.2,20.24,38.43,1.899,19.95,91.01,0.6816,103.34,1633.92,92.96,39.68,2.56,Impeller_Fouling,1
14.691,9580.1,19.84,30.77,1.55,19.37,63.73,0.7168,67.84,1390.31,0.0,55.75,2.18,Impeller_Fouling,1
12.36,9211.0,19.59,36.5,1.863,20.83,76.12,0.8332,98.29,1458.1,0.0,47.41,1.84,Normal,0
8.129,9599.0,20.25,45.18,2.231,17.24,92.2,0.8067,129.01,1300.09,13.48,20.04,2.03,Normal,0
9.821,9249.7,19.64,40.16,2.045,20.87,86.95,0.8142,114.8,1384.67,0.66,33.81,1.79,Normal,0
6.279,9485.6,20.26,44.8,2.211,20.74,103.04,0.7416,130.22,1102.65,57.65,-3.51,4.99,Surge_Risk,1
13.196,9230.9,20.05,35.93,1.793,23.84,77.98,0.8043,92.91,1524.53,30.24,50.74,1.11,Normal,0
9.525,9636.9,20.49,44.51,2.172,19.93,90.19,0.8328,124.84,1427.93,0.0,31.76,1.38,Normal,0
8.758,9554.1,20.24,44.38,2.193,18.91,90.3,0.8285,126.19,1333.94,0.0,25.78,6.45,Mechanical_Vibration,1
7.049,9311.1,20.27,43.79,2.161,20.18,96.05,0.7729,125.12,1140.99,26.88,7.78,5.62,Surge_Risk,1
14.408,9349.8,19.62,30.77,1.569,19.91,70.44,0.6532,70.41,1553.32,101.04,54.89,8.7,Combined_Fault,1
12.682,9308.3,20.2,37.4,1.851,20.2,76.32,0.8119,97.22,1518.56,15.78,48.75,2.21,Normal,0
11.974,9706.7,20.17,40.03,1.985,21.41,85.0,0.8092,109.8,1624.79,16.86,45.72,1.17,Normal,0
6.085,9246.2,19.74,42.93,2.175,21.92,100.91,0.7558,127.38,1025.6,43.04,-6.82,5.48,Surge_Risk,1
9.431,9391.3,20.22,42.73,2.114,20.42,91.07,0.801,120.73,1421.49,37.37,31.08,2.31,Normal,0
12.193,9679.3,20.27,40.11,1.979,19.22,79.94,0.8349,108.17,1579.52,0.0,46.69,2.38,Normal,0
6.31,9661.0,19.58,44.3,2.263,17.36,100.91,0.7455,132.89,1124.85,58.36,-3.0,4.22,Surge_Risk,1
9.328,9377.8,19.52,41.49,2.126,18.19,85.45,0.838,120.26,1338.57,0.0,30.32,2.32,Normal,0
9.422,9480.4,19.95,39.13,1.962,18.32,87.99,0.7254,107.84,1400.68,6.86,31.01,7.43,Combined_Fault,1
9.105,9507.6,20.1,43.33,2.156,19.04,88.53,0.8312,123.24,1349.96,0.0,28.61,1.49,Normal,0
6.905,9234.7,19.91,42.92,2.156,18.24,96.21,0.7477,124.39,1148.73,73.67,5.86,4.06,Surge_Risk,1
8.44,9334.3,20.59,44.33,2.153,21.41,90.93,0.8351,123.89,1252.13,0.0,22.99,2.24,Normal,0
11.656,9773.4,19.9,40.5,2.035,20.43,86.87,0.8035,113.91,1652.49,40.86,44.23,1.57,Normal,0
8.367,9423.6,20.22,44.09,2.18,18.57,91.24,0.8088,125.4,1297.34,15.39,22.32,2.19,Normal,0
10.235,9497.1,20.06,38.78,1.933,23.79,92.86,0.7275,107.21,1508.33,21.22,36.49,2.17,Impeller_Fouling,1
13.871,9727.2,19.87,33.95,1.709,20.89,75.18,0.7296,84.52,1606.9,18.78,53.14,2.78,Impeller_Fouling,1
13.966,9608.1,20.28,36.32,1.791,22.07,73.69,0.8349,91.95,1538.24,0.0,53.46,1.04,Normal,0
6.209,9695.5,19.91,45.99,2.31,18.75,100.71,0.7809,136.56,1085.82,23.05,-4.69,4.77,Surge_Risk,1
12.223,9203.8,20.2,34.69,1.717,17.77,77.22,0.6708,85.1,1550.56,88.87,46.82,7.16,Combined_Fault,1
14.541,9667.9,20.07,34.94,1.741,19.4,69.24,0.8137,86.52,1546.26,23.32,55.3,1.14,Normal,0
12.757,9762.3,20.05,38.72,1.932,19.33,80.28,0.8027,104.38,1658.9,41.06,49.05,1.82,Normal,0
14.614,9407.5,19.88,31.48,1.583,20.19,64.88,0.7478,71.3,1393.47,0.0,55.52,1.98,Impeller_Fouling,1
6.888,9655.0,19.97,44.51,2.229,16.95,96.61,0.7623,129.58,1170.87,27.44,5.64,5.99,Surge_Risk,1
12.656,9455.7,19.69,33.49,1.701,19.73,76.17,0.6955,83.75,1524.09,0.0,48.64,2.75,Impeller_Fouling,1
10.738,9592.7,19.94,40.92,2.052,18.28,83.68,0.8192,114.31,1498.41,0.0,39.47,8.44,Mechanical_Vibration,1
8.018,9445.6,19.83,43.91,2.215,19.64,92.45,0.8261,128.34,1245.7,0.0,18.93,1.52,Normal,0
13.88,9718.6,20.13,36.58,1.817,19.96,72.85,0.8311,93.79,1566.47,0.0,53.17,2.07,Normal,0
11.171,9575.7,20.11,36.99,1.839,20.29,86.82,0.6882,97.68,1585.54,43.97,41.81,2.76,Impeller_Fouling,1
11.874,9458.2,20.18,39.02,1.934,19.94,80.46,0.8108,104.69,1533.28,0.37,45.26,2.12,Normal,0
10.547,9386.2,19.93,40.25,2.02,19.96,84.14,0.8192,112.18,1444.36,0.0,38.37,1.97,Normal,0
14.707,9716.1,20.19,34.82,1.724,18.55,67.82,0.8057,84.7,1546.02,28.25,55.8,1.7,Normal,0
10.085,9570.9,20.13,42.44,2.108,22.67,91.68,0.8207,120.85,1485.0,0.0,35.55,1.05,Normal,0
12.626,9247.1,19.83,36.53,1.842,18.5,72.36,0.832,95.62,1451.1,0.0,48.52,1.28,Normal,0
6.041,9300.5,20.07,43.3,2.157,18.8,92.66,0.7868,123.99,952.02,0.0,-7.6,4.85,Surge_Risk,1
10.176,9625.4,20.1,38.45,1.913,21.02,87.29,0.737,104.21,1438.77,0.0,36.13,3.05,Impeller_Fouling,1
11.485,9528.6,19.95,39.66,1.988,21.98,84.15,0.8293,110.02,1523.67,0.0,43.4,2.22,Normal,0
11.287,9331.5,19.88,39.02,1.963,20.78,82.04,0.8222,107.47,1475.37,0.0,42.41,2.01,Normal,0
8.305,9337.1,19.72,42.69,2.165,20.85,94.09,0.8012,125.22,1298.02,30.9,21.74,2.22,Normal,0
10.397,9636.3,19.58,41.48,2.118,19.28,86.29,0.8395,120.04,1486.69,0.0,37.48,1.06,Normal,0
6.633,9720.2,19.61,45.15,2.303,23.0,105.45,0.7837,137.86,1166.8,23.2,2.0,4.55,Surge_Risk,1
12.161,9366.1,20.2,38.38,1.9,20.27,77.96,0.8253,101.58,1496.84,0.0,46.55,2.0,Normal,0
9.067,9745.4,20.1,40.64,2.022,19.17,93.37,0.7184,113.72,1435.34,9.59,28.31,5.99,Combined_Fault,1
11.951,9722.4,19.83,39.0,1.967,21.16,83.99,0.8065,108.14,1602.27,0.0,45.61,1.55,Normal,0
13.214,9781.6,20.2,38.16,1.889,18.13,76.37,0.8052,100.05,1641.91,31.6,50.81,1.33,Normal,0
13.602,9244.1,20.12,35.15,1.747,20.12,70.15,0.8172,87.25,1452.18,0.0,52.21,1.35,Normal,0
8.057,9570.3,19.79,44.29,2.238,20.78,94.61,0.8295,130.67,1269.22,0.0,19.32,2.18,Normal,0
8.583,9683.4,20.52,45.98,2.241,21.55,97.63,0.8108,131.62,1393.44,19.53,24.27,1.08,Normal,0
10.013,9518.7,19.97,42.18,2.113,18.45,87.21,0.8152,119.6,1468.98,18.9,35.08,6.48,Mechanical_Vibration,1
8.01,9509.4,20.09,44.72,2.226,23.13,98.78,0.8123,131.11,1292.81,12.41,18.85,1.99,Normal,0
13.877,9321.1,20.07,35.24,1.756,19.02,70.04,0.8071,87.86,1510.67,39.89,53.16,2.32,Normal,0
11.794,9609.9,20.12,37.82,1.879,23.61,94.22,0.6821,102.77,1777.01,186.96,44.89,2.77,Impeller_Fouling,1
12.359,9605.9,19.99,38.46,1.925,20.96,81.74,0.8043,104.3,1602.65,18.12,47.41,1.92,Normal,0
11.769,9799.6,20.25,38.75,1.913,19.62,86.11,0.7317,103.8,1669.59,52.16,44.77,2.37,Impeller_Fouling,1
7.037,9396.2,20.26,44.41,2.192,20.85,99.75,0.7618,128.23,1184.54,53.59,7.63,3.8,Surge_Risk,1
10.52,9526.7,19.68,40.59,2.062,17.53,83.39,0.8179,114.93,1478.18,0.0,38.21,1.32,Normal,0
11.044,9243.9,19.67,38.92,1.979,22.46,85.46,0.8152,109.58,1484.65,21.71,41.15,2.21,Normal,0
10.461,9511.4,19.89,41.36,2.08,19.97,87.42,0.816,117.42,1505.5,19.37,37.87,1.85,Normal,0
7.928,9658.9,20.61,46.99,2.28,20.89,99.17,0.8059,134.59,1323.99,32.17,18.01,4.83,Mechanical_Vibration,1
8.222,9588.5,19.94,44.43,2.229,20.59,94.09,0.828,129.87,1289.48,0.0,20.94,6.6,Mechanical_Vibration,1
11.574,9354.1,19.93,36.19,1.816,18.52,81.72,0.7018,94.63,1560.72,69.88,43.84,2.8,Impeller_Fouling,1
12.568,9363.6,19.72,36.87,1.869,18.53,75.64,0.8073,98.38,1531.63,22.8,48.28,1.74,Normal,0
14.54,9625.4,20.04,34.69,1.731,18.59,67.36,0.8193,85.25,1512.88,5.16,55.3,1.06,Normal,0
13.989,9579.9,20.34,32.93,1.619,20.18,71.0,0.696,75.46,1516.75,0.0,53.54,2.66,Impeller_Fouling,1
9.724,9446.6,20.14,39.07,1.941,18.13,85.27,0.7376,105.66,1392.97,0.0,33.15,2.73,Impeller_Fouling,1
8.976,9257.3,19.83,42.24,2.131,18.75,87.11,0.8295,121.0,1309.34,2.87,27.59,2.21,Normal,0
9.424,9330.0,20.31,42.6,2.098,22.44,91.37,0.8156,119.97,1386.14,7.31,31.02,2.38,Normal,0
12.823,9281.9,20.64,38.22,1.851,18.79,73.48,0.8277,96.58,1496.23,8.45,49.31,2.39,Normal,0
9.719,9277.0,20.08,41.39,2.062,19.2,86.75,0.8032,115.76,1400.82,25.87,33.12,1.32,Normal,0
13.402,9413.0,19.75,35.52,1.799,20.05,73.47,0.8093,92.25,1527.67,9.63,51.5,1.76,Normal,0
10.131,9728.0,20.12,43.46,2.16,23.18,94.26,0.8268,125.4,1536.54,3.25,35.84,1.65,Normal,0
12.63,9236.1,20.1,37.06,1.844,20.84,76.96,0.808,96.75,1512.32,25.11,48.54,1.75,Normal,0
12.454,9258.0,20.4,37.74,1.851,19.54,74.04,0.8318,96.73,1448.21,0.0,47.81,2.39,Normal,0
12.165,9756.2,19.92,39.53,1.984,21.82,85.98,0.8036,110.0,1665.35,38.56,46.57,2.06,Normal,0
6.047,9276.6,20.13,43.58,2.165,20.87,99.17,0.7552,126.16,1010.24,31.43,-7.49,4.4,Surge_Risk,1
10.579,9252.6,20.02,40.2,2.008,21.06,85.01,0.8179,111.59,1443.34,8.5,38.56,2.29,Normal,0
13.946,9498.2,20.62,36.46,1.768,20.12,70.16,0.8347,89.13,1489.03,0.0,53.39,2.13,Normal,0
9.015,9674.0,19.87,43.9,2.209,19.65,92.04,0.8278,127.86,1392.39,0.0,27.9,1.9,Normal,0
13.154,9693.5,20.0,37.74,1.887,19.96,78.34,0.807,100.52,1638.52,40.39,50.58,1.7,Normal,0
7.981,9439.2,19.91,44.03,2.212,18.51,93.01,0.8054,128.02,1268.53,25.64,18.55,2.35,Normal,0
8.54,9459.5,20.13,43.58,2.165,20.1,90.75,0.8256,124.47,1287.43,0.0,23.88,1.3,Normal,0
13.265,9571.8,19.76,36.52,1.848,20.63,76.18,0.8184,97.01,1572.41,5.6,51.0,2.38,Normal,0
8.236,9343.5,19.92,43.22,2.17,19.08,90.23,0.8204,124.55,1250.4,0.0,21.08,2.4,Normal,0
11.489,9688.4,19.62,39.51,2.014,21.37,85.76,0.817,112.25,1578.52,0.0,43.43,1.51,Normal,0
6.014,9448.5,19.94,44.41,2.227,20.81,101.62,0.7608,131.17,1036.93,35.17,-8.08,3.55,Surge_Risk,1
9.306,9355.9,20.19,42.73,2.116,19.18,89.7,0.8005,120.45,1400.36,40.7,30.16,1.34,Normal,0
10.981,9785.5,19.75,41.29,2.09,19.95,86.31,0.8338,118.05,1554.76,0.0,40.8,1.21,Normal,0
10.561,9394.8,19.77,40.59,2.053,19.74,85.62,0.8184,115.04,1484.57,22.26,38.45,2.1,Normal,0
9.583,9735.3,20.29,44.77,2.207,18.32,89.72,0.8336,127.0,1459.9,0.0,32.17,1.92,Normal,0
11.429,9737.1,19.85,40.86,2.059,21.95,89.72,0.806,116.55,1652.59,50.04,43.13,2.03,Normal,0
12.814,9507.3,19.94,37.16,1.863,20.14,77.58,0.8029,98.4,1570.49,16.35,49.28,1.49,Normal,0
8.489,9664.8,19.76,44.36,2.245,18.43,92.31,0.8264,130.27,1338.07,0.0,23.43,2.07,Normal,0
9.24,9359.0,20.15,42.93,2.131,21.97,93.44,0.8049,122.74,1409.06,41.55,29.65,1.9,Normal,0
12.013,9518.2,20.14,36.29,1.802,19.03,81.99,0.6966,93.57,1613.61,67.01,45.89,8.25,Combined_Fault,1
9.372,9593.9,20.23,43.64,2.157,19.45,90.97,0.8112,123.78,1430.21,9.19,30.65,6.4,Mechanical_Vibration,1
8.651,9463.6,20.14,43.96,2.182,20.22,93.47,0.8079,126.26,1351.93,24.9,24.86,1.4,Normal,0
6.599,9689.6,20.2,46.14,2.284,19.75,100.57,0.7821,134.86,1137.87,16.96,1.5,5.44,Surge_Risk,1
14.362,9593.7,20.07,31.12,1.551,20.27,69.44,0.6535,68.55,1506.64,0.0,54.74,5.53,Combined_Fault,1
13.685,9635.6,19.68,35.87,1.823,19.21,72.39,0.8293,94.1,1552.87,0.0,52.5,1.76,Normal,0
12.622,9554.2,19.53,37.4,1.915,20.12,77.83,0.8349,102.82,1554.33,0.0,48.5,1.22,Normal,0
9.228,9476.9,20.17,40.55,2.01,19.69,93.27,0.7189,112.87,1448.96,66.32,29.56,2.66,Impeller_Fouling,1
7.837,9312.8,19.79,43.15,2.181,21.79,93.15,0.8304,126.43,1193.1,0.0,17.06,1.05,Normal,0
9.939,9647.4,19.64,42.34,2.156,18.34,87.29,0.8351,122.85,1462.17,0.0,34.6,2.24,Normal,0
7.823,9555.8,19.9,44.43,2.233,17.87,91.21,0.8248,129.06,1224.07,0.0,16.91,1.5,Normal,0
12.296,9676.5,20.05,39.5,1.971,18.75,81.62,0.8026,107.67,1649.52,58.93,47.14,1.78,Normal,0
13.575,9562.1,20.5,37.34,1.821,21.54,75.71,0.8199,94.78,1569.26,9.41,52.12,1.11,Normal,0
7.025,9235.1,20.28,43.11,2.126,19.03,93.57,0.7659,121.81,1117.38,24.42,7.48,3.87,Surge_Risk,1
11.988,9396.9,19.79,37.92,1.916,19.8,77.91,0.8294,102.84,1486.4,0.0,45.78,1.89,Normal,0
10.487,9671.4,20.46,40.01,1.955,19.66,89.86,0.72,107.85,1570.79,45.3,38.02,2.06,Impeller_Fouling,1
14.385,9417.3,19.76,33.5,1.696,20.21,67.81,0.8104,82.3,1460.86,0.0,54.81,1.6,Normal,0
11.007,9723.6,19.91,37.45,1.881,20.6,87.18,0.7138,101.4,1563.68,0.0,40.95,1.91,Impeller_Fouling,1
6.995,9636.8,19.28,43.24,2.242,19.76,102.64,0.7479,132.26,1236.99,71.5,7.08,3.84,Surge_Risk,1
8.199,9650.8,20.09,45.09,2.245,20.18,96.04,0.8113,131.31,1327.13,8.68,20.73,2.27,Normal,0
13.237,9349.7,19.79,35.68,1.802,21.37,75.73,0.8026,93.1,1535.41,23.03,50.9,1.68,Normal,0
10.231,9220.2,20.03,40.48,2.021,18.3,80.8,0.836,111.48,1364.31,0.0,36.47,2.31,Normal,0
7.276,9231.4,20.13,42.83,2.128,17.66,93.38,0.7528,121.64,1175.56,58.18,10.66,4.0,Surge_Risk,1
10.247,9539.2,19.87,41.55,2.091,20.7,89.94,0.8046,118.87,1513.85,31.18,36.56,1.21,Normal,0
11.464,9335.2,20.16,39.52,1.96,19.33,81.61,0.8046,106.92,1523.39,36.75,43.3,1.09,Normal,0
11.193,9624.7,20.17,41.14,2.039,18.76,84.76,0.8066,113.6,1576.26,29.37,41.93,2.32,Normal,0
12.357,9710.0,19.89,38.91,1.957,23.02,84.45,0.8218,107.72,1619.71,0.0,47.4,2.13,Normal,0
10.112,9475.5,19.82,41.19,2.079,19.03,84.92,0.8303,116.73,1421.59,0.0,35.72,1.73,Normal,0
14.695,9322.9,19.91,33.4,1.677,20.77,66.17,0.8309,80.5,1423.72,0.0,55.77,1.75,Normal,0
10.463,9498.7,19.98,39.15,1.96,20.45,89.57,0.7343,108.29,1543.09,57.57,37.88,2.09,Impeller_Fouling,1
12.242,9514.0,19.81,38.07,1.922,21.38,79.88,0.8319,103.84,1528.02,0.0,46.9,1.55,Normal,0
13.353,9749.1,19.7,36.76,1.866,20.18,77.05,0.8127,98.61,1620.27,10.77,51.32,1.26,Normal,0
12.107,9736.4,19.9,39.57,1.988,18.57,82.25,0.8033,109.15,1644.97,42.24,46.31,2.24,Normal,0
14.689,9682.2,20.13,34.45,1.711,20.01,67.43,0.8267,83.65,1486.26,0.0,55.75,2.23,Normal,0
7.157,9456.5,20.11,44.15,2.196,21.78,103.27,0.744,129.35,1244.45,83.38,9.18,3.97,Surge_Risk,1
6.409,9714.9,20.65,47.61,2.306,20.25,104.54,0.7636,137.32,1152.51,52.18,-1.43,4.65,Surge_Risk,1
9.016,9414.7,20.33,43.59,2.144,21.95,91.81,0.8285,123.5,1344.06,0.0,27.91,2.16,Normal,0
10.952,9260.4,19.86,39.54,1.991,19.38,81.12,0.83,109.32,1442.7,0.0,40.65,1.49,Normal,0
8.684,9704.9,20.38,45.6,2.238,20.61,94.62,0.827,130.62,1371.46,0.0,25.15,1.46,Normal,0
9.755,9611.8,19.9,39.87,2.003,20.79,93.55,0.725,112.56,1514.46,50.37,33.37,2.52,Impeller_Fouling,1
13.898,9383.2,20.26,35.68,1.761,18.02,68.11,0.823,87.96,1485.38,4.44,53.23,5.76,Mechanical_Vibration,1
10.929,9744.3,20.28,42.68,2.105,21.01,89.69,0.8184,119.93,1601.54,24.99,40.53,2.21,Normal,0
10.758,9528.0,20.06,41.22,2.054,19.9,87.39,0.8017,115.44,1549.14,41.98,39.58,1.39,Normal,0
7.046,9715.0,20.05,45.82,2.285,20.77,107.07,0.7409,136.42,1297.45,106.62,7.75,5.32,Surge_Risk,1
8.588,9382.9,19.94,39.97,2.005,19.2,91.18,0.7293,112.0,1318.95,20.23,24.31,1.94,Impeller_Fouling,1
11.989,9345.1,20.2,38.65,1.913,19.97,79.34,0.8119,102.84,1518.51,12.42,45.78,1.42,Normal,0
14.046,9645.9,20.11,35.83,1.782,21.35,74.22,0.8074,91.08,1584.53,24.64,53.72,2.11,Normal,0
13.62,9220.8,19.96,35.25,1.766,20.11,70.74,0.824,89.02,1471.5,10.87,52.27,1.16,Normal,0
13.953,9256.3,20.07,32.14,1.601,20.96,68.88,0.72,73.61,1426.49,0.0,53.41,2.4,Impeller_Fouling,1
14.048,9390.2,20.37,35.81,1.758,19.47,69.97,0.8177,88.12,1513.71,31.14,53.73,1.83,Normal,0
10.492,9621.6,20.33,42.21,2.076,20.11,87.09,0.8195,117.12,1499.39,0.0,38.05,1.91,Normal,0
12.239,9770.3,20.37,40.16,1.972,20.92,84.29,0.8028,108.55,1654.8,28.21,46.89,1.66,Normal,0
10.119,9227.4,19.67,35.61,1.81,19.36,83.72,0.6886,94.56,1389.65,0.0,35.77,7.44,Combined_Fault,1
7.854,9368.4,19.83,43.33,2.186,20.12,93.43,0.8088,126.49,1228.34,7.29,17.24,1.05,Normal,0
11.389,9264.8,20.27,39.44,1.946,19.13,80.02,0.8117,105.46,1479.6,14.36,42.93,1.12,Normal,0
13.92,9570.2,20.17,35.81,1.775,19.52,70.85,0.8197,89.78,1524.43,0.0,53.3,1.98,Normal,0
10.753,9795.7,19.9,42.07,2.114,19.02,87.87,0.8164,119.94,1579.63,10.55,39.55,1.85,Normal,0
8.217,9385.6,20.13,44.0,2.186,19.28,90.87,0.8242,125.9,1255.19,0.0,20.89,1.96,Normal,0
8.647,9268.7,19.79,42.15,2.13,16.69,85.71,0.8168,120.28,1273.48,4.44,24.83,1.11,Normal,0
10.333,9412.9,20.02,41.26,2.061,20.25,86.15,0.8237,115.82,1452.85,0.0,37.1,1.01,Normal,0
12.868,9581.7,20.05,35.73,1.782,21.14,84.03,0.6884,92.37,1726.59,147.81,49.49,1.89,Impeller_Fouling,1
11.84,9520.4,19.58,38.47,1.965,19.03,81.74,0.8017,107.27,1584.24,40.76,45.1,1.48,Normal,0
10.81,9637.5,19.74,40.98,2.076,21.45,88.05,0.8269,117.5,1535.97,0.0,39.87,1.39,Normal,0
13.557,9383.8,19.93,33.69,1.69,22.15,74.67,0.74,82.92,1519.14,2.93,52.05,2.4,Impeller_Fouling,1
12.739,9391.3,19.54,36.17,1.851,21.76,77.0,0.8275,97.55,1501.62,0.0,48.98,1.6,Normal,0
7.978,9285.6,19.9,43.38,2.18,19.54,90.76,0.8258,125.5,1212.42,0.0,18.53,1.89,Normal,0
12.54,9404.4,19.96,37.31,1.869,18.93,74.84,0.8242,98.32,1495.87,0.0,48.17,2.38,Normal,0
7.993,9472.4,19.85,44.14,2.224,18.79,92.38,0.8202,128.8,1255.14,2.98,18.68,2.35,Normal,0
13.093,9430.5,19.73,36.36,1.843,19.46,74.53,0.8183,96.15,1538.46,11.71,50.36,1.16,Normal,0
13.587,9773.6,19.93,36.81,1.848,21.05,75.13,0.8394,96.86,1567.94,0.0,52.16,1.4,Normal,0
11.59,9776.7,19.62,40.31,2.055,17.77,84.39,0.8062,114.59,1647.42,51.67,43.92,2.07,Normal,0
9.162,9700.2,20.56,45.23,2.2,17.3,91.23,0.8023,126.57,1445.42,29.86,29.06,1.48,Normal,0
11.863,9362.1,20.02,39.04,1.951,20.74,82.73,0.8056,106.55,1569.19,57.26,45.21,1.68,Normal,0
9.209,9441.1,19.77,42.67,2.158,21.65,93.33,0.8158,124.77,1408.46,26.44,29.42,1.06,Normal,0
14.166,9485.3,19.62,31.23,1.592,20.36,68.39,0.7078,72.53,1451.78,0.0,54.12,8.48,Combined_Fault,1
9.73,9278.4,19.91,38.98,1.958,20.42,88.71,0.7414,108.02,1417.71,35.84,33.2,2.01,Impeller_Fouling,1
11.921,9477.6,20.0,35.62,1.781,20.59,81.56,0.7063,91.88,1550.87,8.49,45.47,2.08,Impeller_Fouling,1
11.841,9657.1,20.06,39.93,1.991,16.37,77.08,0.8346,108.11,1533.81,0.0,45.11,2.16,Normal,0
8.565,9658.7,20.07,44.85,2.234,20.83,94.06,0.8342,130.33,1338.2,0.0,24.11,1.61,Normal,0
12.186,9708.2,19.97,39.36,1.971,21.51,82.13,0.8371,108.28,1576.37,0.0,46.66,1.96,Normal,0
10.311,9633.6,19.9,42.04,2.112,18.84,86.13,0.8322,119.48,1480.46,0.0,36.96,1.39,Normal,0
12.965,9326.4,19.87,36.24,1.824,21.28,74.61,0.8334,94.81,1475.02,0.0,49.87,2.05,Normal,0
12.095,9661.4,20.11,36.62,1.821,21.78,87.66,0.6862,96.45,1700.04,99.7,46.26,1.91,Impeller_Fouling,1
8.577,9444.5,20.18,43.93,2.177,18.99,89.32,0.8323,124.9,1287.11,0.0,24.22,2.33,Normal,0
8.338,9243.4,20.01,43.0,2.149,20.91,91.55,0.82,123.59,1256.66,5.57,22.04,1.07,Normal,0
9.767,9243.7,20.23,41.46,2.049,17.59,81.59,0.8321,113.63,1333.67,0.0,33.45,2.3,Normal,0
9.382,9443.1,19.93,42.43,2.129,20.95,90.11,0.8256,121.83,1384.45,0.0,30.72,1.5,Normal,0
12.173,9588.7,20.07,39.15,1.951,15.47,76.58,0.8029,104.68,1587.26,38.77,46.61,1.96,Normal,0
11.668,9345.2,20.21,35.61,1.762,20.84,79.67,0.7164,89.93,1464.57,0.0,44.29,2.89,Impeller_Fouling,1
12.207,9362.8,19.54,37.0,1.894,19.96,79.06,0.8022,101.15,1539.3,25.41,46.75,1.0,Normal,0
7.827,9506.7,20.28,42.52,2.096,19.51,100.75,0.6973,120.87,1356.79,113.64,16.95,2.24,Impeller_Fouling,1
9.993,9261.1,20.04,38.72,1.932,17.98,84.86,0.7352,104.91,1425.98,40.63,34.96,2.41,Impeller_Fouling,1
12.609,9746.0,19.8,38.39,1.939,20.59,80.8,0.8198,105.31,1619.87,0.0,48.45,1.54,Normal,0
14.562,9579.6,20.13,34.64,1.721,18.78,66.29,0.8304,84.19,1476.34,0.0,55.36,1.42,Normal,0
10.32,9263.2,20.05,40.82,2.036,20.92,84.51,0.8383,113.73,1400.24,0.0,37.02,1.7,Normal,0
10.389,9459.6,19.64,40.43,2.059,19.69,87.3,0.8021,115.71,1498.72,31.24,37.43,2.15,Normal,0
13.961,9710.2,20.36,36.47,1.791,20.93,74.13,0.8086,91.79,1584.74,5.39,53.44,1.95,Normal,0
12.97,9564.7,19.81,36.88,1.861,19.37,75.8,0.8126,97.84,1561.67,0.0,49.89,2.0,Normal,0
8.207,9319.5,20.41,44.39,2.175,19.51,92.56,0.8045,125.4,1279.24,31.97,20.8,1.72,Normal,0
8.671,9360.6,19.62,41.72,2.127,18.3,87.57,0.8165,120.69,1281.61,0.0,25.03,1.74,Normal,0
11.433,9557.1,19.95,35.94,1.801,19.97,82.33,0.7042,93.69,1521.18,0.0,43.15,8.1,Combined_Fault,1
7.919,9663.8,19.93,45.32,2.274,20.66,95.95,0.8308,133.46,1272.08,0.0,17.92,2.13,Normal,0
10.237,9272.1,20.25,41.17,2.034,18.89,83.9,0.8149,113.04,1420.09,11.58,36.5,2.19,Normal,0
11.006,9214.2,20.01,35.99,1.798,20.26,82.13,0.7079,93.45,1452.99,10.12,40.94,1.89,Impeller_Fouling,1
6.616,9336.9,20.06,44.23,2.205,19.85,101.41,0.7429,129.29,1151.38,89.36,1.75,5.86,Surge_Risk,1
8.329,9671.1,19.59,39.4,2.011,20.03,98.59,0.6793,113.86,1396.21,59.63,21.96,5.78,Combined_Fault,1
8.829,9284.5,20.06,42.72,2.13,21.92,90.73,0.8324,122.21,1296.19,0.0,26.38,1.89,Normal,0
14.222,9432.9,19.71,34.32,1.741,21.27,71.57,0.8116,87.11,1526.42,33.55,54.3,1.99,Normal,0
14.506,9237.3,19.98,33.88,1.696,18.75,65.44,0.8212,81.81,1445.05,34.26,55.19,1.34,Normal,0
13.449,9500.4,19.87,35.66,1.795,20.34,72.97,0.8184,91.9,1510.24,0.0,51.67,1.06,Normal,0
13.706,9299.4,20.38,35.81,1.757,17.86,66.63,0.8392,87.33,1426.21,0.0,52.57,2.11,Normal,0
10.859,9712.3,20.01,41.75,2.086,20.5,87.67,0.8237,118.05,1556.24,0.0,40.14,2.37,Normal,0
6.21,9314.1,19.83,43.63,2.2,20.64,99.64,0.7638,128.76,1046.8,40.27,-4.67,4.12,Surge_Risk,1
13.201,9584.4,20.0,37.2,1.86,18.57,74.22,0.82,97.37,1567.69,7.09,50.76,1.02,Normal,0
12.241,9205.4,20.15,37.85,1.878,19.69,77.36,0.8089,99.54,1506.33,34.38,46.9,2.02,Normal,0
12.437,9257.2,19.89,37.03,1.862,19.34,76.43,0.8047,98.02,1514.83,29.8,47.74,1.4,Normal,0
7.194,9438.7,19.66,42.85,2.179,17.6,92.13,0.7875,125.24,1144.06,0.0,9.65,4.39,Surge_Risk,1
12.396,9672.5,20.1,39.11,1.946,17.63,78.38,0.8096,104.94,1606.84,22.5,47.57,1.31,Normal,0
11.871,9223.4,19.76,37.72,1.909,19.39,78.3,0.8131,102.2,1492.14,22.74,45.25,6.95,Mechanical_Vibration,1
14.059,9510.0,19.8,34.81,1.758,21.44,70.96,0.8379,88.53,1485.46,0.0,53.77,2.09,Normal,0
9.103,9485.8,20.23,43.62,2.156,17.82,88.72,0.8133,123.02,1376.97,12.47,28.59,2.2,Normal,0
13.476,9324.2,20.0,35.94,1.797,21.06,72.9,0.8334,92.18,1490.44,0.0,51.77,2.08,Normal,0
8.063,9592.8,19.73,44.39,2.25,17.33,93.33,0.8051,130.55,1307.39,29.05,19.38,2.07,Normal,0
14.612,9200.0,20.17,33.25,1.648,16.16,60.48,0.809,76.5,1381.69,0.56,55.51,1.32,Normal,0
7.103,9200.9,19.73,41.52,2.105,21.02,95.48,0.7611,120.92,1128.43,24.76,8.49,4.31,Surge_Risk,1
14.114,9627.6,19.71,35.05,1.778,19.3,69.89,0.8323,89.83,1523.32,0.0,53.95,2.38,Normal,0
8.349,9652.5,20.36,45.55,2.237,17.42,91.12,0.8218,129.23,1313.01,0.0,22.15,2.09,Normal,0
12.801,9550.3,20.13,37.66,1.871,20.98,76.9,0.8304,99.08,1527.45,0.0,49.22,1.14,Normal,0
13.593,9508.3,19.42,34.99,1.802,20.24,73.03,0.8209,92.48,1531.19,0.0,52.18,8.21,Mechanical_Vibration,1
13.449,9616.8,20.45,37.65,1.841,21.0,77.04,0.8078,96.6,1608.26,32.48,51.67,1.48,Normal,0
14.43,9401.4,20.26,34.36,1.695,21.41,68.6,0.8199,82.55,1452.93,0.0,54.95,2.1,Normal,0
7.88,9640.7,19.9,42.84,2.153,19.56,99.93,0.7293,125.05,1351.26,74.64,17.51,2.41,Impeller_Fouling,1
14.569,9341.0,19.98,33.76,1.689,21.34,69.29,0.8021,82.07,1490.69,45.24,55.39,1.71,Normal,0
11.669,9631.1,19.94,36.16,1.814,20.4,83.29,0.7078,94.97,1565.72,0.0,44.3,3.01,Impeller_Fouling,1
12.509,9294.4,19.72,33.54,1.701,18.48,71.33,0.7358,82.97,1410.59,0.0,48.04,2.67,Impeller_Fouling,1
9.947,9543.0,20.02,42.01,2.098,19.04,87.36,0.8141,118.67,1449.96,0.0,34.66,2.03,Normal,0
10.127,9442.7,20.28,41.79,2.061,19.2,86.79,0.8023,115.71,1460.61,16.91,35.82,1.52,Normal,0
9.193,9766.7,20.35,45.08,2.216,21.72,96.05,0.8167,129.53,1457.93,2.69,29.29,1.39,Normal,0
11.431,9365.8,20.07,39.41,1.964,20.52,83.04,0.8072,107.68,1524.97,25.58,43.14,2.36,Normal,0
6.55,9268.0,20.38,43.85,2.152,19.08,95.95,0.7573,124.21,1074.24,35.6,0.76,4.16,Surge_Risk,1
12.397,9323.2,19.56,36.61,1.871,19.81,74.93,0.8387,98.64,1458.04,0.0,47.57,1.11,Normal,0
12.166,9770.9,20.04,39.75,1.983,19.18,80.81,0.8259,108.61,1599.81,0.0,46.57,1.37,Normal,0
9.99,9209.1,20.3,41.5,2.044,21.52,88.03,0.8108,115.07,1417.82,28.26,34.94,2.33,Normal,0
11.913,9263.5,20.07,38.33,1.91,20.83,78.92,0.828,102.63,1476.53,0.0,45.44,1.95,Normal,0
10.952,9444.9,20.01,40.61,2.03,19.62,82.6,0.8383,112.65,1471.7,0.0,40.65,1.26,Normal,0
13.039,9603.5,19.92,37.28,1.872,19.96,75.31,0.8366,98.79,1539.65,0.0,50.15,1.61,Normal,0
11.926,9355.2,20.42,39.01,1.91,19.26,77.34,0.8245,102.18,1477.96,0.0,45.5,2.0,Normal,0
6.018,9254.8,20.17,43.52,2.158,20.44,98.53,0.7524,125.37,1002.68,32.82,-8.01,4.18,Surge_Risk,1
6.789,9348.5,19.94,42.69,2.141,19.9,94.61,0.7736,123.32,1082.13,0.0,4.25,5.88,Surge_Risk,1
11.61,9703.1,19.82,40.14,2.025,20.75,86.56,0.806,113.17,1630.1,36.49,44.01,7.08,Mechanical_Vibration,1
10.398,9645.7,20.04,42.39,2.115,22.57,90.44,0.8368,121.19,1505.79,0.0,37.49,1.38,Normal,0
10.98,9421.1,20.59,37.78,1.835,20.46,83.11,0.7241,96.81,1468.01,0.0,40.8,2.79,Impeller_Fouling,1
8.248,9456.6,20.18,44.26,2.193,22.99,95.77,0.8247,128.07,1280.81,0.0,21.19,5.88,Mechanical_Vibration,1
14.29,9466.4,19.83,34.21,1.725,20.01,69.66,0.8042,85.21,1514.04,23.06,54.51,1.92,Normal,0
9.1,9356.1,20.36,43.22,2.123,19.58,88.03,0.8266,120.72,1328.95,0.0,28.57,2.23,Normal,0
9.969,9688.5,19.83,43.14,2.176,20.49,93.3,0.81,125.82,1548.52,50.82,34.8,1.5,Normal,0
14.197,9412.3,20.31,35.27,1.736,20.72,68.94,0.8381,86.23,1460.64,0.0,54.21,1.46,Normal,0
8.518,9412.7,20.18,40.69,2.017,20.01,95.4,0.7075,113.79,1370.04,68.42,23.69,2.5,Impeller_Fouling,1
13.811,9316.3,20.1,32.48,1.616,21.27,69.32,0.7324,75.08,1415.82,0.0,52.94,2.65,Impeller_Fouling,1
9.407,9296.2,19.75,41.51,2.102,20.8,90.58,0.8047,119.8,1400.55,38.47,30.9,1.72,Normal,0
9.357,9296.8,20.23,42.13,2.083,18.94,85.85,0.8208,117.18,1335.8,0.0,30.53,1.85,Normal,0
9.337,9347.2,19.96,42.29,2.119,19.11,86.2,0.8384,120.01,1336.48,0.0,30.38,1.58,Normal,0
6.223,9457.4,20.52,45.48,2.216,22.81,103.1,0.765,131.05,1066.1,26.41,-4.45,5.68,Surge_Risk,1
8.62,9578.9,20.1,44.43,2.211,18.48,92.08,0.8135,127.74,1353.67,12.73,24.6,1.2,Normal,0
9.23,9615.2,19.88,43.28,2.177,18.07,89.81,0.8152,124.78,1412.82,6.38,29.58,7.73,Mechanical_Vibration,1
12.62,9241.4,19.99,36.65,1.833,23.93,79.93,0.8101,96.79,1507.89,3.58,48.5,1.01,Normal,0
13.703,9634.1,20.31,33.8,1.664,20.2,72.69,0.714,79.96,1534.66,0.0,52.57,2.91,Impeller_Fouling,1
11.064,9470.8,20.08,40.72,2.028,19.55,85.55,0.8023,112.97,1558.02,51.66,41.25,8.14,Mechanical_Vibration,1
8.266,9322.1,19.89,38.09,1.916,21.27,91.43,0.7019,105.07,1237.38,0.0,21.36,6.5,Combined_Fault,1
10.254,9682.3,19.44,41.41,2.13,17.19,86.52,0.8149,120.55,1516.83,16.91,36.61,1.1,Normal,0
12.761,9421.7,20.44,38.27,1.872,19.58,77.59,0.8003,99.07,1579.62,50.65,49.06,1.68,Normal,0
8.265,9203.2,19.72,42.25,2.143,20.9,90.25,0.8307,122.92,1223.07,0.0,21.36,1.82,Normal,0
8.782,9669.2,20.19,45.15,2.236,20.94,95.01,0.8268,130.68,1388.04,0.0,25.99,1.24,Normal,0
13.111,9317.0,20.17,36.73,1.821,20.44,74.52,0.8179,94.37,1512.73,11.15,50.42,7.22,Mechanical_Vibration,1
11.117,9733.5,20.47,42.15,2.06,21.66,87.37,0.8287,116.17,1558.62,0.0,41.53,1.44,Normal,0
11.349,9344.9,19.84,38.74,1.953,19.44,81.27,0.8056,106.28,1497.19,11.49,42.73,5.08,Mechanical_Vibration,1
13.374,9617.7,20.29,37.2,1.834,19.37,74.46,0.8109,95.31,1571.98,2.47,51.4,2.31,Normal,0
12.662,9581.8,20.22,38.33,1.895,18.24,76.55,0.8087,100.63,1575.55,11.12,48.67,1.83,Normal,0
6.989,9358.8,20.26,43.26,2.135,20.81,98.15,0.7494,123.67,1153.44,35.68,7.0,5.25,Surge_Risk,1
8.036,9421.0,19.88,43.89,2.207,19.9,91.56,0.8352,127.7,1228.71,0.0,19.11,1.05,Normal,0
10.077,9600.1,19.61,41.47,2.115,21.02,89.39,0.827,120.65,1470.04,0.0,35.5,8.49,Mechanical_Vibration,1
8.271,9695.2,19.88,45.1,2.268,20.97,98.94,0.8038,133.73,1376.0,36.59,21.41,2.2,Normal,0
10.323,9798.6,20.15,43.2,2.143,18.47,87.21,0.8313,121.92,1513.84,0.0,37.03,1.79,Normal,0
13.15,9387.7,19.7,36.03,1.829,21.04,75.15,0.8249,95.25,1518.43,0.0,50.57,1.79,Normal,0
14.735,9574.8,20.27,34.7,1.711,20.37,67.66,0.8303,83.76,1486.49,0.0,55.89,1.62,Normal,0
14.297,9624.4,19.66,34.56,1.758,19.17,68.34,0.8372,87.82,1499.83,0.0,54.54,1.3,Normal,0
8.173,9797.4,19.47,44.84,2.302,20.94,98.92,0.8182,136.14,1360.01,10.39,20.47,1.94,Normal,0
11.303,9606.5,20.14,41.0,2.036,19.76,83.96,0.8276,113.38,1548.35,0.0,42.49,1.39,Normal,0
12.736,9293.7,20.34,37.85,1.861,21.85,78.34,0.8182,98.62,1535.16,28.06,48.96,1.93,Normal,0
13.667,9702.4,20.13,36.86,1.831,22.0,75.9,0.8321,95.7,1571.86,0.0,52.44,1.68,Normal,0
14.249,9441.1,20.14,34.61,1.719,20.36,68.48,0.8233,84.52,1462.82,0.0,54.38,1.83,Normal,0
13.967,9413.0,19.8,34.49,1.742,19.78,68.32,0.8353,86.51,1446.52,0.0,53.46,2.21,Normal,0
13.418,9731.7,20.16,37.33,1.852,20.94,75.22,0.8399,97.26,1553.9,0.0,51.56,1.04,Normal,0
13.732,9738.4,20.07,36.63,1.825,20.11,75.5,0.8025,94.84,1622.76,29.56,52.66,2.37,Normal,0
9.276,9690.2,19.95,43.65,2.188,19.69,92.95,0.8092,126.49,1449.92,14.4,29.92,1.66,Normal,0
10.084,9361.1,19.57,36.8,1.88,19.31,86.87,0.701,101.05,1453.66,31.96,35.54,1.98,Impeller_Fouling,1
9.274,9353.9,20.34,42.92,2.11,18.29,85.32,0.8324,119.03,1326.17,0.0,29.91,2.21,Normal,0
11.744,9293.0,19.77,37.9,1.917,19.95,77.93,0.8322,102.93,1452.68,0.0,44.65,1.19,Normal,0
9.715,9548.4,19.71,41.98,2.13,20.03,89.61,0.8195,121.66,1442.35,0.15,33.1,1.43,Normal,0
12.875,9693.4,19.79,37.59,1.899,19.82,77.56,0.823,101.38,1586.02,0.0,49.51,1.93,Normal,0
13.681,9666.2,19.9,36.22,1.82,21.21,73.89,0.8396,94.36,1537.66,0.0,52.49,1.27,Normal,0
13.668,9493.6,20.21,36.63,1.812,19.92,73.69,0.8145,93.44,1568.06,38.34,52.44,2.2,Normal,0
6.164,9444.1,19.87,44.75,2.252,17.05,99.43,0.7498,131.8,1083.4,74.31,-5.45,3.94,Surge_Risk,1
9.409,9540.6,19.91,43.1,2.165,24.03,95.97,0.8221,126.19,1444.2,10.14,30.92,1.2,Normal,0
9.08,9542.5,19.71,42.64,2.163,19.12,88.78,0.833,123.82,1349.63,0.0,28.41,1.4,Normal,0
10.422,9756.3,20.02,42.46,2.121,20.67,88.82,0.8319,120.97,1515.42,0.0,37.63,1.78,Normal,0
9.344,9707.1,19.94,43.87,2.2,19.2,92.95,0.8087,127.26,1470.25,27.04,30.43,2.22,Normal,0
13.052,9349.8,20.07,36.26,1.806,20.56,74.73,0.8061,93.16,1508.38,0.0,50.2,1.13,Normal,0
14.159,9491.7,19.85,34.55,1.74,18.6,67.91,0.8187,86.15,1489.81,0.0,54.09,1.65,Normal,0
11.978,9656.3,19.99,39.46,1.974,18.18,78.03,0.84,107.26,1529.57,0.0,45.74,2.16,Normal,0
14.174,9302.4,20.35,34.48,1.695,20.21,67.14,0.8204,82.15,1419.29,0.0,54.14,1.7,Normal,0
13.674,9230.1,20.01,35.04,1.751,19.23,70.04,0.8064,87.43,1482.46,25.79,52.47,1.33,Normal,0
9.767,9229.8,19.89,40.92,2.057,19.15,86.09,0.8069,115.27,1395.21,27.92,33.45,1.53,Normal,0
13.209,9680.9,20.36,38.24,1.878,19.08,76.61,0.8095,99.37,1621.62,32.82,50.79,2.3,Normal,0
6.305,9432.4,20.46,44.6,2.18,20.15,98.76,0.7573,127.01,1057.49,19.98,-3.1,5.9,Surge_Risk,1
12.549,9600.7,20.32,39.02,1.92,19.83,79.45,0.8127,103.39,1596.52,18.52,48.21,2.19,Normal,0
9.771,9768.3,20.08,43.95,2.189,20.8,91.51,0.8385,126.5,1474.14,0.0,33.48,2.39,Normal,0
9.627,9387.1,20.37,42.71,2.097,19.09,87.37,0.8137,118.55,1402.54,9.59,32.48,2.17,Normal,0
8.233,9761.3,19.88,45.41,2.284,18.27,96.35,0.8028,133.74,1371.51,34.87,21.05,5.36,Mechanical_Vibration,1
11.097,9780.8,19.71,40.42,2.05,20.13,85.23,0.8265,114.8,1541.37,0.0,41.42,2.05,Normal,0
13.099,9652.3,20.22,34.16,1.69,20.25,77.07,0.6839,82.91,1588.15,0.0,50.38,2.1,Impeller_Fouling,1
14.069,9598.1,19.57,34.92,1.784,17.67,68.65,0.8273,89.99,1530.33,3.73,53.8,5.81,Mechanical_Vibration,1
13.617,9314.4,19.72,34.7,1.759,19.21,70.63,0.8048,88.3,1493.91,13.17,52.26,2.03,Normal,0
11.973,9518.9,19.98,39.19,1.961,17.22,78.04,0.8174,106.07,1553.67,17.25,45.71,1.48,Normal,0
11.766,9639.8,20.03,37.73,1.884,20.82,86.39,0.726,101.58,1646.38,64.24,44.76,2.36,Impeller_Fouling,1
11.048,9396.1,20.05,40.13,2.001,19.82,84.31,0.8047,110.75,1520.39,32.23,41.17,2.37,Normal,0
6.042,9328.8,20.04,44.03,2.198,18.98,96.4,0.7729,127.67,998.04,17.82,-7.58,3.76,Surge_Risk,1
13.531,9303.5,19.56,34.37,1.757,20.87,70.78,0.8295,88.34,1440.98,0.0,51.96,4.99,Mechanical_Vibration,1
12.098,9231.7,19.78,37.68,1.904,19.38,78.3,0.8101,101.84,1520.86,45.39,46.27,1.81,Normal,0
10.256,9415.5,20.11,41.36,2.057,20.65,87.26,0.8145,115.75,1457.49,4.51,36.62,1.29,Normal,0
9.349,9250.8,20.26,39.72,1.961,17.72,89.25,0.7067,107.85,1426.77,94.08,30.47,2.95,Impeller_Fouling,1
8.631,9430.8,19.29,41.83,2.168,17.2,87.08,0.828,123.47,1286.96,0.0,24.69,7.33,Mechanical_Vibration,1
8.929,9518.9,19.99,43.51,2.176,19.23,90.15,0.8263,125.03,1351.1,0.0,27.2,2.0,Normal,0
14.369,9241.1,20.11,33.91,1.686,18.56,64.37,0.8265,80.79,1404.64,0.0,54.76,1.11,Normal,0
13.503,9412.8,19.45,32.12,1.651,21.72,72.89,0.7228,78.93,1474.49,0.0,51.86,2.16,Impeller_Fouling,1
12.407,9263.5,19.73,36.59,1.854,17.32,73.74,0.8028,96.65,1493.71,17.47,47.61,1.22,Normal,0
13.955,9696.4,19.9,35.73,1.795,19.86,72.15,0.8223,91.74,1556.98,0.0,53.42,1.32,Normal,0
14.215,9501.5,20.09,34.76,1.73,19.62,68.52,0.8191,85.47,1483.37,0.0,54.27,7.58,Mechanical_Vibration,1
7.072,9518.8,20.43,45.41,2.223,18.9,100.61,0.7473,130.28,1232.87,82.49,8.09,4.85,Surge_Risk,1
9.558,9706.8,20.45,44.36,2.169,17.05,87.19,0.8253,123.51,1430.36,0.0,32.0,6.59,Mechanical_Vibration,1
8.075,9508.5,20.17,44.83,2.223,17.35,91.51,0.8109,128.3,1277.65,15.12,19.5,2.02,Normal,0
10.601,9407.5,20.1,41.05,2.042,21.56,86.84,0.8235,114.69,1476.47,0.0,38.69,5.78,Mechanical_Vibration,1
12.616,9794.2,20.02,38.76,1.936,19.5,80.53,0.8048,104.82,1643.11,15.55,48.48,1.43,Normal,0
10.727,9527.9,20.14,41.31,2.051,18.26,82.63,0.8303,114.04,1473.38,0.0,39.41,2.26,Normal,0
12.432,9250.5,19.79,36.75,1.857,19.66,75.08,0.8241,97.45,1470.08,0.0,47.72,1.03,Normal,0
10.737,9701.0,19.85,41.43,2.088,20.74,90.11,0.8015,118.64,1589.27,35.66,39.46,4.95,Mechanical_Vibration,1
7.879,9544.4,19.91,44.67,2.243,19.88,93.54,0.8315,130.68,1238.32,0.0,17.5,1.82,Normal,0
12.766,9438.6,19.99,37.44,1.873,20.06,77.38,0.8109,99.17,1561.26,25.33,49.08,2.27,Normal,0
13.627,9424.8,19.84,35.33,1.78,20.1,70.97,0.8322,90.33,1478.96,0.0,52.3,2.14,Normal,0
13.895,9758.2,19.82,35.84,1.808,19.83,74.17,0.8033,93.13,1610.78,21.23,53.22,1.3,Normal,0
10.141,9651.5,20.0,42.25,2.113,19.01,87.86,0.8158,119.83,1489.63,0.0,35.9,1.8,Normal,0
9.677,9683.3,20.03,43.47,2.171,19.09,90.85,0.8144,124.7,1481.72,15.62,32.83,1.57,Normal,0
12.291,9607.8,20.39,39.4,1.932,18.71,78.93,0.8104,104.12,1579.14,6.85,47.11,1.58,Normal,0
13.57,9344.3,19.81,35.35,1.784,21.46,73.9,0.8159,91.28,1518.2,16.44,52.1,1.22,Normal,0
8.369,9642.8,20.35,45.79,2.25,18.29,91.06,0.8397,130.38,1299.37,0.0,22.33,2.21,Normal,0
10.792,9373.7,20.46,41.09,2.009,23.42,88.33,0.8132,112.62,1494.68,6.44,39.77,1.79,Normal,0
13.257,9710.3,20.23,37.69,1.863,20.81,78.54,0.8006,98.62,1632.84,27.78,50.97,2.07,Normal,0
12.535,9351.8,19.83,37.22,1.877,21.35,78.15,0.8238,99.83,1519.07,0.0,48.15,1.84,Normal,0
13.18,9609.5,19.57,36.22,1.851,22.74,79.55,0.8091,98.07,1597.61,7.47,50.68,1.88,Normal,0
8.115,9648.2,20.19,41.8,2.071,20.43,96.22,0.7314,118.27,1312.28,2.89,19.9,2.47,Impeller_Fouling,1
8.371,9757.3,19.75,44.46,2.251,19.37,95.39,0.8103,131.44,1357.82,1.31,22.35,1.04,Normal,0
9.872,9578.8,20.36,43.35,2.129,16.69,84.78,0.8266,120.08,1434.15,0.0,34.15,1.79,Normal,0
10.646,9500.2,20.23,41.76,2.064,17.5,84.66,0.8043,115.27,1525.74,44.0,38.94,7.44,Mechanical_Vibration,1
13.345,9376.0,20.48,37.04,1.809,20.37,73.63,0.8203,93.22,1516.56,5.07,51.29,5.89,Mechanical_Vibration,1
12.236,9200.7,20.04,37.3,1.861,18.68,74.17,0.8237,97.52,1448.64,0.0,46.88,1.02,Normal,0
10.199,9637.3,20.29,43.01,2.12,18.13,88.1,0.8054,120.24,1522.66,32.52,36.27,1.14,Normal,0
7.8,9441.2,20.16,44.94,2.229,21.32,94.99,0.8285,130.22,1225.99,0.0,16.67,1.5,Normal,0
14.503,9352.7,20.01,31.33,1.566,19.55,64.84,0.7196,69.54,1401.52,0.0,55.18,1.92,Impeller_Fouling,1
9.482,9529.3,20.35,43.48,2.136,17.62,88.41,0.8038,121.41,1432.19,25.41,31.45,1.25,Normal,0
14.769,9792.4,19.93,32.42,1.627,22.13,71.91,0.7208,76.56,1568.66,17.63,55.99,2.26,Impeller_Fouling,1
10.007,9383.4,19.38,39.98,2.063,22.51,90.71,0.8053,117.18,1456.06,18.83,35.04,1.89,Normal,0
6.98,9277.0,20.43,43.78,2.142,21.05,95.06,0.7836,123.74,1102.09,0.0,6.87,5.33,Surge_Risk,1
13.75,9571.5,19.89,35.79,1.8,17.39,70.49,0.8078,91.53,1557.85,24.2,52.73,1.82,Normal,0
9.436,9524.8,19.75,42.18,2.135,20.29,89.61,0.8255,122.1,1395.65,0.0,31.12,2.15,Normal,0
9.954,9224.9,20.49,42.14,2.056,19.97,85.49,0.8245,115.27,1391.63,8.12,34.7,1.51,Normal,0
6.723,9584.6,20.14,45.57,2.262,17.95,100.1,0.7579,132.85,1178.5,65.81,3.32,3.55,Surge_Risk,1
10.572,9389.5,19.96,40.86,2.047,18.46,82.69,0.8303,113.79,1448.84,0.0,38.51,1.64,Normal,0
10.445,9447.4,20.05,37.13,1.851,18.53,89.23,0.655,98.8,1575.6,113.41,37.77,7.02,Combined_Fault,1
8.606,9297.2,19.48,41.35,2.123,18.97,86.48,0.8353,120.33,1239.68,0.0,24.47,1.92,Normal,0
14.384,9465.2,19.66,32.06,1.631,19.21,68.42,0.7254,76.16,1510.13,29.67,54.81,2.01,Impeller_Fouling,1
10.167,9486.4,20.04,42.16,2.103,22.18,92.32,0.8051,120.49,1521.62,49.85,36.07,1.55,Normal,0
11.667,9297.6,19.79,38.29,1.935,21.01,80.75,0.8238,105.0,1486.92,0.0,44.29,1.48,Normal,0
14.156,9681.8,20.26,36.02,1.778,18.78,70.4,0.8159,89.86,1559.27,9.83,54.08,1.41,Normal,0
8.364,9286.1,19.94,43.01,2.157,18.28,87.0,0.8376,122.82,1226.5,0.0,22.29,2.16,Normal,0
13.284,9248.1,20.37,34.51,1.694,23.41,79.74,0.6994,84.07,1596.85,102.19,51.07,1.97,Impeller_Fouling,1
14.352,9725.1,19.9,34.6,1.739,20.65,69.7,0.8269,86.53,1501.84,0.0,54.71,1.67,Normal,0
10.879,9685.8,19.85,41.12,2.071,21.27,87.71,0.8258,117.06,1542.19,0.0,40.25,1.84,Normal,0
8.139,9741.4,19.96,45.43,2.276,18.06,92.58,0.8328,132.41,1293.93,0.0,20.13,2.16,Normal,0
13.582,9552.8,20.29,36.88,1.818,19.16,72.34,0.8253,93.64,1541.11,0.0,52.14,1.58,Normal,0
12.18,9774.8,20.34,40.56,1.994,23.41,86.75,0.8229,111.22,1646.17,5.43,46.63,1.26,Normal,0
9.387,9235.8,20.35,42.28,2.078,20.83,87.41,0.8267,117.44,1333.64,0.0,30.76,1.23,Normal,0
10.585,9310.7,19.8,39.67,2.004,19.28,82.41,0.8205,110.51,1425.69,0.0,38.59,1.68,Normal,0
8.234,9429.7,19.95,44.13,2.212,20.28,95.49,0.8028,128.83,1321.29,44.79,21.06,2.23,Normal,0
8.119,9534.7,20.47,45.35,2.215,20.26,92.11,0.8378,128.43,1244.59,0.0,19.94,2.18,Normal,0
14.727,9378.0,19.59,32.97,1.683,20.18,66.02,0.8274,80.93,1440.48,3.56,55.86,1.11,Normal,0
11.228,9202.5,19.47,38.18,1.96,21.73,83.52,0.8166,107.66,1480.18,23.74,42.11,1.03,Normal,0
6.41,9401.2,20.03,43.69,2.181,20.76,99.34,0.7597,127.37,1074.74,25.91,-1.4,3.74,Surge_Risk,1
11.126,9307.4,20.16,39.79,1.974,21.56,82.35,0.8369,108.56,1443.13,0.0,41.58,1.49,Normal,0
10.595,9669.5,19.91,41.73,2.096,20.07,88.27,0.8164,118.81,1541.95,8.09,38.65,2.37,Normal,0
6.546,9308.5,19.85,43.51,2.192,21.62,99.9,0.7689,128.43,1093.37,39.14,0.7,5.51,Surge_Risk,1
10.711,9719.9,20.04,42.14,2.103,19.45,87.34,0.8219,119.06,1551.47,1.48,39.31,2.4,Normal,0
8.911,9281.1,19.38,41.37,2.135,18.55,86.31,0.838,121.15,1288.32,0.0,27.06,2.23,Normal,0
10.729,9744.2,20.34,43.06,2.117,18.25,87.24,0.8143,119.87,1579.31,28.59,39.41,1.23,Normal,0
12.996,9483.0,20.46,38.3,1.872,23.14,81.79,0.801,100.23,1626.24,64.65,49.98,1.5,Normal,0
11.772,9668.1,19.59,39.31,2.006,20.65,83.25,0.8318,111.12,1572.43,0.0,44.78,1.68,Normal,0
11.396,9279.9,20.37,39.39,1.934,19.2,79.53,0.8115,104.45,1466.8,0.0,42.96,1.01,Normal,0
11.894,9497.7,20.25,39.55,1.953,18.64,77.74,0.8377,105.63,1499.88,0.0,45.35,1.13,Normal,0
14.076,9575.4,19.68,35.03,1.781,16.72,68.65,0.8079,89.51,1559.68,44.41,53.82,1.03,Normal,0
13.471,9717.0,20.23,37.55,1.856,20.28,76.25,0.8172,97.6,1608.9,10.9,51.75,1.8,Normal,0
9.945,9308.5,20.05,41.17,2.053,18.75,84.07,0.8222,114.59,1386.06,0.0,34.64,1.82,Normal,0
9.003,9455.9,19.82,42.58,2.149,20.3,90.7,0.8207,123.29,1352.39,0.0,27.8,1.56,Normal,0
7.941,9687.1,19.77,45.16,2.284,21.6,100.4,0.8046,135.28,1335.07,32.77,18.15,8.08,Mechanical_Vibration,1
14.322,9475.1,20.48,35.19,1.718,21.13,68.34,0.8399,84.59,1442.53,0.0,54.62,2.23,Normal,0
9.345,9229.5,20.25,42.08,2.078,20.5,88.95,0.8055,117.64,1364.68,24.44,30.44,2.2,Normal,0
6.988,9500.0,19.72,43.24,2.193,21.14,100.91,0.7556,128.61,1189.38,44.55,6.98,4.02,Surge_Risk,1
13.273,9785.9,20.14,37.75,1.874,20.28,76.24,0.8306,99.18,1584.92,0.0,51.03,1.94,Normal,0
9.985,9637.6,19.93,42.58,2.137,17.94,87.56,0.8171,121.37,1483.19,9.39,34.9,1.9,Normal,0
9.19,9647.1,19.87,43.49,2.188,17.87,88.53,0.8313,125.33,1385.52,0.0,29.27,2.05,Normal,0
10.437,9738.2,20.19,42.93,2.127,19.49,89.66,0.8102,121.3,1562.58,24.72,37.72,5.03,Mechanical_Vibration,1
13.462,9491.7,19.93,36.31,1.822,19.32,72.07,0.835,93.98,1515.14,0.0,51.72,2.2,Normal,0
12.578,9658.8,19.89,38.16,1.918,20.67,80.59,0.8099,103.55,1608.1,10.12,48.32,6.65,Mechanical_Vibration,1
13.417,9587.4,19.74,36.46,1.847,20.04,74.27,0.8345,96.54,1552.22,0.0,51.55,2.05,Normal,0
8.722,9687.2,19.69,41.15,2.091,19.79,96.77,0.7294,119.8,1432.56,51.5,25.47,2.75,Impeller_Fouling,1
12.822,9351.4,20.08,37.12,1.848,19.9,75.27,0.819,96.75,1514.74,3.03,49.31,2.19,Normal,0
9.124,9430.0,20.08,43.51,2.166,19.5,89.79,0.8288,124.3,1368.39,6.59,28.76,1.65,Normal,0
13.672,9697.2,20.07,36.87,1.838,20.8,75.2,0.8268,95.98,1587.07,0.0,52.46,1.98,Normal,0
10.654,9417.8,20.09,41.09,2.045,20.91,85.17,0.8355,114.54,1460.77,0.0,38.99,1.38,Normal,0
6.511,9349.3,20.36,43.75,2.148,19.79,97.85,0.747,124.42,1084.51,34.43,0.17,4.86,Surge_Risk,1
11.444,9785.5,20.08,40.94,2.039,17.85,82.66,0.8176,113.07,1582.54,0.0,43.2,2.23,Normal,0
9.55,9503.3,19.72,38.65,1.961,20.04,98.41,0.6559,109.67,1596.84,178.69,31.94,7.38,Combined_Fault,1
13.542,9449.1,20.35,36.38,1.788,19.43,70.98,0.8259,90.85,1489.49,0.0,52.0,1.36,Normal,0
14.77,9651.3,19.42,33.21,1.71,16.97,64.41,0.8174,82.74,1495.09,7.63,55.99,2.29,Normal,0
14.205,9407.0,19.65,33.84,1.722,19.39,66.88,0.8338,84.49,1439.51,0.0,54.24,1.17,Normal,0
8.634,9240.6,20.13,42.81,2.127,20.48,89.91,0.8205,121.54,1278.93,0.63,24.72,1.49,Normal,0
8.049,9424.9,20.36,45.14,2.217,21.21,93.18,0.8398,128.95,1235.97,0.0,19.25,1.48,Normal,0
13.862,9466.5,19.89,33.09,1.664,20.16,75.4,0.6807,80.24,1634.08,118.65,53.11,2.45,Impeller_Fouling,1
6.323,9793.3,20.51,48.07,2.344,20.48,106.27,0.7669,140.37,1157.34,55.18,-2.8,5.64,Surge_Risk,1
10.624,9258.4,20.0,40.29,2.015,18.54,83.03,0.8094,111.38,1461.99,35.54,38.82,2.15,Normal,0
8.277,9402.4,19.73,42.78,2.168,18.82,91.07,0.8075,124.48,1276.02,6.97,21.47,1.58,Normal,0
14.474,9426.1,20.12,34.3,1.705,16.89,64.98,0.8024,82.34,1485.2,32.83,55.09,1.42,Normal,0
8.657,9378.8,19.77,38.65,1.955,19.26,88.88,0.7244,107.62,1286.1,0.0,24.92,1.9,Impeller_Fouling,1
8.345,9745.7,20.12,45.78,2.275,19.3,93.58,0.8382,132.85,1322.61,0.0,22.11,1.24,Normal,0
7.215,9712.4,19.9,45.09,2.266,20.01,99.66,0.7855,133.48,1226.14,16.5,9.91,5.72,Surge_Risk,1
10.553,9319.5,19.92,40.04,2.01,18.51,81.69,0.8218,110.77,1422.54,0.0,38.41,1.22,Normal,0
13.375,9614.7,19.87,36.44,1.834,18.65,72.28,0.8296,94.92,1530.37,0.0,51.4,1.77,Normal,0
9.718,9252.5,20.11,41.09,2.044,18.1,81.46,0.8382,113.31,1313.6,0.0,33.11,2.34,Normal,0
13.145,9411.4,20.14,36.84,1.829,19.8,75.21,0.8043,95.1,1554.11,31.58,50.55,2.09,Normal,0
14.366,9405.6,20.05,34.44,1.718,18.24,65.15,0.8367,83.75,1437.93,0.0,54.76,2.24,Normal,0
10.292,9575.3,19.69,41.52,2.109,18.34,87.77,0.8059,119.39,1524.56,42.05,36.84,1.53,Normal,0
12.3,9279.4,20.09,37.6,1.871,19.08,75.13,0.824,98.55,1470.93,0.0,47.15,1.97,Normal,0
13.407,9417.5,19.88,36.17,1.82,20.8,75.67,0.8072,94.51,1569.61,46.61,51.52,1.04,Normal,0
9.486,9614.0,19.72,42.62,2.161,19.45,90.75,0.8155,124.05,1442.97,7.41,31.48,1.11,Normal,0
7.842,9288.3,19.87,43.24,2.177,19.6,91.77,0.8145,125.43,1207.62,6.06,17.12,8.23,Mechanical_Vibration,1
11.678,9297.0,19.82,38.61,1.948,20.48,81.42,0.816,106.1,1518.4,29.2,44.34,5.52,Mechanical_Vibration,1
13.119,9299.7,19.94,36.32,1.822,20.89,75.43,0.8136,94.67,1526.55,27.37,50.45,1.07,Normal,0
7.195,9354.2,20.06,42.96,2.142,17.7,93.24,0.7612,122.68,1159.58,28.88,9.66,5.9,Surge_Risk,1
11.783,9466.9,19.95,39.02,1.956,16.71,76.7,0.8229,105.33,1508.25,0.0,44.83,7.8,Mechanical_Vibration,1
13.358,9405.1,20.29,36.99,1.823,19.67,72.35,0.8376,94.16,1501.46,0.0,51.34,2.13,Normal,0
12.516,9707.0,20.18,39.15,1.94,19.17,79.26,0.818,104.89,1604.93,2.49,48.07,2.05,Normal,0
6.709,9414.2,19.72,42.89,2.176,20.73,100.11,0.7502,127.07,1136.4,45.22,3.12,5.37,Surge_Risk,1
11.475,9489.6,19.78,39.23,1.983,16.12,77.5,0.8212,107.56,1503.02,0.0,43.36,5.26,Mechanical_Vibration,1
8.872,9323.6,19.6,41.86,2.136,21.44,90.72,0.8291,122.57,1311.54,0.0,26.74,1.84,Normal,0
8.279,9638.8,19.53,43.8,2.242,21.3,94.83,0.8359,131.14,1298.88,0.0,21.49,2.14,Normal,0
10.18,9558.4,19.81,37.63,1.9,19.1,83.78,0.7409,102.23,1404.74,0.0,36.15,2.89,Impeller_Fouling,1
12.746,9708.5,19.4,37.01,1.908,19.58,77.82,0.8214,102.08,1583.99,0.0,49.0,1.89,Normal,0
12.468,9317.9,20.16,35.75,1.774,17.18,76.57,0.7105,90.03,1579.92,90.05,47.87,2.81,Impeller_Fouling,1
12.883,9758.1,19.58,37.59,1.92,20.29,80.65,0.8049,103.65,1659.08,37.97,49.54,1.79,Normal,0
14.589,9560.3,19.53,33.26,1.703,19.4,66.14,0.8291,82.67,1454.63,0.0,55.45,2.29,Normal,0
12.164,9657.3,19.68,39.26,1.995,20.57,83.23,0.8241,110.18,1626.23,32.46,46.56,1.47,Normal,0
8.395,9511.6,19.72,43.4,2.201,20.83,94.16,0.8174,127.9,1313.41,0.0,22.57,1.92,Normal,0
14.33,9462.6,20.11,34.29,1.705,17.45,63.5,0.8369,82.24,1408.1,0.0,54.64,2.03,Normal,0
7.884,9222.0,20.01,43.18,2.158,16.88,87.31,0.8166,122.71,1184.78,2.96,17.55,7.54,Mechanical_Vibration,1
11.184,9491.0,20.6,41.31,2.005,20.57,84.34,0.8172,111.2,1521.99,0.0,41.88,1.27,Normal,0
8.169,9502.9,20.16,44.73,2.219,18.52,90.56,0.8334,128.1,1255.7,0.0,20.43,1.17,Normal,0
10.752,9227.1,20.29,40.75,2.008,19.68,84.76,0.8016,111.3,1492.94,61.85,39.55,1.8,Normal,0
8.496,9399.5,19.64,42.61,2.169,18.98,89.09,0.8307,124.25,1270.91,0.0,23.5,2.35,Normal,0
6.371,9782.0,20.07,46.16,2.3,21.52,104.89,0.7715,137.24,1133.21,22.09,-2.03,4.71,Surge_Risk,1
8.194,9654.7,19.76,44.6,2.257,18.27,93.85,0.8146,131.37,1321.42,11.43,20.67,6.82,Mechanical_Vibration,1
11.403,9349.8,20.19,39.57,1.96,21.4,84.13,0.804,107.62,1526.41,27.57,43.0,1.02,Normal,0
12.582,9778.2,20.34,39.44,1.939,17.55,75.75,0.8373,103.98,1562.47,0.0,48.34,1.81,Normal,0
14.095,9659.8,20.05,35.65,1.778,21.44,72.9,0.8249,90.56,1547.35,0.0,53.88,1.18,Normal,0
9.088,9385.8,20.19,42.76,2.118,21.69,90.07,0.8303,121.13,1325.92,0.0,28.48,1.86,Normal,0
14.693,9224.2,19.96,32.63,1.635,19.46,63.52,0.8084,76.01,1381.5,0.0,55.76,1.18,Normal,0
7.947,9322.1,19.9,43.71,2.196,22.21,97.32,0.8014,128.43,1273.64,42.76,18.21,2.24,Normal,0
13.607,9252.0,19.94,35.13,1.761,21.29,73.15,0.8053,89.11,1505.58,30.38,52.23,2.31,Normal,0
14.367,9650.9,20.04,35.34,1.763,20.63,72.07,0.811,89.02,1577.05,39.55,54.76,2.07,Normal,0
6.083,9757.6,19.74,45.28,2.294,20.89,105.28,0.7594,136.72,1095.19,32.91,-6.86,4.26,Surge_Risk,1
10.44,9789.8,19.85,38.4,1.934,22.03,92.16,0.7141,106.86,1562.27,0.0,37.74,8.48,Combined_Fault,1
12.057,9308.4,20.22,38.34,1.896,21.72,80.05,0.8178,101.78,1500.63,0.0,46.09,2.04,Normal,0
8.976,9337.0,19.96,42.37,2.122,19.52,89.09,0.8142,120.86,1332.46,4.9,27.59,1.82,Normal,0
10.735,9730.6,19.97,41.67,2.087,20.46,87.29,0.828,118.06,1530.65,0.0,39.45,1.58,Normal,0
14.653,9502.8,19.93,34.04,1.708,20.15,68.03,0.8168,83.44,1496.89,21.92,55.64,2.0,Normal,0
11.126,9549.2,20.0,40.61,2.03,20.57,85.76,0.8154,113.42,1547.46,13.17,41.58,2.35,Normal,0
10.72,9618.3,19.81,41.19,2.079,19.95,85.66,0.8351,117.09,1503.04,0.0,39.37,1.78,Normal,0
11.086,9232.8,19.88,39.13,1.968,20.02,80.4,0.8343,107.49,1428.21,0.0,41.37,1.43,Normal,0
11.101,9315.6,19.9,35.78,1.798,18.92,81.64,0.6959,93.14,1485.69,19.91,41.45,2.27,Impeller_Fouling,1
11.022,9764.0,19.67,41.01,2.085,19.91,87.13,0.8213,117.79,1580.83,0.43,41.03,5.84,Mechanical_Vibration,1
12.041,9310.6,19.87,37.94,1.909,19.28,77.86,0.8171,102.13,1505.05,10.53,46.02,1.04,Normal,0
11.139,9670.1,19.96,41.19,2.063,21.4,88.41,0.8156,116.6,1592.48,22.38,41.65,2.3,Normal,0
14.512,9777.2,19.61,34.53,1.761,15.49,66.27,0.8057,87.29,1572.25,39.21,55.21,1.81,Normal,0
8.185,9369.5,19.83,38.3,1.931,17.64,88.53,0.6963,105.31,1237.92,0.0,20.58,5.62,Combined_Fault,1
8.409,9463.7,19.57,43.09,2.201,20.11,93.82,0.8121,127.72,1322.44,20.87,22.7,2.27,Normal,0
9.603,9203.7,19.54,40.31,2.064,20.07,86.56,0.818,116.05,1362.41,9.29,32.32,1.97,Normal,0
8.984,9639.9,20.5,45.14,2.202,23.42,95.33,0.8391,128.74,1378.45,0.0,27.65,1.84,Normal,0
14.732,9336.4,20.29,33.91,1.671,22.8,68.54,0.8245,80.46,1437.74,0.0,55.88,1.52,Normal,0
10.823,9663.3,19.9,41.61,2.091,18.3,84.52,0.8313,117.44,1529.06,0.0,39.94,1.81,Normal,0
11.332,9405.2,19.98,39.72,1.988,19.12,82.26,0.8104,109.19,1526.76,28.08,42.64,1.01,Normal,0
11.798,9589.0,19.27,33.92,1.76,20.89,79.36,0.7191,89.72,1472.08,0.0,44.91,7.28,Combined_Fault,1
8.447,9720.8,20.41,46.26,2.267,20.93,97.27,0.8183,133.28,1375.81,11.44,23.05,1.34,Normal,0
10.904,9780.0,19.93,38.07,1.91,21.14,93.95,0.6757,104.97,1694.03,109.06,40.39,7.75,Combined_Fault,1
10.009,9364.1,19.93,41.11,2.063,19.8,86.05,0.8196,115.86,1414.84,0.0,35.06,1.45,Normal,0
14.683,9315.4,19.67,33.05,1.68,16.81,63.03,0.8097,79.85,1448.06,40.08,55.73,1.85,Normal,0
12.977,9253.1,20.24,36.81,1.818,19.31,73.74,0.8084,93.88,1507.04,25.84,49.91,2.18,Normal,0
8.736,9218.2,19.97,42.44,2.126,21.81,89.88,0.8381,121.73,1268.85,0.0,25.6,1.76,Normal,0
10.678,9275.4,19.62,39.12,1.994,18.52,80.37,0.8282,109.28,1408.99,0.0,39.13,1.3,Normal,0
13.401,9420.0,20.07,36.25,1.806,19.9,73.83,0.8072,92.9,1542.14,22.99,51.5,5.79,Mechanical_Vibration,1
10.318,9503.6,19.88,37.84,1.903,20.74,87.22,0.7281,103.27,1463.46,0.0,37.0,1.89,Impeller_Fouling,1
12.654,9620.9,20.1,38.41,1.911,19.97,77.77,0.8306,102.44,1560.45,0.0,48.63,1.43,Normal,0
6.901,9687.0,19.88,44.41,2.233,17.32,94.23,0.7894,129.54,1132.47,0.0,5.81,5.16,Surge_Risk,1
11.121,9565.8,20.11,41.03,2.041,22.34,88.62,0.8134,115.02,1572.74,25.22,41.55,1.8,Normal,0
11.244,9579.0,20.05,40.59,2.025,19.02,83.84,0.8124,112.36,1555.04,16.19,42.19,1.25,Normal,0
8.733,9502.5,19.71,43.12,2.188,18.73,89.04,0.8371,125.58,1310.05,0.0,25.57,1.15,Normal,0
12.307,9665.5,20.18,39.53,1.959,20.89,81.07,0.8334,107.01,1580.3,0.0,47.19,1.81,Normal,0
12.273,9587.8,20.43,39.28,1.923,16.26,76.05,0.8033,102.47,1565.56,11.84,47.04,1.76,Normal,0
8.53,9280.0,19.86,42.65,2.147,21.49,93.56,0.8058,123.92,1311.77,30.84,23.8,2.23,Normal,0
13.876,9516.9,19.76,35.01,1.772,19.88,70.21,0.8331,89.46,1490.06,0.0,53.16,1.16,Normal,0
10.495,9229.6,20.05,40.11,2.001,19.09,80.61,0.8377,109.96,1377.61,0.0,38.07,1.85,Normal,0
6.358,9701.0,19.84,45.06,2.27,20.51,102.08,0.772,134.36,1106.54,14.95,-2.24,5.99,Surge_Risk,1
12.677,9358.1,20.08,37.47,1.866,19.75,75.3,0.829,98.26,1502.51,0.0,48.73,1.91,Normal,0
10.336,9277.0,20.27,41.24,2.035,19.81,83.52,0.8331,113.24,1404.99,0.0,37.11,1.98,Normal,0
14.3,9475.6,19.97,34.62,1.733,19.05,67.6,0.8256,85.53,1481.3,0.0,54.55,1.09,Normal,0
12.578,9783.5,19.51,37.63,1.928,19.47,78.36,0.8265,103.85,1580.42,0.0,48.32,2.0,Normal,0
8.079,9360.9,19.81,42.95,2.168,19.44,90.26,0.8239,124.5,1220.78,0.0,19.54,1.11,Normal,0
13.672,9602.5,19.44,35.39,1.82,19.17,71.78,0.8351,93.73,1534.61,0.0,52.46,1.34,Normal,0
11.625,9530.3,19.95,39.66,1.988,21.77,86.1,0.8037,110.31,1595.67,41.03,44.09,1.26,Normal,0
8.143,9312.9,20.37,44.28,2.173,21.72,93.44,0.8229,125.92,1246.03,0.0,20.18,2.15,Normal,0
7.986,9396.0,20.27,44.84,2.212,17.44,89.26,0.8294,127.11,1223.92,0.0,18.61,2.04,Normal,0
8.709,9605.1,20.46,45.0,2.199,19.13,91.02,0.827,126.87,1335.93,0.0,25.36,2.2,Normal,0
13.49,9777.6,19.71,36.95,1.874,20.7,77.29,0.8232,99.39,1628.79,12.85,51.82,1.98,Normal,0
9.999,9700.7,20.14,43.38,2.155,19.31,88.12,0.8383,123.08,1468.08,0.0,34.99,1.05,Normal,0
9.448,9547.9,20.13,43.35,2.153,18.77,89.12,0.8198,123.05,1418.17,4.45,31.2,1.7,Normal,0
8.897,9747.1,19.86,44.18,2.225,20.59,94.01,0.8273,129.6,1393.77,0.0,26.94,1.83,Normal,0
14.689,9652.9,19.87,33.94,1.708,17.21,64.93,0.8117,82.65,1495.62,0.0,55.75,1.79,Normal,0
8.524,9351.4,19.66,42.52,2.162,19.68,90.69,0.8197,124.19,1291.49,3.8,23.75,8.16,Mechanical_Vibration,1
12.538,9301.2,19.99,37.11,1.857,20.73,77.46,0.809,97.93,1517.59,13.74,48.16,5.14,Mechanical_Vibration,1
8.79,9286.3,19.77,39.19,1.983,19.73,95.19,0.6891,110.95,1415.14,115.22,26.05,2.08,Impeller_Fouling,1
11.561,9258.6,19.77,38.43,1.944,19.27,78.84,0.8271,105.13,1469.54,0.0,43.78,1.96,Normal,0
13.627,9577.2,20.24,36.81,1.818,19.83,72.15,0.8397,93.73,1521.17,0.0,52.3,1.94,Normal,0
13.265,9788.0,19.78,37.17,1.879,21.11,77.05,0.8364,99.83,1583.28,0.0,51.0,1.54,Normal,0
13.135,9578.4,19.57,36.48,1.864,17.1,71.43,0.8374,97.08,1522.61,0.0,50.51,1.35,Normal,0
12.847,9240.4,20.15,36.73,1.823,20.62,75.4,0.8103,94.72,1501.88,15.94,49.41,2.01,Normal,0
13.561,9216.9,20.36,35.6,1.748,17.86,68.11,0.8094,86.77,1453.86,3.37,52.07,1.83,Normal,0
9.28,9264.5,20.43,39.32,1.924,21.19,95.48,0.6712,106.4,1471.09,125.21,29.96,8.86,Combined_Fault,1
14.642,9749.5,19.86,34.49,1.737,22.18,70.64,0.8386,86.71,1514.09,0.0,55.61,1.23,Normal,0
10.448,9379.7,19.93,37.3,1.872,19.25,87.88,0.6862,100.48,1530.0,80.53,37.79,3.17,Impeller_Fouling,1
13.546,9577.8,19.7,31.73,1.61,19.55,71.53,0.6725,74.58,1502.25,0.0,52.02,5.23,Combined_Fault,1
13.701,9272.2,20.18,35.63,1.766,20.21,71.25,0.8178,89.07,1492.2,20.68,52.56,1.24,Normal,0
11.544,9416.7,20.23,39.82,1.968,19.08,78.85,0.8398,107.1,1472.09,0.0,43.69,1.66,Normal,0
14.006,9689.6,20.34,36.83,1.811,19.53,73.0,0.8164,93.14,1597.87,33.89,53.59,1.58,Normal,0
12.952,9286.6,20.33,37.19,1.829,19.48,74.22,0.8128,94.93,1512.81,21.66,49.82,1.71,Normal,0
6.187,9297.5,19.93,42.83,2.149,21.55,100.9,0.7404,125.35,1047.39,43.63,-5.06,4.97,Surge_Risk,1
12.826,9473.2,19.94,37.1,1.86,20.01,76.15,0.8177,97.94,1536.26,0.0,49.32,2.14,Normal,0
13.61,9553.1,20.19,36.42,1.803,19.0,71.97,0.8166,92.3,1538.23,0.0,52.24,1.36,Normal,0
9.23,9720.2,19.85,43.39,2.186,22.92,95.3,0.8251,127.42,1425.36,0.0,29.58,1.79,Normal,0
6.762,9750.1,19.29,43.49,2.254,19.66,101.08,0.7646,132.83,1174.71,20.69,3.88,4.66,Surge_Risk,1
11.531,9347.5,20.35,39.87,1.96,19.63,80.73,0.8189,106.77,1503.47,9.96,43.63,6.81,Mechanical_Vibration,1
10.928,9277.6,19.8,39.18,1.979,19.63,80.71,0.8311,108.31,1424.15,0.0,40.52,1.57,Normal,0
8.389,9756.0,19.88,45.45,2.286,19.04,93.61,0.8394,133.56,1334.9,0.0,22.52,1.93,Normal,0
9.023,9371.2,19.77,37.74,1.909,20.3,89.82,0.7018,104.1,1338.44,0.0,27.97,7.87,Combined_Fault,1
8.35,9666.1,20.26,45.85,2.263,22.35,99.77,0.8099,133.81,1379.54,31.11,22.16,7.33,Mechanical_Vibration,1
9.44,9327.2,19.83,41.39,2.088,18.81,87.79,0.8008,117.86,1389.44,26.79,31.15,2.23,Normal,0
12.562,9779.4,19.68,38.37,1.949,18.13,77.29,0.833,105.16,1585.77,0.0,48.26,2.11,Normal,0
10.381,9569.8,19.95,41.58,2.084,20.19,86.56,0.8308,117.64,1470.0,0.0,37.39,2.14,Normal,0
6.629,9440.2,19.97,44.49,2.228,20.88,98.98,0.7849,130.78,1104.58,18.96,1.95,3.72,Surge_Risk,1
13.436,9761.9,20.12,37.52,1.865,20.82,76.14,0.834,98.44,1585.8,0.0,51.62,1.07,Normal,0
7.919,9289.9,19.99,43.75,2.189,23.58,94.97,0.8384,127.71,1206.2,0.0,17.92,1.06,Normal,0
12.462,9285.8,20.01,37.34,1.866,19.59,75.44,0.8247,98.27,1484.94,0.0,47.84,6.5,Mechanical_Vibration,1
13.156,9499.4,19.92,36.64,1.839,20.32,75.26,0.8194,96.06,1542.21,0.0,50.59,1.21,Normal,0
8.9,9589.0,20.03,43.81,2.187,19.82,90.22,0.8385,125.95,1336.96,0.0,26.97,1.88,Normal,0
11.313,9351.9,20.01,36.49,1.824,20.78,86.57,0.6864,96.36,1588.21,95.3,42.54,5.53,Combined_Fault,1
13.773,9528.1,20.12,36.06,1.792,18.7,69.79,0.8342,90.94,1501.38,0.0,52.81,1.14,Normal,0
12.84,9254.4,20.15,36.53,1.813,19.44,73.95,0.804,93.52,1493.36,9.6,49.38,2.1,Normal,0
7.136,9340.2,20.32,44.21,2.176,18.1,97.24,0.7463,126.03,1204.94,82.6,8.91,4.98,Surge_Risk,1
6.987,9276.3,20.17,43.21,2.142,18.23,95.75,0.7453,123.28,1155.65,62.99,6.96,5.54,Surge_Risk,1
10.559,9761.7,19.94,42.25,2.119,20.97,88.91,0.8339,120.89,1530.7,0.0,38.44,1.69,Normal,0
10.625,9483.1,20.3,38.5,1.897,19.95,88.44,0.7033,102.78,1552.6,63.81,38.82,2.6,Impeller_Fouling,1
8.548,9343.0,19.98,43.04,2.154,22.18,94.39,0.8096,124.72,1316.92,17.65,23.96,1.24,Normal,0
10.296,9476.4,20.07,41.22,2.054,20.73,86.91,0.8179,115.5,1453.91,0.0,36.87,2.35,Normal,0
13.117,9426.4,19.78,36.58,1.849,18.78,74.79,0.8082,96.58,1567.37,45.64,50.44,1.47,Normal,0
13.768,9538.2,19.9,35.51,1.785,20.99,73.92,0.8079,91.25,1554.95,11.94,52.79,2.22,Normal,0
8.686,9411.5,19.77,42.6,2.155,21.74,94.33,0.8054,124.73,1345.37,19.24,25.17,5.53,Mechanical_Vibration,1
11.614,9766.3,20.0,40.71,2.036,19.91,85.87,0.8081,113.74,1634.7,29.15,44.03,7.4,Mechanical_Vibration,1
7.827,9595.3,19.91,45.11,2.266,20.22,94.16,0.84,132.52,1234.92,0.0,16.96,1.71,Normal,0
13.094,9380.0,20.15,36.7,1.821,19.3,72.92,0.8216,94.0,1498.12,0.0,50.36,1.11,Normal,0
12.262,9210.8,19.95,36.84,1.847,18.68,73.36,0.8241,96.15,1430.76,0.0,46.99,5.2,Mechanical_Vibration,1
11.212,9725.6,19.87,40.99,2.063,19.16,84.81,0.825,115.57,1570.51,0.0,42.02,2.32,Normal,0
9.111,9547.9,19.84,43.25,2.18,20.09,93.86,0.8013,126.14,1434.3,44.42,28.66,1.19,Normal,0
10.406,9701.6,20.24,42.67,2.109,19.29,88.53,0.8102,119.69,1537.37,11.58,37.54,1.68,Normal,0
11.384,9444.4,19.87,36.6,1.842,20.23,83.98,0.7169,97.52,1548.55,32.23,42.9,2.04,Impeller_Fouling,1
8.614,9318.6,20.22,43.23,2.138,17.47,85.07,0.8388,120.97,1242.38,0.0,24.54,1.19,Normal,0
14.362,9287.4,20.24,31.16,1.539,21.49,64.64,0.7284,67.07,1322.35,0.0,54.74,2.14,Impeller_Fouling,1
12.352,9705.3,20.34,40.12,1.972,18.84,81.8,0.8027,107.82,1659.11,59.88,47.38,8.31,Mechanical_Vibration,1
11.276,9355.1,19.75,38.66,1.958,17.47,79.19,0.8049,106.01,1485.0,9.51,42.35,2.08,Normal,0
8.86,9681.9,19.72,43.59,2.211,19.41,91.42,0.8319,127.81,1361.17,0.0,26.64,1.99,Normal,0
8.65,9314.2,19.8,42.31,2.137,19.59,87.55,0.8394,121.72,1254.21,0.0,24.85,1.81,Normal,0
13.702,9746.8,20.33,37.34,1.837,18.09,72.03,0.8258,95.03,1576.89,0.0,52.56,1.91,Normal,0
6.984,9720.1,20.02,44.73,2.234,18.65,98.1,0.7703,130.58,1183.84,8.99,6.93,5.49,Surge_Risk,1
10.162,9632.1,19.98,42.56,2.13,18.71,89.78,0.8007,121.41,1540.86,51.57,36.04,1.87,Normal,0
13.761,9598.1,19.45,35.19,1.809,19.31,73.39,0.8063,93.03,1587.81,37.46,52.76,2.36,Normal,0
9.921,9705.5,20.1,43.4,2.16,20.0,90.4,0.8255,124.01,1490.35,0.0,34.49,1.09,Normal,0
10.352,9529.6,19.95,41.73,2.092,22.62,89.67,0.8337,119.27,1480.85,0.0,37.21,1.27,Normal,0
6.27,9696.1,20.38,47.09,2.31,20.55,104.53,0.7684,137.69,1123.44,45.19,-3.67,4.58,Surge_Risk,1
14.462,9780.0,19.72,34.59,1.754,19.77,70.46,0.8128,87.9,1564.02,3.75,55.05,2.01,Normal,0
13.245,9386.9,19.94,36.51,1.831,19.56,74.2,0.8153,95.06,1544.28,31.6,50.93,1.62,Normal,0
10.332,9425.7,20.11,38.66,1.923,16.63,84.52,0.7167,103.82,1496.74,56.28,37.09,2.18,Impeller_Fouling,1
12.334,9366.5,20.04,37.95,1.894,20.42,79.71,0.8012,101.35,1560.27,41.79,47.3,1.76,Normal,0
8.169,9415.7,20.6,45.33,2.201,19.83,94.52,0.8015,127.74,1301.89,37.37,20.43,2.0,Normal,0
6.219,9522.9,19.59,43.83,2.237,20.08,102.58,0.7495,131.93,1094.62,54.26,-4.52,4.22,Surge_Risk,1
10.724,9348.5,20.34,37.43,1.84,21.94,89.25,0.6851,98.4,1540.2,69.32,39.39,3.17,Impeller_Fouling,1
14.245,9557.8,19.86,34.31,1.728,20.03,67.63,0.8387,85.18,1446.77,0.0,54.37,2.32,Normal,0
11.089,9604.2,20.51,41.73,2.035,19.91,84.93,0.8182,113.5,1538.17,0.0,41.38,1.82,Normal,0
12.448,9414.1,20.0,35.82,1.791,18.11,79.42,0.7037,92.06,1628.57,109.0,47.78,3.08,Impeller_Fouling,1
7.995,9325.6,20.06,44.2,2.204,21.35,95.71,0.8099,128.49,1268.4,35.05,18.7,1.78,Normal,0
10.696,9645.6,19.83,40.95,2.065,20.75,86.4,0.83,116.27,1498.28,0.0,39.23,1.97,Normal,0
10.884,9794.4,20.0,42.15,2.108,17.3,83.83,0.8343,118.43,1545.09,0.0,40.28,1.28,Normal,0
14.385,9724.0,20.09,35.14,1.749,18.18,69.03,0.8019,87.02,1560.98,18.37,54.81,1.49,Normal,0
10.499,9713.9,19.68,41.59,2.113,19.34,86.38,0.8366,119.66,1501.68,0.0,38.09,2.38,Normal,0
13.168,9479.2,20.4,37.48,1.837,18.23,73.51,0.808,95.31,1553.11,21.36,50.64,6.99,Mechanical_Vibration,1
11.669,9632.9,20.39,40.81,2.002,20.13,84.72,0.8046,110.89,1608.18,34.32,44.3,1.38,Normal,0
11.189,9212.6,19.73,35.16,1.782,21.43,87.92,0.6551,92.93,1587.3,131.25,41.91,8.36,Combined_Fault,1
9.139,9798.1,20.58,45.78,2.224,17.27,90.7,0.8185,128.24,1431.87,0.0,28.87,6.3,Mechanical_Vibration,1
14.442,9224.6,19.68,32.89,1.671,18.75,64.7,0.8107,79.48,1415.84,3.81,54.99,2.31,Normal,0
14.583,9659.8,20.02,34.72,1.735,21.54,70.41,0.8286,86.38,1520.33,0.0,55.43,2.29,Normal,0
11.947,9510.3,20.02,39.08,1.952,18.46,78.92,0.8193,105.69,1541.17,0.93,45.6,2.33,Normal,0
9.892,9430.2,19.65,40.98,2.085,22.51,90.77,0.8164,118.92,1440.88,0.84,34.29,1.3,Normal,0
9.352,9779.6,19.92,44.01,2.209,18.59,90.42,0.8312,127.38,1433.24,0.0,30.5,1.12,Normal,0
12.582,9684.6,20.0,36.26,1.814,20.22,85.51,0.6837,95.24,1752.78,150.35,48.34,2.98,Impeller_Fouling,1
12.89,9679.4,20.02,34.57,1.726,17.63,70.92,0.7487,85.13,1465.67,0.0,49.57,2.12,Impeller_Fouling,1
14.79,9327.1,20.01,33.32,1.665,19.14,65.39,0.801,79.04,1459.5,45.98,56.05,2.17,Normal,0
14.283,9419.2,20.05,34.53,1.722,21.8,71.86,0.8003,85.47,1525.56,37.45,54.49,7.28,Mechanical_Vibration,1
13.435,9733.0,19.95,36.91,1.85,23.41,78.13,0.8387,97.92,1568.51,0.0,51.62,1.38,Normal,0
8.811,9496.9,20.03,43.67,2.18,18.74,90.56,0.8177,125.3,1350.19,6.66,26.23,1.82,Normal,0
8.171,9205.1,19.48,41.92,2.152,21.19,91.06,0.8302,123.77,1218.11,0.0,20.45,2.34,Normal,0
8.884,9344.1,19.75,42.29,2.141,19.17,89.56,0.8142,122.3,1334.31,15.36,26.83,1.54,Normal,0
13.969,9452.1,20.45,35.98,1.76,19.81,71.46,0.8031,88.5,1539.23,34.54,53.47,1.99,Normal,0
13.972,9752.0,19.8,35.73,1.804,17.91,69.29,0.8377,91.84,1531.86,0.0,53.48,1.94,Normal,0
13.334,9446.2,20.05,36.46,1.818,19.05,72.71,0.8182,93.67,1526.58,3.1,51.25,1.42,Normal,0
8.623,9430.4,20.11,43.71,2.174,20.93,93.74,0.8101,125.85,1339.53,19.34,24.62,1.75,Normal,0
8.617,9557.8,20.19,44.42,2.2,21.74,96.49,0.8052,128.42,1374.37,23.35,24.57,1.75,Normal,0
6.322,9761.9,20.19,45.86,2.271,19.41,104.47,0.7418,134.63,1147.42,54.73,-2.81,5.32,Surge_Risk,1
6.147,9319.8,20.01,43.77,2.188,16.51,94.2,0.7603,126.04,1019.06,34.27,-5.74,4.85,Surge_Risk,1
11.691,9691.0,20.11,40.23,2.001,19.29,81.64,0.828,110.15,1555.27,0.0,44.4,1.93,Normal,0
11.912,9514.8,19.94,39.24,1.968,17.9,80.47,0.8026,107.15,1590.26,52.56,45.43,6.46,Mechanical_Vibration,1
9.674,9653.8,19.99,43.33,2.167,22.18,94.76,0.8123,125.79,1498.05,23.69,32.81,5.13,Mechanical_Vibration,1
10.726,9719.0,20.11,42.04,2.091,18.55,86.76,0.81,117.89,1560.91,15.03,39.4,1.45,Normal,0
10.227,9281.0,20.15,41.06,2.037,17.41,80.99,0.8299,112.58,1387.41,0.0,36.44,1.46,Normal,0
8.243,9646.7,20.1,45.12,2.244,21.64,98.5,0.8053,132.05,1351.71,22.68,21.14,2.2,Normal,0
12.388,9580.3,20.09,38.66,1.924,17.58,77.24,0.8093,103.01,1576.8,16.94,47.53,1.97,Normal,0
8.309,9209.7,20.2,42.88,2.123,17.79,85.39,0.8316,119.94,1198.41,0.0,21.77,1.3,Normal,0
6.86,9606.2,20.07,45.25,2.255,22.04,104.96,0.7578,134.08,1213.84,63.01,5.25,4.24,Surge_Risk,1
11.015,9542.7,19.83,40.36,2.035,22.09,86.36,0.8327,114.19,1510.48,0.0,40.99,1.93,Normal,0
7.071,9742.0,20.19,45.49,2.253,19.69,98.91,0.7829,132.32,1195.15,0.43,8.07,3.72,Surge_Risk,1
6.098,9462.7,19.92,44.3,2.224,18.86,96.59,0.7814,129.6,1011.41,2.19,-6.59,4.99,Surge_Risk,1
13.451,9253.8,19.76,31.33,1.586,19.01,67.98,0.6868,71.74,1405.17,0.0,51.68,8.73,Combined_Fault,1
7.827,9406.8,19.93,43.85,2.199,20.33,94.52,0.8071,127.76,1238.87,12.29,16.95,8.27,Mechanical_Vibration,1
11.14,9302.7,20.04,36.95,1.844,18.55,78.99,0.7496,96.67,1436.63,0.0,41.65,1.9,Impeller_Fouling,1
9.93,9795.7,19.6,42.67,2.177,18.95,92.1,0.8035,125.4,1549.85,37.36,34.54,2.4,Normal,0
9.796,9372.1,20.3,42.21,2.079,18.84,84.6,0.8317,116.7,1374.54,0.0,33.65,2.27,Normal,0
8.59,9785.1,20.11,45.32,2.254,19.54,93.26,0.8348,131.31,1351.13,0.0,24.33,1.6,Normal,0
8.183,9372.4,20.11,39.9,1.984,19.51,96.33,0.6784,111.21,1341.42,85.72,20.57,7.01,Combined_Fault,1
13.436,9389.6,20.42,36.82,1.803,20.92,73.6,0.8255,92.79,1510.17,0.0,51.62,6.84,Mechanical_Vibration,1
11.072,9695.5,19.79,40.83,2.063,17.59,84.08,0.8114,115.11,1570.7,17.63,41.29,1.14,Normal,0
13.398,9516.1,20.03,36.24,1.81,19.71,72.25,0.8296,92.98,1501.69,0.0,51.48,1.6,Normal,0
7.89,9400.2,20.27,44.5,2.195,18.92,90.13,0.8318,126.37,1198.65,0.0,17.61,1.33,Normal,0
11.442,9759.5,19.98,41.05,2.054,20.65,84.97,0.839,115.16,1570.46,0.0,43.19,2.35,Normal,0
12.533,9329.2,19.87,37.29,1.877,20.81,78.07,0.8162,99.72,1531.18,19.62,48.14,2.27,Normal,0
14.576,9293.9,20.01,33.23,1.661,22.03,66.37,0.8366,79.15,1379.1,0.0,55.41,1.23,Normal,0
11.993,9272.7,19.91,37.89,1.903,18.05,77.2,0.8029,101.33,1513.58,35.93,45.8,1.03,Normal,0
12.237,9396.2,20.04,38.35,1.914,17.88,77.63,0.8022,102.27,1560.09,47.93,46.88,8.16,Mechanical_Vibration,1
10.55,9774.7,20.02,42.59,2.128,18.78,89.13,0.8072,121.16,1583.57,33.22,38.39,1.7,Normal,0
10.843,9249.7,20.02,36.14,1.805,17.7,80.87,0.6935,93.46,1461.25,29.75,40.05,2.88,Impeller_Fouling,1
11.058,9359.4,20.29,40.54,1.998,18.94,80.31,0.8377,109.7,1448.11,0.0,41.22,2.3,Normal,0
11.024,9324.1,19.76,39.22,1.985,19.41,80.37,0.836,108.75,1434.03,0.0,41.04,1.69,Normal,0
9.197,9737.7,20.16,44.25,2.195,18.84,93.0,0.8015,126.82,1455.22,20.36,29.32,1.9,Normal,0
10.712,9357.5,20.1,40.43,2.011,20.54,82.76,0.8391,111.4,1422.13,0.0,39.32,1.41,Normal,0
10.684,9303.7,19.84,39.79,2.005,21.13,83.34,0.8374,111.14,1417.94,0.0,39.16,1.07,Normal,0
10.621,9326.2,20.5,41.55,2.027,21.71,86.04,0.826,113.38,1457.94,0.0,38.8,1.45,Normal,0
11.126,9256.1,20.35,39.95,1.963,18.45,80.27,0.8095,106.79,1467.74,18.16,41.58,7.64,Mechanical_Vibration,1
12.511,9498.8,20.24,35.73,1.766,19.13,80.99,0.6833,90.19,1651.44,104.14,48.05,2.87,Impeller_Fouling,1
13.069,9281.9,20.1,36.42,1.812,19.56,72.92,0.819,93.24,1487.9,0.0,50.26,2.15,Normal,0
7.243,9415.9,20.0,43.16,2.159,22.94,100.13,0.7666,126.25,1192.87,24.12,10.26,5.88,Surge_Risk,1
10.335,9585.3,20.11,38.92,1.935,18.93,87.12,0.7262,105.65,1503.61,12.76,37.11,2.08,Impeller_Fouling,1
10.852,9561.0,19.9,40.7,2.045,19.81,84.26,0.8299,114.14,1492.54,0.0,40.11,2.16,Normal,0
13.698,9662.7,20.18,33.86,1.678,20.09,74.53,0.7012,81.45,1591.08,16.76,52.55,2.46,Impeller_Fouling,1
14.3,9294.4,19.8,33.85,1.709,18.82,66.17,0.8232,83.16,1444.54,4.84,54.54,1.48,Normal,0
10.438,9572.9,20.06,41.96,2.091,20.76,88.46,0.8213,118.65,1507.83,4.07,37.73,1.0,Normal,0
9.758,9344.7,19.83,38.18,1.925,18.83,89.93,0.6934,105.2,1480.4,88.47,33.39,3.01,Impeller_Fouling,1
6.716,9344.8,19.95,43.93,2.203,19.03,95.83,0.7808,127.95,1100.46,26.95,3.21,5.48,Surge_Risk,1
10.484,9562.3,19.86,37.98,1.913,19.99,94.34,0.6622,105.05,1663.27,163.13,38.0,6.14,Combined_Fault,1
9.655,9551.5,19.67,38.93,1.98,23.2,96.7,0.7114,111.56,1514.09,60.51,32.68,2.73,Impeller_Fouling,1
14.329,9670.4,20.41,35.87,1.757,18.23,68.64,0.8153,87.69,1541.12,8.44,54.64,2.23,Normal,0
8.638,9516.4,19.64,43.22,2.201,19.96,91.63,0.8321,127.25,1320.96,0.0,24.75,1.35,Normal,0
6.17,9739.8,20.5,46.49,2.267,20.35,101.95,0.77,134.07,1074.29,4.02,-5.34,4.74,Surge_Risk,1
12.162,9292.9,19.88,37.35,1.879,18.32,76.22,0.803,99.21,1502.61,15.85,46.56,1.8,Normal,0
13.156,9582.4,20.0,37.26,1.863,22.47,79.23,0.8173,98.99,1593.44,11.54,50.59,1.68,Normal,0
8.437,9588.9,19.62,43.48,2.216,21.42,93.69,0.8369,129.04,1300.81,0.0,22.95,1.5,Normal,0
9.21,9555.5,20.1,43.48,2.164,20.61,90.16,0.8384,124.4,1366.59,0.0,29.42,1.86,Normal,0
12.842,9357.0,20.12,36.9,1.834,19.51,72.8,0.8367,95.13,1460.08,0.0,49.39,1.72,Normal,0
8.657,9744.9,19.91,45.13,2.267,20.99,97.61,0.816,133.41,1415.34,22.73,24.92,8.05,Mechanical_Vibration,1
10.072,9446.0,19.81,41.18,2.079,19.95,85.43,0.8378,117.06,1407.16,0.0,35.46,1.94,Normal,0
12.184,9297.3,19.56,33.52,1.714,22.57,77.75,0.7268,85.57,1434.37,0.0,46.65,3.12,Impeller_Fouling,1
12.84,9279.5,19.98,36.79,1.842,18.89,73.46,0.8226,95.78,1494.91,7.39,49.38,5.61,Mechanical_Vibration,1
14.537,9465.8,20.33,34.83,1.713,20.87,68.0,0.8356,84.03,1461.81,0.0,55.29,1.73,Normal,0
6.534,9477.1,19.86,44.24,2.228,21.14,100.82,0.7715,131.15,1110.83,30.64,0.52,5.28,Surge_Risk,1
9.492,9231.2,19.56,40.74,2.083,19.8,87.05,0.8193,117.55,1361.88,12.39,31.52,2.24,Normal,0
14.742,9427.0,19.9,33.41,1.679,20.36,65.8,0.8308,80.54,1429.06,0.0,55.91,1.33,Normal,0
14.256,9445.7,19.63,34.11,1.737,21.04,70.29,0.8237,86.55,1497.85,4.85,54.4,1.53,Normal,0
11.335,9501.2,20.29,40.64,2.002,23.11,88.17,0.8071,112.04,1573.51,29.54,42.65,1.18,Normal,0
8.588,9659.7,20.34,45.33,2.229,18.57,90.68,0.8374,128.83,1321.32,0.0,24.32,1.26,Normal,0
10.994,9351.7,19.57,35.66,1.822,17.94,82.44,0.692,95.22,1512.92,47.8,40.88,2.51,Impeller_Fouling,1
7.219,9288.5,20.29,43.92,2.164,23.0,98.38,0.7856,126.35,1161.04,19.19,9.96,4.11,Surge_Risk,1
13.815,9278.9,20.16,32.97,1.636,19.53,74.59,0.6588,77.4,1623.01,157.93,52.95,6.69,Combined_Fault,1
10.17,9205.6,19.85,40.33,2.031,19.89,84.66,0.8189,113.18,1405.54,12.5,36.09,1.93,Normal,0
8.129,9460.4,20.07,44.13,2.198,20.13,92.25,0.8267,127.21,1250.89,0.0,20.04,2.21,Normal,0
9.657,9297.7,20.09,41.82,2.082,20.48,87.14,0.8271,117.63,1373.44,0.0,32.69,4.99,Mechanical_Vibration,1
9.133,9226.3,19.52,41.19,2.11,19.35,87.1,0.8268,119.53,1320.3,4.07,28.83,1.0,Normal,0
10.045,9683.5,19.92,42.59,2.138,16.39,83.74,0.8386,120.51,1443.54,0.0,35.29,1.6,Normal,0
6.788,9725.0,20.01,44.76,2.237,19.14,99.07,0.7685,131.06,1157.59,6.56,4.24,3.85,Surge_Risk,1
9.785,9573.5,19.93,42.2,2.118,20.03,87.32,0.8379,120.31,1404.86,0.0,33.57,2.18,Normal,0
8.91,9633.4,19.69,39.16,1.989,19.96,95.87,0.689,111.59,1442.97,53.92,27.05,7.56,Combined_Fault,1
8.084,9277.4,19.59,42.3,2.16,19.23,89.26,0.8274,123.64,1207.96,0.0,19.6,7.72,Mechanical_Vibration,1
10.338,9218.7,20.21,40.8,2.018,20.04,85.64,0.8027,112.34,1446.96,39.41,37.13,2.39,Normal,0
9.522,9223.6,19.82,41.35,2.087,22.96,91.43,0.816,119.21,1391.15,26.49,31.74,5.05,Mechanical_Vibration,1
11.814,9316.3,19.96,38.25,1.916,21.05,81.05,0.8086,103.52,1512.57,12.07,44.98,2.21,Normal,0
8.148,9765.3,19.45,44.57,2.291,20.41,98.54,0.8107,135.16,1358.4,20.82,20.23,2.32,Normal,0
9.674,9437.8,20.52,43.66,2.127,19.84,89.35,0.8182,121.35,1434.84,22.78,32.81,1.66,Normal,0
11.274,9624.0,19.96,40.65,2.037,20.66,85.63,0.8218,113.9,1562.63,2.35,42.35,2.38,Normal,0
6.59,9767.5,19.84,45.9,2.314,20.44,104.74,0.767,137.96,1185.31,49.3,1.37,4.7,Surge_Risk,1
14.106,9423.9,19.94,34.68,1.739,24.05,73.69,0.827,87.58,1493.89,0.0,53.92,1.89,Normal,0
11.491,9259.7,19.76,38.15,1.93,20.39,80.39,0.8161,104.47,1471.04,0.0,43.43,1.6,Normal,0
10.078,9304.9,20.04,41.14,2.053,20.05,87.29,0.8038,115.32,1445.87,34.41,35.5,2.37,Normal,0
13.472,9371.8,20.47,36.64,1.791,18.58,70.45,0.8215,90.91,1490.96,0.0,51.75,1.23,Normal,0
12.634,9737.0,19.97,38.83,1.945,18.35,78.11,0.8229,104.93,1611.05,5.03,48.55,1.57,Normal,0
9.03,9418.2,20.17,39.16,1.942,18.34,89.88,0.6978,106.51,1378.4,33.25,28.02,6.79,Combined_Fault,1
9.933,9352.5,19.99,41.43,2.073,21.96,90.34,0.8073,117.78,1449.26,27.42,34.56,1.27,Normal,0
10.374,9614.0,19.88,41.38,2.081,17.93,86.08,0.804,116.92,1508.57,13.33,37.34,1.43,Normal,0
9.154,9598.2,19.69,42.81,2.174,21.44,94.56,0.8084,126.12,1428.12,16.38,28.99,1.39,Normal,0
12.313,9276.4,19.83,37.25,1.879,19.05,76.27,0.8136,99.34,1503.47,15.7,47.21,1.99,Normal,0
11.555,9534.5,20.2,40.32,1.997,18.1,80.87,0.8175,109.49,1547.64,13.5,43.75,2.22,Normal,0
9.6,9799.3,19.62,43.5,2.216,17.78,90.9,0.8192,127.8,1497.64,17.55,32.29,1.51,Normal,0
13.656,9748.3,19.65,35.84,1.824,17.83,71.02,0.826,93.74,1549.8,0.0,52.4,2.15,Normal,0
11.28,9223.0,20.27,39.69,1.958,20.06,80.54,0.8267,106.69,1455.71,0.36,42.38,1.02,Normal,0
10.876,9722.9,19.5,40.99,2.102,18.99,86.93,0.8199,118.84,1576.6,19.07,40.24,1.59,Normal,0
10.581,9776.9,19.77,42.02,2.125,21.89,92.22,0.8135,122.07,1587.81,18.46,38.57,1.8,Normal,0
11.6,9716.7,19.9,40.41,2.031,20.73,84.42,0.8333,113.24,1576.4,0.0,43.97,1.58,Normal,0
14.768,9396.2,20.02,30.31,1.514,21.01,65.36,0.6816,64.49,1397.4,0.0,55.99,2.65,Impeller_Fouling,1
8.195,9692.3,20.04,42.0,2.095,18.55,98.36,0.7059,120.2,1395.52,76.29,20.68,2.58,Impeller_Fouling,1
11.633,9637.2,19.8,39.38,1.989,21.84,84.35,0.8256,110.11,1551.56,0.0,44.13,1.36,Normal,0
13.683,9250.8,19.93,34.82,1.748,19.39,68.64,0.8281,87.0,1437.61,0.0,52.5,1.57,Normal,0
8.127,9436.2,20.29,44.7,2.203,20.2,92.12,0.8312,127.54,1247.03,0.0,20.02,1.35,Normal,0
12.434,9697.8,20.06,38.9,1.939,20.18,80.38,0.8186,105.15,1597.11,0.0,47.72,1.26,Normal,0
6.863,9504.7,20.53,45.6,2.222,22.05,104.77,0.7457,131.61,1211.28,78.52,5.29,4.75,Surge_Risk,1
13.024,9736.5,20.03,37.62,1.878,21.03,79.65,0.8003,100.1,1628.93,11.25,50.09,1.24,Normal,0
6.873,9548.5,20.11,43.91,2.183,20.35,98.9,0.7597,127.32,1151.92,16.4,5.43,3.8,Surge_Risk,1
6.678,9520.7,19.79,43.5,2.198,22.64,104.51,0.7437,129.92,1166.63,53.55,2.67,5.6,Surge_Risk,1
11.862,9634.9,20.23,40.4,1.996,18.17,79.41,0.8362,109.27,1550.01,0.0,45.2,1.26,Normal,0
9.052,9574.9,19.7,42.84,2.175,18.33,88.07,0.8361,124.41,1346.91,0.0,28.19,1.56,Normal,0
7.263,9347.2,19.52,42.39,2.171,19.18,96.55,0.7619,125.79,1199.01,55.6,10.5,4.91,Surge_Risk,1
14.028,9294.3,20.03,34.68,1.731,22.93,72.54,0.8176,86.54,1484.7,8.85,53.66,1.68,Normal,0
12.163,9561.9,20.1,39.11,1.946,19.52,81.28,0.8023,105.71,1602.65,39.58,46.56,1.03,Normal,0
8.953,9470.0,19.82,42.58,2.148,17.14,86.11,0.8276,121.79,1317.55,0.0,27.4,1.45,Normal,0
6.87,9555.1,20.02,44.62,2.229,21.23,101.89,0.7638,131.46,1182.42,42.71,5.39,3.6,Surge_Risk,1
9.742,9572.9,20.2,43.45,2.15,20.0,89.95,0.8257,123.23,1453.91,3.94,33.28,1.97,Normal,0
13.98,9722.6,20.3,37.12,1.829,18.96,72.97,0.8211,94.62,1610.9,39.83,53.5,2.05,Normal,0
11.177,9778.8,20.15,41.92,2.08,20.07,88.71,0.8037,117.7,1636.8,44.31,41.84,2.08,Normal,0
8.307,9648.3,19.72,40.44,2.051,18.36,91.35,0.7417,115.51,1293.68,0.0,21.75,2.63,Impeller_Fouling,1
10.208,9761.6,19.79,42.21,2.133,22.61,93.72,0.8111,123.07,1548.83,4.66,36.32,1.07,Normal,0
13.685,9218.6,20.33,35.61,1.751,22.32,74.07,0.8013,88.47,1510.96,42.37,52.5,1.51,Normal,0
9.363,9342.2,19.81,41.76,2.108,19.86,87.59,0.8277,119.61,1353.03,0.0,30.58,6.85,Mechanical_Vibration,1
11.597,9758.5,19.99,40.47,2.025,19.76,84.44,0.8158,112.59,1600.45,0.0,43.95,5.32,Mechanical_Vibration,1
12.457,9200.5,20.18,37.11,1.839,20.34,76.5,0.8031,96.24,1492.69,17.36,47.82,2.03,Normal,0
12.991,9380.7,20.09,36.74,1.829,23.51,79.04,0.8121,96.23,1539.44,3.23,49.97,1.93,Normal,0
9.53,9295.0,19.81,41.39,2.089,20.58,87.36,0.8299,118.27,1358.09,0.0,31.8,2.25,Normal,0
12.793,9317.9,19.91,36.76,1.846,18.86,73.38,0.8264,96.13,1488.2,0.0,49.19,1.87,Normal,0
6.655,9369.5,19.79,42.83,2.164,19.62,95.21,0.7754,125.07,1073.35,1.31,2.33,4.31,Surge_Risk,1
10.989,9400.5,20.01,40.13,2.006,20.03,85.11,0.8012,111.26,1525.89,38.26,40.85,1.48,Normal,0
9.335,9754.5,20.17,44.45,2.203,20.1,93.39,0.8172,127.8,1459.97,2.19,30.37,1.91,Normal,0
8.065,9636.3,19.88,45.02,2.265,19.08,96.26,0.8049,132.56,1328.19,33.04,19.4,1.36,Normal,0
11.412,9212.5,20.11,38.73,1.926,19.76,79.88,0.8101,103.91,1463.71,7.79,43.04,2.32,Normal,0
10.683,9743.6,19.52,41.3,2.116,21.34,89.67,0.8291,120.89,1557.66,0.0,39.16,2.32,Normal,0
10.694,9401.6,19.96,40.51,2.029,18.67,84.02,0.8082,112.7,1491.16,25.06,39.22,2.23,Normal,0
10.481,9295.0,20.56,41.17,2.003,18.59,80.34,0.8348,109.98,1380.99,0.0,37.99,1.09,Normal,0
11.258,9478.8,20.49,36.94,1.803,20.63,84.82,0.6883,94.28,1542.12,19.82,42.26,2.22,Impeller_Fouling,1
10.748,9618.8,20.29,42.24,2.082,18.99,86.26,0.8164,117.18,1542.62,18.13,39.52,1.32,Normal,0
9.156,9281.8,19.63,37.24,1.897,21.53,93.31,0.6777,103.79,1402.26,61.64,29.01,5.03,Combined_Fault,1
12.376,9703.5,20.02,39.03,1.949,21.46,82.72,0.8155,106.59,1617.66,4.37,47.48,1.08,Normal,0
13.559,9474.3,20.03,36.13,1.803,21.48,75.49,0.8084,93.17,1562.71,25.96,52.06,1.55,Normal,0
13.411,9390.0,19.73,35.78,1.814,19.53,73.08,0.8177,93.42,1532.25,23.22,51.53,1.99,Normal,0
9.348,9494.3,19.99,42.77,2.139,20.78,91.82,0.8108,122.9,1417.0,14.6,30.47,2.12,Normal,0
13.965,9226.5,19.89,34.16,1.718,21.93,70.67,0.8165,84.92,1452.32,0.0,53.45,1.0,Normal,0
10.677,9346.9,20.01,40.45,2.021,18.87,82.31,0.8259,111.8,1445.21,0.0,39.12,2.0,Normal,0
13.208,9307.1,20.16,34.27,1.699,19.33,75.92,0.6918,83.53,1594.69,103.34,50.79,2.88,Impeller_Fouling,1
11.368,9558.0,19.69,39.51,2.006,18.74,81.62,0.8234,110.48,1525.34,0.0,42.82,1.51,Normal,0
12.902,9584.6,19.45,36.56,1.88,18.49,73.9,0.8373,98.98,1525.21,0.0,49.62,1.39,Normal,0
14.056,9770.1,20.04,36.31,1.812,19.04,72.16,0.8212,93.07,1593.04,13.08,53.76,1.21,Normal,0
11.079,9223.2,20.12,39.63,1.969,19.46,80.61,0.8239,107.51,1445.64,1.27,41.33,1.04,Normal,0
14.679,9364.9,19.98,33.25,1.664,19.32,64.44,0.8191,78.87,1413.31,0.0,55.72,8.21,Mechanical_Vibration,1
9.277,9654.5,20.01,43.96,2.197,21.38,93.65,0.8275,127.61,1430.59,0.0,29.93,1.31,Normal,0
13.345,9463.2,20.17,36.47,1.808,21.0,73.42,0.8335,93.24,1492.8,0.0,51.29,1.38,Normal,0
10.987,9388.9,20.17,40.29,1.998,19.48,81.05,0.8363,109.86,1443.34,0.0,40.84,1.15,Normal,0
11.779,9632.2,19.85,39.36,1.983,20.43,83.59,0.8109,109.29,1587.49,9.07,44.82,7.37,Mechanical_Vibration,1
9.349,9223.8,20.21,42.26,2.091,19.72,86.64,0.8271,118.08,1334.71,0.0,30.47,2.08,Normal,0
11.285,9483.9,19.8,39.53,1.997,23.31,86.56,0.8253,111.38,1523.13,0.0,42.4,5.65,Mechanical_Vibration,1
13.443,9443.6,20.33,36.87,1.814,19.22,72.99,0.8141,93.4,1542.17,21.51,51.65,1.9,Normal,0
9.7,9347.4,20.04,41.82,2.086,19.65,85.71,0.8342,117.58,1367.17,0.0,32.99,2.37,Normal,0
6.041,9361.0,19.99,43.56,2.179,18.61,93.85,0.7835,125.78,969.71,0.0,-7.61,3.82,Surge_Risk,1
10.583,9305.4,19.97,36.69,1.837,20.05,84.79,0.7035,97.18,1461.9,18.78,38.58,2.47,Impeller_Fouling,1
8.988,9531.1,20.02,43.69,2.182,17.97,88.61,0.829,124.94,1354.66,0.0,27.68,4.85,Mechanical_Vibration,1
10.849,9488.7,19.85,40.58,2.045,17.05,82.05,0.8166,113.25,1504.65,17.08,40.09,2.17,Normal,0
11.202,9350.0,20.28,40.5,1.997,22.09,86.17,0.8126,111.1,1531.65,36.97,41.98,1.2,Normal,0
14.454,9328.3,20.08,33.96,1.691,18.98,64.99,0.8292,81.4,1418.87,0.0,55.03,1.82,Normal,0
9.137,9785.6,20.27,45.2,2.229,21.36,96.13,0.8176,130.45,1457.8,5.36,28.86,1.82,Normal,0
12.996,9689.7,19.68,36.89,1.874,20.66,76.66,0.8308,99.28,1552.94,0.0,49.99,2.36,Normal,0
6.315,9598.0,20.0,45.16,2.258,17.61,100.6,0.7486,132.54,1118.1,60.57,-2.93,4.22,Surge_Risk,1
7.802,9577.3,19.83,44.61,2.249,20.5,97.29,0.8051,131.92,1278.39,19.77,16.68,2.31,Normal,0
14.596,9720.4,20.18,34.98,1.733,18.94,68.15,0.8149,85.57,1532.62,2.66,55.47,1.55,Normal,0
12.725,9778.3,20.05,38.87,1.939,17.29,76.34,0.8258,104.04,1603.08,0.0,48.92,1.52,Normal,0
11.54,9770.6,19.94,40.59,2.035,20.82,84.79,0.833,113.69,1574.99,0.0,43.67,2.0,Normal,0
8.687,9431.0,20.13,39.67,1.971,22.03,98.01,0.6837,110.83,1408.29,76.56,25.17,6.51,Combined_Fault,1
9.164,9417.9,19.88,42.41,2.133,20.2,88.73,0.8326,121.75,1339.9,0.0,29.07,2.12,Normal,0
9.452,9491.8,20.24,43.06,2.128,17.91,85.96,0.8292,120.41,1372.56,0.0,31.23,1.34,Normal,0
10.565,9761.7,19.88,38.35,1.929,16.62,86.29,0.7035,104.57,1570.55,33.93,38.48,2.33,Impeller_Fouling,1
8.261,9390.0,20.08,44.05,2.193,18.23,91.53,0.8077,126.32,1292.09,29.89,21.32,1.57,Normal,0
8.689,9762.2,20.38,45.72,2.244,18.3,94.56,0.8023,130.55,1413.82,26.82,25.19,1.24,Normal,0
11.346,9656.5,19.88,40.34,2.029,20.06,84.47,0.8225,113.04,1559.23,0.0,42.71,1.44,Normal,0
8.483,9377.1,20.15,43.82,2.174,20.58,90.82,0.8359,125.28,1271.42,0.0,23.38,1.5,Normal,0
10.963,9275.5,19.49,39.11,2.006,21.05,83.74,0.8319,111.26,1466.28,6.08,40.71,1.83,Normal,0
12.204,9258.2,20.46,36.01,1.761,20.65,81.77,0.6907,90.08,1591.62,101.52,46.74,2.75,Impeller_Fouling,1
9.313,9214.7,19.56,40.87,2.089,18.62,85.52,0.8236,117.57,1329.38,3.73,30.2,1.35,Normal,0
9.084,9788.6,19.94,44.61,2.238,21.9,95.93,0.8303,131.15,1434.81,0.0,28.45,1.03,Normal,0
10.197,9690.1,20.33,43.32,2.131,17.63,88.15,0.8043,121.02,1534.27,34.08,36.26,1.73,Normal,0
7.985,9645.3,19.82,44.96,2.268,15.94,91.55,0.8134,131.22,1288.18,14.18,18.6,2.37,Normal,0
10.889,9724.1,20.22,38.1,1.884,17.39,86.9,0.6813,101.04,1615.03,65.05,40.31,2.51,Impeller_Fouling,1
13.199,9781.7,19.89,37.91,1.906,20.3,77.68,0.8337,102.05,1615.82,0.0,50.75,1.04,Normal,0
6.279,9697.1,20.31,45.97,2.263,18.97,103.44,0.742,133.73,1131.69,57.7,-3.51,3.95,Surge_Risk,1
9.695,9402.6,20.21,41.85,2.071,20.42,88.94,0.8012,117.12,1417.27,9.04,32.95,1.85,Normal,0
7.115,9437.4,20.18,43.44,2.152,19.39,95.52,0.7647,124.22,1155.69,12.91,8.64,5.24,Surge_Risk,1
8.682,9323.6,19.82,40.06,2.021,19.86,91.39,0.7432,113.44,1325.11,26.97,25.13,2.45,Impeller_Fouling,1
13.301,9646.6,20.3,37.69,1.856,20.72,76.72,0.8185,97.8,1589.27,2.84,51.13,1.65,Normal,0
11.074,9671.0,20.18,41.78,2.071,20.33,85.4,0.8387,116.46,1537.68,0.0,41.31,2.05,Normal,0
13.61,9686.7,19.99,36.69,1.835,19.23,75.04,0.802,95.5,1620.69,41.22,52.24,1.28,Normal,0
8.91,9390.4,20.29,43.16,2.127,20.38,88.7,0.8325,121.35,1298.78,0.0,27.05,1.19,Normal,0
6.582,9340.0,20.26,44.25,2.184,15.72,90.89,0.7795,125.02,1055.55,12.42,1.24,3.78,Surge_Risk,1
6.755,9293.8,19.49,41.61,2.135,18.14,93.62,0.7594,122.31,1087.92,21.66,3.77,4.07,Surge_Risk,1
12.44,9545.3,20.13,38.58,1.916,15.99,73.0,0.8341,101.46,1513.23,0.0,47.75,2.37,Normal,0
8.427,9399.9,19.57,42.64,2.178,18.79,88.55,0.8384,124.79,1254.45,0.0,22.87,2.0,Normal,0
13.809,9672.9,20.18,36.71,1.819,22.47,75.4,0.8383,94.67,1559.5,0.0,52.93,1.82,Normal,0
9.491,9523.0,20.0,42.76,2.138,17.84,87.19,0.8204,121.39,1404.24,0.0,31.51,1.53,Normal,0
13.228,9469.1,19.73,36.03,1.826,19.79,73.69,0.8228,94.64,1521.36,0.0,50.86,1.8,Normal,0
14.701,9352.2,20.11,33.47,1.665,19.41,64.98,0.8123,78.98,1429.3,0.69,55.79,1.18,Normal,0
14.53,9319.4,19.83,30.81,1.554,20.2,66.26,0.6973,68.53,1428.01,0.0,55.27,1.83,Impeller_Fouling,1
12.378,9584.4,19.61,37.95,1.936,19.11,79.08,0.8166,104.48,1583.67,14.57,47.49,1.79,Normal,0
8.605,9715.2,19.77,44.31,2.242,20.39,94.48,0.8278,130.86,1360.34,0.0,24.46,1.62,Normal,0
14.498,9767.0,20.09,35.43,1.763,18.58,69.53,0.8132,88.41,1576.11,28.24,55.17,2.39,Normal,0
7.907,9351.6,19.84,42.98,2.166,21.3,93.94,0.8088,125.36,1225.56,0.0,17.79,1.39,Normal,0
6.111,9466.2,20.03,44.85,2.24,19.86,99.67,0.7725,131.54,1040.55,25.53,-6.37,5.89,Surge_Risk,1
12.844,9201.8,20.04,36.45,1.819,19.87,73.4,0.823,93.98,1466.79,0.0,49.39,5.66,Mechanical_Vibration,1
14.37,9308.7,19.78,33.64,1.701,19.53,67.51,0.8074,82.67,1471.21,28.9,54.77,2.37,Normal,0
10.771,9796.6,19.69,41.64,2.115,20.32,89.89,0.8124,120.6,1599.08,21.74,39.66,1.0,Normal,0
12.362,9557.7,19.82,38.28,1.931,19.64,78.54,0.8285,104.12,1553.46,0.0,47.42,1.96,Normal,0
10.966,9391.6,19.98,36.38,1.821,21.2,84.53,0.7097,95.9,1481.88,0.0,40.73,2.4,Impeller_Fouling,1
12.56,9522.5,19.99,35.95,1.798,19.41,79.55,0.7245,92.96,1611.7,56.57,48.25,1.83,Impeller_Fouling,1
8.754,9534.2,20.05,44.13,2.201,22.19,94.09,0.8355,128.17,1342.84,0.0,25.75,1.82,Normal,0
11.395,9604.5,19.98,40.53,2.028,20.85,84.56,0.8321,113.11,1549.01,0.0,42.96,1.52,Normal,0
10.639,9432.9,20.06,40.94,2.04,18.95,83.25,0.8272,113.49,1459.68,0.0,38.91,2.08,Normal,0
11.594,9696.9,19.83,40.13,2.024,21.22,84.4,0.8368,112.8,1562.9,0.0,43.94,2.26,Normal,0
9.808,9468.9,19.82,41.56,2.096,17.74,85.97,0.8107,118.03,1427.83,8.26,33.73,1.48,Normal,0
9.351,9236.9,20.13,41.75,2.074,21.34,89.0,0.8139,117.5,1349.87,3.6,30.49,6.54,Mechanical_Vibration,1
13.731,9724.1,20.02,36.76,1.836,22.4,78.99,0.8004,96.64,1657.89,56.08,52.66,2.04,Normal,0
12.388,9525.7,19.95,38.35,1.922,16.81,75.6,0.8167,102.45,1553.87,12.36,47.53,2.0,Normal,0
12.612,9716.7,19.96,38.78,1.943,18.22,78.93,0.81,104.93,1633.77,33.81,48.46,1.59,Normal,0
12.031,9746.6,20.08,40.02,1.993,21.8,85.75,0.8111,110.66,1641.56,19.76,45.97,2.21,Normal,0
8.044,9370.1,20.28,44.6,2.199,21.8,95.4,0.8164,128.21,1263.19,13.44,19.19,2.12,Normal,0
10.775,9474.2,19.85,36.94,1.861,22.31,89.54,0.6993,100.31,1545.58,38.63,39.68,2.55,Impeller_Fouling,1
6.278,9469.5,20.39,45.21,2.217,18.7,99.74,0.7498,129.65,1085.41,50.54,-3.54,4.07,Surge_Risk,1
9.225,9550.3,19.97,42.8,2.143,18.74,89.92,0.8062,122.44,1400.98,6.51,29.54,2.23,Normal,0
11.679,9460.2,19.88,38.89,1.956,19.87,80.56,0.8224,106.49,1512.36,0.0,44.35,1.35,Normal,0
10.079,9686.4,20.14,43.05,2.138,17.76,88.47,0.8057,121.57,1520.66,29.23,35.51,1.99,Normal,0
10.158,9520.2,19.88,41.5,2.088,20.69,88.01,0.8234,118.28,1459.15,0.0,36.01,1.31,Normal,0
7.884,9312.8,19.94,43.38,2.176,22.81,95.11,0.8208,126.62,1216.38,0.0,17.56,1.85,Normal,0
14.295,9777.7,19.8,34.99,1.767,23.69,74.4,0.8331,90.14,1546.65,0.0,54.53,1.37,Normal,0
12.865,9502.7,19.81,37.41,1.888,20.03,76.54,0.8322,100.34,1551.02,0.0,49.48,1.41,Normal,0
11.478,9598.5,20.24,38.4,1.897,19.73,85.61,0.7284,102.39,1613.5,56.89,43.37,2.49,Impeller_Fouling,1
13.86,9388.0,19.8,34.58,1.746,21.07,70.44,0.829,87.33,1460.11,0.0,53.1,1.5,Normal,0
10.979,9370.5,19.89,39.63,1.993,20.83,84.18,0.8154,110.23,1484.1,0.44,40.8,2.37,Normal,0
10.823,9434.7,20.42,41.58,2.036,22.32,89.37,0.8022,114.76,1548.43,48.84,39.94,1.21,Normal,0
9.015,9262.3,20.88,44.11,2.112,18.13,84.72,0.8383,119.1,1280.75,0.0,27.9,2.2,Normal,0
7.937,9338.3,19.73,43.36,2.197,19.04,90.84,0.8269,126.68,1216.02,0.0,18.11,1.23,Normal,0
8.991,9682.5,20.01,44.33,2.215,19.45,93.84,0.8102,128.6,1427.18,21.62,27.71,1.37,Normal,0
14.616,9533.7,20.15,34.26,1.7,19.82,67.71,0.8092,82.69,1493.44,9.09,55.53,1.2,Normal,0
11.102,9714.7,20.29,41.64,2.052,21.6,87.72,0.8198,115.65,1566.18,0.0,41.45,2.03,Normal,0
8.785,9252.7,20.18,42.35,2.099,20.46,87.79,0.8287,119.06,1262.09,0.0,26.01,1.19,Normal,0
6.336,9504.1,19.67,44.53,2.264,19.9,101.93,0.764,133.72,1108.86,55.91,-2.59,5.22,Surge_Risk,1
8.66,9704.8,19.73,44.09,2.235,22.17,98.4,0.8081,131.44,1408.55,18.84,24.95,1.56,Normal,0
6.762,9707.4,20.32,46.14,2.27,18.07,100.66,0.7579,133.54,1191.51,51.34,3.88,4.36,Surge_Risk,1
10.54,9250.3,20.25,40.43,1.996,18.0,81.33,0.8105,109.52,1424.23,7.01,38.33,2.01,Normal,0
8.144,9506.9,19.56,43.44,2.221,24.0,99.08,0.8172,130.92,1304.71,5.76,20.19,7.96,Mechanical_Vibration,1
10.873,9345.2,20.06,40.16,2.002,20.19,85.06,0.8018,110.99,1505.08,36.1,40.22,1.04,Normal,0
8.251,9613.9,20.21,45.27,2.24,18.4,92.4,0.823,129.94,1302.86,0.0,21.23,1.87,Normal,0
7.889,9503.4,20.07,45.14,2.249,20.39,94.79,0.8278,131.41,1252.35,0.0,17.61,1.91,Normal,0
9.3,9410.1,19.51,41.35,2.119,19.58,88.16,0.8234,120.47,1360.66,0.0,30.11,1.62,Normal,0
12.874,9220.5,20.25,36.71,1.813,19.13,71.86,0.8279,93.15,1448.5,0.0,49.51,1.38,Normal,0
8.78,9699.1,19.93,44.52,2.234,19.99,95.14,0.8129,130.33,1407.8,17.11,25.97,1.81,Normal,0
13.264,9245.1,19.96,36.05,1.806,20.79,73.81,0.8227,93.07,1500.57,19.4,50.99,7.16,Mechanical_Vibration,1
7.01,9577.2,20.34,44.72,2.199,20.44,97.11,0.7836,128.2,1146.81,0.0,7.28,3.71,Surge_Risk,1
11.796,9489.7,20.01,39.25,1.961,21.94,83.45,0.8211,107.77,1548.19,0.0,44.9,1.05,Normal,0
11.955,9569.1,19.92,38.84,1.95,20.48,82.3,0.8066,106.39,1576.99,10.59,45.63,1.24,Normal,0
14.055,9600.6,19.87,35.5,1.787,22.41,75.17,0.8156,91.82,1582.35,29.43,53.75,1.44,Normal,0
9.924,9477.4,20.25,42.62,2.105,19.54,87.19,0.8259,119.21,1432.41,0.0,34.5,5.82,Mechanical_Vibration,1
10.059,9694.5,19.62,41.99,2.14,20.02,89.48,0.8258,122.39,1490.84,0.0,35.38,2.19,Normal,0
10.954,9565.5,19.89,41.05,2.064,21.01,89.35,0.8005,116.71,1597.12,64.58,40.66,1.83,Normal,0
11.975,9641.8,20.17,39.89,1.978,18.93,81.49,0.811,108.24,1598.29,20.79,45.72,1.11,Normal,0
6.837,9457.8,19.52,43.19,2.213,20.92,101.52,0.7566,130.13,1175.8,59.31,4.93,5.12,Surge_Risk,1
10.432,9582.5,19.94,41.69,2.091,20.04,86.11,0.8377,118.09,1470.66,0.0,37.69,1.35,Normal,0
11.405,9322.2,20.31,39.34,1.937,19.54,80.47,0.8066,104.87,1482.78,0.39,43.0,2.37,Normal,0
12.21,9264.8,20.44,38.63,1.89,20.3,78.34,0.8136,100.76,1512.18,22.05,46.77,1.7,Normal,0
8.166,9547.7,19.57,43.35,2.215,18.68,92.87,0.8101,128.24,1292.57,6.0,20.4,1.1,Normal,0
11.195,9262.3,19.69,35.75,1.816,21.32,85.19,0.7014,95.58,1525.59,57.35,41.94,2.33,Impeller_Fouling,1
6.473,9538.6,19.53,43.55,2.23,18.62,96.56,0.7817,129.99,1076.44,3.27,-0.42,5.3,Surge_Risk,1
8.817,9264.5,20.12,42.56,2.115,21.04,90.8,0.8127,120.95,1312.24,8.7,26.28,1.56,Normal,0
11.63,9542.8,19.99,36.34,1.818,20.03,85.68,0.6829,95.64,1628.83,79.96,44.11,2.61,Impeller_Fouling,1
9.208,9770.4,20.16,44.85,2.225,19.41,91.6,0.8369,128.9,1418.22,0.0,29.41,2.19,Normal,0
9.574,9664.9,20.03,43.49,2.172,16.28,86.86,0.8202,123.52,1441.74,2.56,32.11,1.59,Normal,0
13.143,9510.3,20.12,33.83,1.681,22.05,74.71,0.7306,82.08,1476.63,0.0,50.54,2.27,Impeller_Fouling,1
8.768,9481.9,19.82,42.97,2.169,21.75,93.93,0.816,125.66,1350.26,0.51,25.86,2.37,Normal,0
11.215,9335.5,19.7,39.13,1.986,22.98,85.38,0.8281,110.25,1493.11,0.0,42.04,1.4,Normal,0
13.344,9251.7,20.01,35.82,1.79,19.75,72.39,0.813,91.32,1498.9,23.26,51.29,2.0,Normal,0
9.359,9281.3,19.81,39.24,1.981,19.33,89.86,0.7302,109.88,1408.27,60.46,30.54,2.54,Impeller_Fouling,1
12.02,9524.0,19.5,38.0,1.948,19.33,78.19,0.8394,105.42,1509.51,0.0,45.92,1.92,Normal,0
12.008,9737.0,20.25,40.34,1.992,20.68,82.87,0.8284,109.92,1593.32,0.0,45.87,2.33,Normal,0
13.236,9346.8,20.04,36.01,1.797,22.51,75.4,0.8221,92.78,1493.8,0.0,50.89,1.67,Normal,0
11.38,9570.4,20.29,36.92,1.82,18.06,80.75,0.7087,94.79,1522.07,0.0,42.88,6.42,Combined_Fault,1
11.28,9444.3,19.9,39.2,1.97,21.66,84.89,0.8054,108.65,1521.71,1.99,42.38,1.69,Normal,0
14.163,9301.5,20.41,34.92,1.711,21.62,69.35,0.8255,84.08,1442.51,0.0,54.11,2.34,Normal,0
9.799,9692.3,20.32,43.94,2.162,19.61,91.46,0.8108,124.3,1502.27,21.42,33.67,2.2,Normal,0
9.423,9219.1,19.95,41.34,2.072,19.47,84.99,0.8319,116.3,1317.28,0.0,31.02,1.6,Normal,0
6.937,9444.7,20.0,43.08,2.153,20.5,95.7,0.7764,124.57,1112.97,0.0,6.3,5.88,Surge_Risk,1
10.901,9688.5,19.82,41.49,2.094,21.08,89.28,0.818,119.03,1586.27,25.0,40.37,6.56,Mechanical_Vibration,1
13.343,9759.7,20.0,37.42,1.871,18.78,74.83,0.8233,98.46,1595.7,0.0,51.29,1.03,Normal,0
8.692,9397.6,19.84,39.83,2.008,21.31,99.06,0.6865,113.88,1441.94,120.14,25.22,2.54,Impeller_Fouling,1
12.958,9359.8,20.02,36.73,1.835,21.36,76.28,0.819,95.99,1518.59,0.0,49.84,1.17,Normal,0
7.932,9756.8,20.42,47.31,2.317,19.5,99.32,0.804,136.92,1350.78,44.59,18.06,1.47,Normal,0
14.204,9617.3,19.99,35.44,1.773,21.61,73.18,0.8196,90.17,1562.81,18.38,54.24,1.63,Normal,0
9.54,9319.6,19.96,41.55,2.082,19.9,87.78,0.8122,117.63,1381.65,7.52,31.86,1.34,Normal,0
11.349,9301.4,20.28,39.78,1.961,19.31,79.75,0.8275,106.71,1463.48,0.0,42.72,1.89,Normal,0
8.822,9686.4,19.99,44.51,2.227,19.86,94.75,0.8116,129.68,1409.68,18.15,26.32,1.93,Normal,0
11.588,9428.7,19.51,38.59,1.978,18.61,81.95,0.8009,108.26,1566.28,55.49,43.91,1.11,Normal,0
13.724,9450.8,20.02,35.93,1.794,20.26,72.1,0.8293,91.73,1518.0,0.11,52.64,1.57,Normal,0
11.756,9332.9,20.1,39.0,1.94,24.41,83.99,0.8379,106.51,1494.19,0.0,44.71,2.26,Normal,0
13.726,9725.4,19.93,36.33,1.823,19.3,73.11,0.8202,94.16,1575.8,0.0,52.64,1.35,Normal,0
10.249,9639.1,20.1,42.3,2.104,19.32,86.67,0.8283,119.04,1472.83,0.0,36.58,1.51,Normal,0
6.273,9533.2,20.36,45.78,2.248,18.09,96.5,0.7842,131.2,1049.4,6.86,-3.63,4.57,Surge_Risk,1
12.67,9309.4,19.85,33.91,1.708,18.33,71.82,0.7336,83.73,1446.0,0.0,48.7,2.8,Impeller_Fouling,1
9.974,9431.9,20.14,38.67,1.92,18.16,89.55,0.6869,104.62,1519.24,93.99,34.83,7.17,Combined_Fault,1
8.587,9706.1,20.09,42.56,2.118,21.35,103.45,0.7043,123.38,1504.17,125.88,24.3,2.08,Impeller_Fouling,1
13.78,9246.9,20.13,35.37,1.757,20.68,70.69,0.8275,88.29,1470.36,6.37,52.83,1.59,Normal,0
13.439,9316.4,20.02,35.4,1.768,20.07,70.31,0.8317,89.15,1440.66,0.0,51.63,1.81,Normal,0
13.934,9668.5,20.2,35.95,1.779,18.41,70.29,0.8119,89.88,1542.48,0.0,53.35,1.75,Normal,0
11.644,9726.0,20.29,41.13,2.026,19.66,82.53,0.838,112.4,1561.91,0.0,44.18,2.4,Normal,0
7.865,9341.2,19.81,43.35,2.188,22.15,95.12,0.8184,127.42,1224.49,0.0,17.35,1.96,Normal,0
10.65,9376.4,20.0,40.62,2.031,17.31,82.35,0.8093,112.31,1477.99,27.32,38.97,1.75,Normal,0
13.078,9319.3,19.69,35.68,1.812,20.05,74.54,0.8044,93.53,1520.53,19.79,50.3,1.84,Normal,0
11.644,9358.6,19.99,39.46,1.975,22.65,85.28,0.8175,109.25,1556.03,40.83,44.18,6.29,Mechanical_Vibration,1
10.827,9769.4,19.82,39.16,1.976,21.41,91.33,0.738,110.09,1615.01,35.49,39.96,2.06,Impeller_Fouling,1
12.879,9620.7,19.74,37.23,1.886,18.41,76.22,0.8092,99.8,1588.42,14.05,49.53,1.67,Normal,0
12.184,9226.7,19.66,36.69,1.866,18.23,75.23,0.8059,98.0,1481.72,12.22,46.65,1.26,Normal,0
12.442,9715.7,19.83,36.12,1.822,17.9,81.13,0.7039,94.97,1678.62,81.2,47.76,1.83,Impeller_Fouling,1
14.281,9641.4,20.34,35.31,1.736,19.92,68.65,0.8273,86.03,1485.05,0.0,54.48,6.52,Mechanical_Vibration,1
13.506,9613.9,20.05,36.77,1.834,19.66,73.49,0.8294,95.26,1551.33,0.0,51.87,8.06,Mechanical_Vibration,1
14.095,9368.0,20.21,31.54,1.561,17.73,62.11,0.7237,68.53,1334.73,0.0,53.88,2.06,Impeller_Fouling,1
10.239,9259.8,20.01,40.49,2.024,16.58,81.28,0.8072,111.43,1413.5,18.85,36.52,1.69,Normal,0
14.303,9456.6,20.53,35.49,1.728,22.59,72.15,0.8151,86.19,1512.48,11.8,54.56,1.65,Normal,0
11.612,9253.1,19.62,37.86,1.93,21.18,80.91,0.8213,104.67,1479.85,0.23,44.02,1.87,Normal,0
10.568,9313.4,19.88,40.07,2.015,22.67,87.79,0.8129,112.94,1468.39,11.22,38.5,1.85,Normal,0
14.036,9763.5,19.86,36.02,1.813,20.33,75.02,0.8038,93.8,1637.92,51.61,53.69,1.59,Normal,0
11.952,9464.5,19.9,38.79,1.949,21.89,83.89,0.8075,106.81,1581.05,34.59,45.62,1.48,Normal,0
8.819,9408.8,19.49,42.12,2.161,19.43,92.14,0.8013,124.32,1368.24,40.07,26.3,1.16,Normal,0
13.587,9767.8,19.99,37.25,1.863,21.19,78.74,0.8043,98.75,1668.29,55.64,52.16,1.71,Normal,0
12.635,9618.3,20.3,38.53,1.898,20.46,78.4,0.8214,101.53,1561.89,0.0,48.56,1.87,Normal,0
8.517,9734.6,19.71,44.46,2.256,21.97,99.76,0.8025,133.18,1413.51,33.69,23.68,1.07,Normal,0
6.066,9428.1,20.31,44.79,2.205,18.6,98.84,0.7511,128.59,1038.6,40.37,-7.15,4.87,Surge_Risk,1
10.289,9286.7,19.87,40.15,2.021,20.73,84.08,0.8316,112.4,1390.68,0.0,36.83,2.03,Normal,0
10.202,9438.1,20.01,41.17,2.058,18.9,85.58,0.8097,115.2,1451.51,5.32,36.29,1.56,Normal,0
12.376,9211.5,19.85,36.9,1.859,20.76,75.99,0.831,97.92,1458.33,0.0,47.48,1.29,Normal,0
8.531,9642.3,20.34,45.56,2.24,18.44,91.77,0.8295,129.77,1334.63,0.0,23.8,7.98,Mechanical_Vibration,1
10.895,9612.7,20.03,41.53,2.074,20.34,88.79,0.8029,117.26,1591.25,53.28,40.34,1.54,Normal,0
10.498,9398.2,19.83,40.54,2.044,21.49,88.39,0.8063,115.1,1498.57,30.41,38.09,1.97,Normal,0
14.354,9263.4,19.69,33.26,1.689,21.44,69.49,0.8007,82.09,1471.6,30.64,54.72,1.68,Normal,0
12.506,9500.6,19.99,37.95,1.899,18.79,75.67,0.8313,100.89,1517.73,0.0,48.02,1.74,Normal,0
9.545,9553.9,19.84,43.07,2.171,18.64,90.86,0.809,124.67,1470.89,48.17,31.9,2.32,Normal,0
9.585,9317.3,20.21,42.25,2.09,21.65,90.52,0.8105,119.1,1408.43,22.98,32.19,1.05,Normal,0
10.987,9383.3,20.18,37.15,1.841,18.55,80.73,0.7289,96.7,1457.66,0.0,40.84,2.02,Impeller_Fouling,1
11.352,9438.9,20.15,39.93,1.982,20.16,83.0,0.8132,109.02,1521.94,8.55,42.74,1.44,Normal,0
9.886,9691.9,20.0,43.48,2.174,17.19,88.54,0.8153,124.13,1505.14,29.79,34.25,2.17,Normal,0
10.788,9780.3,19.49,37.39,1.919,18.23,86.06,0.7186,104.01,1561.42,0.0,39.75,2.84,Impeller_Fouling,1
12.809,9519.2,20.14,37.65,1.869,20.94,76.65,0.832,98.89,1522.48,0.0,49.26,1.0,Normal,0
13.818,9470.5,19.88,34.92,1.757,21.12,72.35,0.8103,88.56,1510.17,0.0,52.96,1.32,Normal,0
8.988,9488.4,19.63,42.43,2.162,19.99,90.21,0.8287,124.16,1346.57,0.0,27.68,2.0,Normal,0
8.68,9641.6,20.39,45.41,2.227,19.25,94.65,0.8055,129.6,1396.39,32.17,25.11,2.05,Normal,0
12.605,9481.8,20.18,38.35,1.901,21.21,81.07,0.8007,102.27,1609.81,55.86,48.43,1.01,Normal,0
12.616,9219.8,19.65,36.34,1.85,20.67,75.33,0.8317,97.01,1471.45,0.0,48.48,1.43,Normal,0
11.243,9221.6,19.95,38.75,1.942,20.82,80.34,0.8307,105.51,1427.93,0.0,42.19,1.34,Normal,0
8.828,9795.0,19.78,44.27,2.238,20.5,94.31,0.8291,130.58,1390.37,0.0,26.37,8.31,Mechanical_Vibration,1
7.282,9730.7,20.14,45.6,2.264,18.16,101.54,0.749,133.26,1295.49,81.39,10.74,4.35,Surge_Risk,1
11.563,9305.4,20.34,39.84,1.959,19.45,78.82,0.8398,106.37,1464.58,0.0,43.78,1.51,Normal,0
13.179,9435.7,19.64,35.99,1.832,20.56,76.35,0.8036,95.66,1568.92,36.7,50.68,1.3,Normal,0
11.398,9501.3,19.91,39.78,1.998,20.02,82.8,0.8229,110.24,1526.88,0.0,42.97,1.58,Normal,0
12.531,9758.2,20.15,39.42,1.956,19.05,79.58,0.8224,106.21,1618.38,2.96,48.13,2.11,Normal,0
9.563,9643.3,19.75,40.51,2.051,20.13,94.42,0.7344,116.41,1515.77,63.44,32.03,2.78,Impeller_Fouling,1
12.255,9557.6,19.46,37.47,1.925,19.05,77.43,0.8301,103.39,1526.36,0.0,46.96,1.69,Normal,0
6.86,9675.0,20.15,45.93,2.279,23.9,108.26,0.7605,136.89,1234.75,64.17,5.24,3.91,Surge_Risk,1
7.054,9797.3,19.57,45.19,2.309,19.56,101.45,0.7829,136.8,1232.56,30.3,7.86,4.24,Surge_Risk,1
10.374,9626.1,20.11,39.11,1.945,19.66,89.09,0.7214,106.87,1536.76,29.68,37.34,2.7,Impeller_Fouling,1
11.17,9783.7,19.76,38.06,1.925,20.16,92.54,0.6855,105.86,1724.97,131.09,41.81,2.26,Impeller_Fouling,1
13.442,9293.0,19.84,35.6,1.794,20.11,72.5,0.8208,91.75,1502.56,17.04,51.64,4.82,Mechanical_Vibration,1
9.644,9456.7,19.86,41.84,2.106,18.75,87.91,0.8084,119.3,1423.2,14.46,32.6,1.08,Normal,0
11.76,9423.3,20.05,39.45,1.968,20.64,82.74,0.8146,107.93,1558.09,33.28,44.73,2.31,Normal,0
9.088,9232.9,20.18,39.6,1.962,20.48,93.46,0.7007,109.11,1415.13,96.25,28.48,1.92,Impeller_Fouling,1
12.824,9687.1,20.24,38.64,1.909,21.4,79.6,0.8272,102.72,1592.58,0.0,49.32,1.21,Normal,0
7.802,9535.0,19.94,40.39,2.025,19.71,97.42,0.6918,114.71,1293.59,46.83,16.68,2.26,Impeller_Fouling,1
14.369,9744.9,20.19,35.47,1.757,20.33,71.8,0.8049,88.4,1578.13,17.52,54.76,1.3,Normal,0
12.035,9217.7,19.58,34.25,1.749,19.25,76.39,0.723,88.15,1467.23,0.0,45.99,1.93,Impeller_Fouling,1
9.925,9467.0,19.95,42.24,2.118,19.52,89.82,0.8043,120.64,1488.56,51.96,34.51,2.22,Normal,0
9.689,9649.5,19.92,42.8,2.148,18.5,88.49,0.8205,122.53,1446.92,0.0,32.91,1.62,Normal,0
8.963,9507.5,19.74,43.02,2.179,22.36,95.39,0.814,126.84,1396.7,19.25,27.48,1.93,Normal,0
11.65,9340.4,20.2,39.63,1.962,22.29,84.0,0.8197,107.92,1533.83,24.99,44.21,1.79,Normal,0
8.266,9629.3,20.07,44.78,2.231,19.3,91.52,0.839,129.28,1273.7,0.0,21.37,1.68,Normal,0
12.023,9698.1,19.94,39.65,1.989,20.21,83.47,0.8125,109.65,1622.67,22.51,45.94,2.27,Normal,0
8.034,9722.2,19.53,44.18,2.263,20.94,95.63,0.8326,132.69,1280.32,0.0,19.09,1.66,Normal,0
10.13,9691.2,19.86,42.31,2.13,17.99,88.27,0.807,121.03,1519.2,21.65,35.84,1.85,Normal,0
7.152,9486.0,20.31,45.04,2.217,21.03,99.56,0.7765,130.11,1198.42,35.48,9.12,4.33,Surge_Risk,1
9.039,9501.9,19.91,42.95,2.158,19.64,92.24,0.8011,124.1,1400.23,29.52,28.09,2.28,Normal,0
14.694,9735.7,20.12,35.02,1.741,21.97,70.82,0.8351,87.06,1531.8,0.0,55.76,2.25,Normal,0
11.739,9595.5,20.19,40.19,1.99,19.55,83.49,0.804,109.68,1601.45,38.34,44.63,2.07,Normal,0
10.669,9571.6,19.63,40.85,2.081,19.74,87.22,0.8157,117.45,1536.1,23.92,39.08,6.57,Mechanical_Vibration,1
9.607,9468.6,20.04,42.18,2.105,22.3,92.91,0.8015,120.76,1447.5,21.79,32.34,1.21,Normal,0
14.058,9592.3,20.11,35.82,1.781,21.68,72.52,0.8375,90.83,1524.8,0.0,53.76,2.13,Normal,0
8.198,9581.4,19.78,44.5,2.249,19.02,91.98,0.8391,130.63,1276.15,0.0,20.71,1.92,Normal,0
6.542,9498.2,20.52,45.16,2.2,20.14,97.45,0.7779,128.31,1079.1,0.0,0.64,4.05,Surge_Risk,1
10.48,9296.9,19.9,37.65,1.891,21.55,88.2,0.7212,102.57,1490.38,47.99,37.98,2.14,Impeller_Fouling,1
10.164,9300.9,19.9,36.33,1.825,20.12,83.85,0.7062,96.03,1382.06,0.0,36.05,6.04,Combined_Fault,1
8.05,9507.1,20.08,44.58,2.22,18.61,91.21,0.8282,128.29,1247.06,0.0,19.26,1.69,Normal,0
6.027,9256.5,19.8,43.63,2.203,20.33,100.79,0.7525,129.18,1034.62,63.64,-7.85,5.3,Surge_Risk,1
12.005,9243.8,19.99,35.98,1.8,22.0,82.46,0.7277,93.89,1548.83,58.47,45.86,2.13,Impeller_Fouling,1
8.635,9574.4,19.86,44.17,2.224,19.93,93.28,0.826,129.26,1351.3,3.2,24.72,1.04,Normal,0
13.259,9481.6,20.52,37.73,1.839,19.74,73.69,0.8314,95.69,1526.11,0.0,50.98,1.73,Normal,0
9.762,9714.8,20.22,43.76,2.164,19.63,92.42,0.8021,124.59,1516.22,33.05,33.41,1.32,Normal,0
10.542,9339.1,20.34,41.39,2.035,23.18,87.35,0.8366,114.54,1443.25,0.0,38.34,1.18,Normal,0
11.432,9451.1,19.99,39.31,1.966,16.76,78.71,0.8056,106.48,1511.1,9.31,43.14,1.26,Normal,0
12.893,9238.9,20.02,36.76,1.836,19.38,73.42,0.8272,95.38,1486.72,7.9,49.59,1.66,Normal,0
13.744,9432.7,20.37,36.17,1.776,18.03,68.1,0.835,89.22,1468.5,0.0,52.71,1.88,Normal,0
9.439,9380.7,19.95,42.26,2.118,21.43,90.61,0.8209,121.16,1393.26,6.09,31.14,1.24,Normal,0
13.32,9383.3,19.77,35.78,1.81,19.29,73.36,0.8067,93.07,1536.79,28.3,51.2,2.37,Normal,0
13.288,9398.7,19.93,35.96,1.804,20.27,73.39,0.8187,92.78,1505.96,0.0,51.09,5.97,Mechanical_Vibration,1
7.255,9525.1,20.07,43.35,2.16,19.07,96.86,0.753,124.99,1204.12,28.61,10.4,4.86,Surge_Risk,1
11.388,9624.1,19.85,40.13,2.021,20.85,85.84,0.8132,112.77,1579.22,13.38,42.92,2.12,Normal,0
9.722,9548.4,20.28,39.36,1.94,18.95,88.29,0.7182,106.25,1438.25,0.82,33.14,2.47,Impeller_Fouling,1
7.939,9390.9,20.28,39.97,1.971,20.66,93.6,0.7059,109.86,1235.58,0.0,18.13,5.16,Combined_Fault,1
8.388,9441.7,19.87,40.62,2.045,20.06,94.71,0.7277,115.9,1335.94,41.43,22.51,2.74,Impeller_Fouling,1
10.959,9765.4,20.66,43.0,2.081,16.41,83.15,0.8154,116.12,1560.82,2.13,40.69,1.61,Normal,0
10.323,9787.6,20.58,40.6,1.973,19.44,91.73,0.7101,109.53,1592.29,50.18,37.04,2.32,Impeller_Fouling,1
12.134,9755.3,19.96,39.58,1.983,18.59,81.81,0.8057,108.68,1636.53,28.25,46.43,1.44,Normal,0
10.313,9606.3,20.0,39.62,1.981,20.63,96.91,0.6832,111.2,1678.7,175.49,36.98,3.08,Impeller_Fouling,1
9.45,9692.4,20.0,43.48,2.175,21.32,92.57,0.8272,125.77,1436.65,0.0,31.22,5.95,Mechanical_Vibration,1
11.145,9785.8,20.03,41.42,2.068,19.68,87.13,0.8089,116.43,1604.05,13.38,41.68,1.77,Normal,0
9.429,9351.9,20.15,42.24,2.096,19.05,86.76,0.8197,118.4,1362.04,0.0,31.06,2.22,Normal,0
8.965,9627.2,19.79,43.45,2.195,20.24,91.79,0.8315,126.93,1368.6,0.0,27.5,1.49,Normal,0
12.734,9715.3,19.62,37.53,1.913,20.27,77.77,0.8362,102.59,1562.28,0.0,48.95,1.61,Normal,0
11.848,9492.9,20.01,39.01,1.95,21.18,81.41,0.8276,106.36,1522.69,0.0,45.14,2.1,Normal,0
14.014,9426.2,19.97,34.81,1.743,20.39,69.51,0.8287,86.85,1468.62,0.0,53.62,8.01,Mechanical_Vibration,1
12.011,9201.3,20.29,38.43,1.894,19.35,76.62,0.8243,100.74,1467.9,1.79,45.88,1.7,Normal,0
11.391,9478.9,19.94,39.73,1.993,20.0,81.74,0.8326,109.68,1500.64,0.0,42.94,2.09,Normal,0
14.054,9673.1,19.75,31.98,1.62,21.29,72.52,0.6936,75.82,1536.38,0.0,53.75,3.17,Impeller_Fouling,1
8.158,9721.0,20.52,47.13,2.296,20.9,97.38,0.8298,135.41,1331.34,0.0,20.33,1.7,Normal,0
9.17,9495.1,20.02,42.97,2.147,19.19,87.54,0.8389,122.35,1337.37,0.0,29.11,1.21,Normal,0
13.356,9361.6,20.43,36.65,1.794,22.13,74.13,0.8314,92.25,1481.87,0.0,51.33,2.31,Normal,0
11.715,9695.4,19.76,39.75,2.012,19.24,83.92,0.8075,111.44,1616.8,30.14,44.52,1.63,Normal,0
10.065,9560.6,20.27,38.71,1.909,18.99,84.4,0.7387,103.1,1404.85,0.0,35.42,2.97,Impeller_Fouling,1
14.155,9291.7,20.06,34.42,1.716,18.99,67.3,0.8145,83.96,1459.1,10.6,54.08,1.64,Normal,0
14.61,9406.7,19.54,30.88,1.581,21.58,69.71,0.6987,71.74,1500.14,39.54,55.51,2.35,Impeller_Fouling,1
7.238,9606.2,20.2,45.29,2.243,20.32,99.33,0.7817,131.78,1220.19,26.39,10.2,5.54,Surge_Risk,1
11.468,9475.5,20.0,39.42,1.971,18.94,80.39,0.8202,107.54,1503.55,0.0,43.32,1.74,Normal,0
