timestamp,hot_mass_flow_kg_s,cold_mass_flow_kg_s,hot_temp_in_c,hot_temp_out_c,cold_temp_in_c,cold_temp_out_c,hot_press_in_bar,hot_press_out_bar,cold_press_in_bar,cold_press_out_bar,hot_dp_bar,cold_dp_bar,heat_duty_kw,lmtd_c,u_actual_w_m2k,fouling_factor_rf_m2k_w,thermal_effectiveness,fault_class,fault_description
2026-01-01 00:00:00,19.096,31.751,146.62,58.81,30.28,61.21,11.953,11.018,4.477,3.931,0.9353,0.5458,4108.13,51.87,633.58,9.7e-05,0.7548,0,Normal Clean
2026-01-01 00:15:00,17.941,32.436,140.22,50.43,25.41,54.49,11.888,11.079,4.399,3.833,0.8088,0.5662,3946.62,49.29,640.52,8.5e-05,0.7821,0,Normal Clean
2026-01-01 00:30:00,17.847,32.2,142.12,53.39,28.56,57.36,11.88,11.097,4.471,3.924,0.7829,0.5467,3879.99,48.81,636.0,0.000121,0.7814,0,Normal Clean
2026-01-01 00:45:00,16.148,29.609,145.49,50.26,29.11,59.52,12.034,11.374,4.488,4.034,0.6604,0.4544,3767.66,46.23,652.04,8.7e-05,0.8182,0,Normal Clean
2026-01-01 01:00:00,18.889,31.307,143.31,56.4,28.92,59.62,12.206,11.328,4.593,4.073,0.8783,0.5201,4021.67,50.48,637.37,0.000106,0.7597,0,Normal Clean
2026-01-01 01:15:00,18.277,30.009,142.01,54.39,29.22,60.47,12.271,11.424,4.493,3.985,0.8475,0.5075,3923.71,47.95,654.58,9.2e-05,0.7769,0,Normal Clean
2026-01-01 01:30:00,15.356,33.479,145.22,47.93,27.55,53.68,12.018,11.403,4.301,3.7,0.615,0.6009,3660.14,47.37,618.13,0.000128,0.8268,0,Normal Clean
2026-01-01 01:45:00,18.895,31.046,146.28,56.14,28.15,60.27,12.194,11.316,4.43,3.909,0.8781,0.5208,4172.79,51.69,645.83,8.4e-05,0.763,0,Normal Clean
2026-01-01 02:00:00,16.802,31.243,144.14,51.64,26.8,55.93,11.968,11.253,4.54,4.014,0.7147,0.526,3807.96,50.01,609.19,0.000124,0.7883,0,Normal Clean
2026-01-01 02:15:00,21.456,31.654,145.75,62.71,27.95,60.91,11.766,10.625,4.614,4.038,1.1409,0.5761,4365.49,56.13,622.24,0.000103,0.7049,0,Normal Clean
2026-01-01 02:30:00,17.311,30.981,145.25,52.45,27.24,57.61,11.69,10.955,4.507,3.965,0.7347,0.5422,3935.69,50.1,628.39,0.000102,0.7864,0,Normal Clean
2026-01-01 02:45:00,17.023,32.409,148.27,49.85,25.59,55.86,12.037,11.294,4.526,3.954,0.7426,0.5724,4104.71,50.96,644.43,8.8e-05,0.8023,0,Normal Clean
2026-01-01 03:00:00,17.684,32.418,145.73,51.94,26.93,56.89,12.373,11.615,4.547,3.966,0.7585,0.5819,4063.45,50.36,645.46,0.000106,0.7894,0,Normal Clean
2026-01-01 03:15:00,18.995,33.48,149.74,57.26,27.63,58.36,11.849,10.971,4.411,3.795,0.8781,0.6158,4304.12,54.83,628.04,0.000141,0.7574,0,Normal Clean
2026-01-01 03:30:00,18.182,36.896,146.56,54.12,26.71,53.39,11.786,10.967,4.548,3.831,0.8188,0.7175,4117.98,53.75,612.94,0.000172,0.7713,0,Normal Clean
2026-01-01 03:45:00,16.682,31.196,147.14,52.07,28.32,58.09,11.751,11.04,4.517,3.986,0.711,0.5309,3885.83,49.41,629.22,9.1e-05,0.8002,0,Normal Clean
2026-01-01 04:00:00,19.8,33.897,141.56,56.8,26.59,55.58,12.103,11.118,4.551,3.883,0.985,0.6685,4111.52,53.31,616.95,0.000164,0.7373,0,Normal Clean
2026-01-01 04:15:00,19.282,31.433,146.9,57.74,26.84,58.87,11.953,11.038,4.451,3.901,0.9144,0.5503,4211.76,54.57,617.45,0.00011,0.7426,0,Normal Clean
2026-01-01 04:30:00,18.577,30.06,143.21,56.64,29.02,60.35,11.854,10.959,4.522,4.032,0.8952,0.4895,3940.36,50.28,626.94,7.6e-05,0.7581,0,Normal Clean
2026-01-01 04:45:00,19.523,30.573,144.71,57.32,28.76,61.44,12.173,11.253,4.38,3.847,0.9201,0.5325,4180.32,51.13,654.09,6.8e-05,0.7537,0,Normal Clean
2026-01-01 05:00:00,21.047,33.858,141.2,58.01,27.27,57.55,12.253,11.165,4.429,3.842,1.088,0.5876,4289.57,52.85,649.3,4.8e-05,0.7302,0,Normal Clean
2026-01-01 05:15:00,17.271,31.545,141.88,53.76,30.45,58.7,11.714,10.973,4.456,3.903,0.7406,0.5527,3728.61,47.07,633.77,0.000108,0.7908,0,Normal Clean
2026-01-01 05:30:00,18.739,30.92,145.17,55.8,27.42,59.14,12.023,11.109,4.566,4.067,0.9134,0.4988,4102.98,51.99,631.37,0.00011,0.759,0,Normal Clean
2026-01-01 05:45:00,17.753,31.625,143.77,53.09,27.12,56.92,12.17,11.402,4.536,3.994,0.7684,0.5413,3943.86,50.43,625.6,0.000143,0.7773,0,Normal Clean
2026-01-01 06:00:00,19.397,33.099,144.95,57.08,28.18,58.33,12.256,11.324,4.441,3.829,0.9319,0.6114,4175.63,52.59,635.24,0.000123,0.7525,0,Normal Clean
2026-01-01 06:15:00,18.525,33.228,144.22,56.11,28.49,57.25,11.974,11.1,4.51,3.924,0.8739,0.5857,3999.1,51.75,618.24,0.000117,0.7613,0,Normal Clean
2026-01-01 06:30:00,19.249,33.131,144.97,55.95,26.65,56.94,12.015,11.121,4.432,3.858,0.894,0.5745,4198.33,53.38,629.2,0.000129,0.7524,0,Normal Clean
2026-01-01 06:45:00,18.792,32.441,143.73,56.31,27.29,56.95,12.046,11.193,4.355,3.784,0.8535,0.5708,4024.9,52.73,610.62,0.000162,0.7508,0,Normal Clean
2026-01-01 07:00:00,19.529,31.712,144.95,54.96,26.5,58.95,11.996,11.035,4.471,3.94,0.9609,0.5308,4306.05,52.03,662.05,5.2e-05,0.7598,0,Normal Clean
2026-01-01 07:15:00,18.982,33.242,144.0,56.51,28.34,57.59,12.003,11.103,4.51,3.91,0.8992,0.5996,4068.55,51.97,626.35,0.000149,0.7564,0,Normal Clean
2026-01-01 07:30:00,19.547,32.33,150.47,57.62,26.79,59.66,11.832,10.886,4.44,3.868,0.9456,0.5717,4446.72,55.53,640.66,9.8e-05,0.7507,0,Normal Clean
2026-01-01 07:45:00,17.808,30.383,146.23,52.51,26.02,58.18,12.366,11.583,4.618,4.123,0.7835,0.4949,4088.86,51.25,638.25,0.000128,0.7796,0,Normal Clean
2026-01-01 08:00:00,16.587,30.921,145.01,50.18,28.07,57.86,11.91,11.225,4.562,4.056,0.685,0.5062,3853.9,47.42,650.21,8.4e-05,0.811,0,Normal Clean
2026-01-01 08:15:00,20.033,32.598,143.13,59.52,30.33,60.41,12.023,11.03,4.618,4.038,0.9927,0.58,4103.44,51.39,638.74,0.000118,0.7412,0,Normal Clean
2026-01-01 08:30:00,17.342,33.235,147.65,50.47,25.36,55.05,11.763,11.0,4.296,3.722,0.7631,0.5737,4128.82,51.71,638.74,0.000133,0.7947,0,Normal Clean
2026-01-01 08:45:00,18.433,32.691,144.92,51.81,24.9,55.64,11.982,11.132,4.37,3.804,0.8505,0.5658,4204.72,52.01,646.75,5.4e-05,0.7757,0,Normal Clean
2026-01-01 09:00:00,18.425,33.719,142.54,53.97,28.76,57.09,11.894,11.064,4.421,3.808,0.8298,0.613,3998.01,49.35,648.14,5.9e-05,0.7784,0,Normal Clean
2026-01-01 09:15:00,18.542,30.74,145.53,55.99,27.83,59.46,11.956,11.104,4.561,4.04,0.8514,0.5215,4067.74,51.84,627.78,6.7e-05,0.7607,0,Normal Clean
2026-01-01 09:30:00,20.474,31.552,146.44,60.19,28.47,61.24,12.616,11.638,4.612,4.08,0.9782,0.5315,4326.65,54.13,639.49,7.5e-05,0.7311,0,Normal Clean
2026-01-01 09:45:00,17.202,35.037,147.2,52.7,27.99,55.16,12.296,11.575,4.508,3.885,0.7214,0.6231,3983.05,51.2,622.34,0.000132,0.7927,0,Normal Clean
2026-01-01 10:00:00,19.611,35.437,141.5,55.88,28.84,56.59,11.87,10.923,4.451,3.8,0.9473,0.6508,4114.19,50.57,650.88,7.2e-05,0.7601,0,Normal Clean
2026-01-01 10:15:00,17.411,30.962,146.89,53.54,28.75,59.49,11.804,11.041,4.51,4.017,0.7635,0.4925,3981.93,49.69,641.12,0.000103,0.7902,0,Normal Clean
2026-01-01 10:30:00,16.547,32.087,145.65,49.53,26.64,55.67,12.128,11.449,4.334,3.771,0.6786,0.5633,3896.68,49.01,636.09,8.1e-05,0.8077,0,Normal Clean
2026-01-01 10:45:00,17.808,33.504,142.18,54.0,28.79,56.24,12.288,11.508,4.253,3.651,0.7803,0.6017,3847.02,49.51,621.56,0.000124,0.7777,0,Normal Clean
2026-01-01 11:00:00,19.901,32.458,145.84,57.48,27.38,59.11,11.902,10.927,4.457,3.857,0.9753,0.6001,4308.71,53.51,644.2,0.000102,0.746,0,Normal Clean
2026-01-01 11:15:00,18.01,28.331,142.48,53.62,25.19,58.27,11.93,11.091,4.502,4.048,0.8383,0.4541,3921.04,51.36,610.71,0.000113,0.7576,0,Normal Clean
2026-01-01 11:30:00,16.726,34.059,145.85,51.01,27.38,54.65,12.127,11.436,4.727,4.12,0.6903,0.6075,3886.17,50.03,621.36,0.000159,0.8005,0,Normal Clean
2026-01-01 11:45:00,17.927,32.862,145.83,55.74,29.56,58.33,11.898,11.103,4.473,3.873,0.7949,0.6,3956.85,50.82,622.83,0.000113,0.7748,0,Normal Clean
2026-01-01 12:00:00,18.996,35.378,143.07,53.11,26.13,54.42,11.644,10.745,4.65,4.001,0.8989,0.6484,4186.73,51.84,646.16,0.000134,0.7693,0,Normal Clean
2026-01-01 12:15:00,19.371,32.866,145.56,56.61,26.81,57.52,12.094,11.143,4.688,4.111,0.951,0.5774,4221.67,53.76,628.26,0.000118,0.7491,0,Normal Clean
2026-01-01 12:30:00,16.469,34.753,144.6,50.16,27.36,53.57,11.798,11.113,4.335,3.713,0.6845,0.6215,3810.58,49.29,618.46,0.000138,0.8055,0,Normal Clean
2026-01-01 12:45:00,16.696,31.558,144.32,48.67,23.95,53.59,11.989,11.251,4.477,3.943,0.7386,0.5337,3912.47,50.76,616.56,0.000124,0.7946,0,Normal Clean
2026-01-01 13:00:00,18.517,31.957,145.5,54.58,27.78,58.63,11.885,11.031,4.445,3.922,0.8543,0.5233,4124.63,51.07,646.1,7.1e-05,0.7724,0,Normal Clean
2026-01-01 13:15:00,19.81,34.243,139.82,55.55,27.49,56.03,11.926,10.969,4.359,3.735,0.9569,0.6238,4089.92,50.94,642.29,0.000116,0.7502,0,Normal Clean
2026-01-01 13:30:00,17.871,32.881,141.94,55.21,29.07,56.67,11.952,11.154,4.463,3.865,0.7977,0.5977,3797.3,50.02,607.38,0.000149,0.7684,0,Normal Clean
2026-01-01 13:45:00,18.129,32.587,141.87,53.83,29.39,58.07,11.963,11.14,4.448,3.879,0.8231,0.5687,3910.35,48.18,649.3,8.4e-05,0.7827,0,Normal Clean
2026-01-01 14:00:00,16.002,35.054,145.53,49.58,27.85,53.5,11.891,11.24,4.54,3.884,0.6508,0.6561,3761.66,48.7,617.99,0.000139,0.8154,0,Normal Clean
2026-01-01 14:15:00,16.448,29.573,146.86,51.21,28.26,59.41,11.963,11.271,4.502,4.042,0.6927,0.4602,3854.5,48.22,639.55,7e-05,0.8065,0,Normal Clean
2026-01-01 14:30:00,19.735,32.851,145.64,59.49,29.47,59.78,12.333,11.41,4.601,4.034,0.9229,0.5678,4165.53,53.13,627.18,0.000109,0.7416,0,Normal Clean
2026-01-01 14:45:00,17.629,32.336,143.11,50.89,27.08,56.52,11.719,10.957,4.408,3.856,0.7614,0.5519,3983.36,48.62,655.44,0.000115,0.7949,0,Normal Clean
2026-01-01 15:00:00,17.47,33.261,143.56,52.88,28.18,56.07,12.512,11.73,4.49,3.872,0.7821,0.6188,3881.47,49.64,625.54,0.000113,0.786,0,Normal Clean
2026-01-01 15:15:00,17.825,33.138,147.43,54.7,28.93,58.14,11.686,10.895,4.427,3.855,0.7914,0.5725,4049.9,51.11,633.92,0.000122,0.7826,0,Normal Clean
2026-01-01 15:30:00,18.956,33.099,146.4,57.07,29.62,59.58,12.167,11.283,4.546,3.969,0.8841,0.5771,4148.59,51.56,643.67,8.9e-05,0.7649,0,Normal Clean
2026-01-01 15:45:00,19.764,31.929,146.7,58.11,28.04,60.16,12.006,11.053,4.594,4.056,0.9528,0.5382,4289.96,53.42,642.45,7.9e-05,0.7466,0,Normal Clean
2026-01-01 16:00:00,20.007,30.39,144.53,58.32,27.34,60.58,12.289,11.291,4.52,4.016,0.9984,0.5036,4226.0,53.14,636.25,0.000103,0.7357,0,Normal Clean
2026-01-01 16:15:00,20.191,36.138,144.09,56.96,27.33,55.84,12.291,11.312,4.658,3.995,0.9788,0.6626,4310.17,53.71,641.94,6.6e-05,0.7462,0,Normal Clean
2026-01-01 16:30:00,18.458,32.422,148.88,55.56,26.5,57.61,12.197,11.364,4.479,3.908,0.8324,0.5707,4219.83,54.36,621.04,0.000144,0.7625,0,Normal Clean
2026-01-01 16:45:00,21.446,30.852,143.67,61.2,27.07,60.63,11.889,10.753,4.436,3.903,1.1355,0.5334,4333.22,55.01,630.14,0.000103,0.7072,0,Normal Clean
2026-01-01 17:00:00,17.837,33.139,145.51,51.49,25.73,55.36,12.31,11.521,4.68,4.091,0.7881,0.5888,4108.76,51.4,639.45,0.0001,0.7849,0,Normal Clean
2026-01-01 17:15:00,20.912,31.681,143.0,57.41,25.93,59.01,11.854,10.749,4.497,3.95,1.1044,0.5462,4385.4,53.51,655.67,6e-05,0.7311,0,Normal Clean
2026-01-01 17:30:00,21.532,31.044,143.78,62.64,29.57,62.52,12.136,10.992,4.685,4.142,1.1439,0.5422,4280.32,53.6,638.81,0.000114,0.7104,0,Normal Clean
2026-01-01 17:45:00,19.903,34.488,146.62,57.27,27.75,57.94,12.029,11.07,4.621,3.988,0.9591,0.6325,4357.1,53.78,648.11,0.000102,0.7517,0,Normal Clean
2026-01-01 18:00:00,16.868,33.343,146.61,54.31,31.24,58.59,11.938,11.221,4.522,3.93,0.717,0.5923,3814.57,48.5,629.15,0.000133,0.8001,0,Normal Clean
2026-01-01 18:15:00,18.733,33.933,142.43,54.48,28.2,56.63,11.86,11.001,4.62,4.014,0.8591,0.6055,4036.7,50.3,641.96,9.6e-05,0.7699,0,Normal Clean
2026-01-01 18:30:00,17.834,35.386,141.38,50.38,24.7,51.56,12.088,11.281,4.45,3.788,0.8068,0.6615,3976.23,51.22,621.02,0.000109,0.78,0,Normal Clean
2026-01-01 18:45:00,18.381,35.324,142.32,51.57,25.71,53.36,11.862,11.018,4.495,3.84,0.8432,0.655,4086.93,51.07,640.17,0.000125,0.7782,0,Normal Clean
2026-01-01 19:00:00,18.911,32.822,146.42,55.65,28.67,59.3,12.129,11.225,4.633,4.055,0.9032,0.5778,4205.59,51.31,655.7,5.2e-05,0.7708,0,Normal Clean
2026-01-01 19:15:00,20.661,31.928,141.42,60.22,28.19,58.96,11.864,10.85,4.584,4.034,1.0133,0.5504,4110.49,53.33,616.64,9.2e-05,0.7171,0,Normal Clean
2026-01-01 19:30:00,19.443,32.766,142.58,56.99,27.93,57.67,11.999,11.092,4.384,3.812,0.9073,0.5724,4077.0,52.09,626.1,0.000132,0.7465,0,Normal Clean
2026-01-01 19:45:00,17.682,30.197,144.3,54.25,30.7,61.57,12.128,11.337,4.443,3.941,0.7913,0.5014,3900.87,47.1,662.55,6e-05,0.7927,0,Normal Clean
2026-01-01 20:00:00,19.338,32.708,147.24,57.0,28.95,60.19,12.21,11.27,4.446,3.854,0.94,0.5924,4275.09,52.1,656.48,0.0001,0.7629,0,Normal Clean
2026-01-01 20:15:00,18.737,30.827,143.79,55.54,27.52,58.93,12.085,11.224,4.552,4.02,0.8607,0.5322,4051.19,51.3,631.78,0.000123,0.759,0,Normal Clean
2026-01-01 20:30:00,19.236,30.159,144.36,55.65,25.5,58.63,12.08,11.178,4.565,4.069,0.9017,0.4953,4180.75,53.19,628.86,0.000125,0.7463,0,Normal Clean
2026-01-01 20:45:00,17.949,33.942,144.9,53.04,27.74,56.19,12.177,11.405,4.565,3.93,0.7722,0.6354,4039.9,50.54,639.45,0.000126,0.7841,0,Normal Clean
2026-01-01 21:00:00,19.093,32.469,143.62,54.91,26.99,57.54,11.995,11.097,4.617,4.088,0.8976,0.5292,4149.96,51.65,642.75,0.000112,0.7607,0,Normal Clean
2026-01-01 21:15:00,17.156,29.67,147.9,52.39,27.3,59.64,12.069,11.313,4.495,4.021,0.7563,0.474,4014.48,50.23,639.39,6.3e-05,0.7919,0,Normal Clean
2026-01-01 21:30:00,16.632,31.229,148.75,52.14,29.28,59.4,11.93,11.232,4.465,3.907,0.6979,0.5579,3936.78,48.78,645.65,8.7e-05,0.8086,0,Normal Clean
2026-01-01 21:45:00,18.787,31.534,144.51,54.58,27.89,59.26,11.993,11.116,4.573,4.05,0.8762,0.5231,4138.97,50.43,656.64,5e-05,0.7711,0,Normal Clean
2026-01-01 22:00:00,19.6,32.624,147.5,53.32,23.66,56.79,12.418,11.461,4.486,3.934,0.9562,0.5519,4522.17,54.62,662.39,5.3e-05,0.7605,0,Normal Clean
2026-01-01 22:15:00,20.797,31.657,145.54,61.2,29.31,61.75,12.099,11.025,4.515,3.962,1.0742,0.5532,4297.53,53.73,639.88,0.000117,0.7256,0,Normal Clean
2026-01-01 22:30:00,19.266,29.943,149.08,57.46,26.28,60.8,12.061,11.141,4.425,3.919,0.9193,0.5057,4324.83,54.87,630.6,0.000123,0.7461,0,Normal Clean
2026-01-01 22:45:00,19.044,31.561,147.41,58.99,29.78,61.03,11.754,10.847,4.56,4.025,0.9077,0.5347,4125.56,52.73,625.96,0.00013,0.7517,0,Normal Clean
2026-01-01 23:00:00,17.184,29.408,148.99,52.41,26.73,59.78,11.802,11.013,4.285,3.795,0.7884,0.4897,4066.26,51.01,637.68,8.1e-05,0.79,0,Normal Clean
2026-01-01 23:15:00,18.11,27.501,150.73,55.47,25.92,62.65,11.671,10.806,4.602,4.179,0.8646,0.4233,4226.78,53.59,630.98,0.000135,0.7632,0,Normal Clean
2026-01-01 23:30:00,18.625,31.887,143.12,53.75,27.58,58.14,11.661,10.813,4.49,3.938,0.8481,0.5517,4077.63,49.93,653.28,8.1e-05,0.7734,0,Normal Clean
2026-01-01 23:45:00,19.629,30.232,144.44,58.41,28.83,61.53,11.806,10.883,4.511,4.026,0.9229,0.4848,4137.22,51.74,639.63,0.000103,0.7441,0,Normal Clean
2026-01-02 00:00:00,18.769,34.455,145.31,56.86,27.36,55.57,12.024,11.146,4.554,3.945,0.8782,0.6098,4067.38,54.15,600.89,0.000159,0.7499,0,Normal Clean
2026-01-02 00:15:00,17.669,30.707,147.24,53.82,27.56,59.03,12.25,11.458,4.433,3.931,0.7914,0.5016,4043.99,51.12,632.81,0.000117,0.7806,0,Normal Clean
2026-01-02 00:30:00,18.278,31.766,145.11,54.51,27.78,58.3,12.193,11.347,4.721,4.134,0.8461,0.5874,4056.96,51.01,636.32,8.2e-05,0.7722,0,Normal Clean
2026-01-02 00:45:00,17.836,33.024,149.07,53.71,27.43,57.59,11.959,11.179,4.442,3.874,0.7806,0.5678,4166.92,52.27,637.7,7.9e-05,0.7839,0,Normal Clean
2026-01-02 01:00:00,18.897,33.5,140.02,56.55,28.56,56.13,12.246,11.332,4.379,3.77,0.9131,0.6093,3864.29,50.92,607.07,0.000159,0.7489,0,Normal Clean
2026-01-02 01:15:00,18.591,32.97,142.7,54.9,28.25,57.24,11.717,10.886,4.489,3.898,0.8313,0.5908,3998.93,50.47,633.91,0.000121,0.7671,0,Normal Clean
2026-01-02 01:30:00,19.956,32.255,150.8,60.69,28.59,61.23,12.038,11.06,4.469,3.919,0.9784,0.5505,4405.39,56.0,629.29,0.0001,0.7373,0,Normal Clean
2026-01-02 01:45:00,19.11,30.014,139.62,57.63,28.58,59.15,12.499,11.572,4.499,4.013,0.9269,0.4864,3838.43,50.47,608.46,0.00017,0.7384,0,Normal Clean
2026-01-02 02:00:00,18.821,32.579,143.33,55.79,29.49,59.1,11.965,11.082,4.424,3.856,0.8827,0.5682,4036.72,49.77,648.9,9.6e-05,0.769,0,Normal Clean
2026-01-02 02:15:00,19.481,34.502,146.39,56.22,28.02,57.83,11.738,10.809,4.393,3.756,0.9289,0.6378,4304.11,52.75,652.78,7.3e-05,0.7618,0,Normal Clean
2026-01-02 02:30:00,18.577,28.444,142.65,56.02,27.78,60.92,11.758,10.909,4.56,4.111,0.8496,0.4494,3943.08,50.33,626.72,0.000129,0.7542,0,Normal Clean
2026-01-02 02:45:00,18.137,31.301,145.43,54.26,28.24,59.17,12.001,11.175,4.544,4.045,0.8252,0.4988,4051.07,50.26,644.83,0.000102,0.778,0,Normal Clean
2026-01-02 03:00:00,17.096,28.756,146.35,53.59,29.14,61.43,11.885,11.156,4.241,3.786,0.7283,0.4547,3885.55,48.57,640.05,5.7e-05,0.7914,0,Normal Clean
2026-01-02 03:15:00,19.195,32.215,142.57,55.9,29.79,60.03,11.968,11.089,4.497,3.958,0.8793,0.5388,4075.8,49.02,665.13,7.1e-05,0.7685,0,Normal Clean
2026-01-02 03:30:00,20.265,31.623,143.33,59.7,29.56,60.94,11.879,10.826,4.683,4.138,1.0525,0.5446,4152.31,51.95,639.38,0.000111,0.7351,0,Normal Clean
2026-01-02 03:45:00,20.374,32.058,143.12,58.0,28.69,60.37,11.864,10.859,4.701,4.163,1.0054,0.5381,4248.72,51.49,660.15,4.8e-05,0.7439,0,Normal Clean
2026-01-02 04:00:00,19.94,30.818,142.38,58.46,28.8,60.6,12.237,11.226,4.572,4.07,1.0109,0.502,4100.16,51.38,638.38,6.2e-05,0.7389,0,Normal Clean
2026-01-02 04:15:00,18.199,34.391,146.39,55.68,28.68,56.79,12.433,11.588,4.436,3.777,0.8453,0.6584,4044.53,52.18,620.03,0.000155,0.7706,0,Normal Clean
2026-01-02 04:30:00,18.062,30.489,142.39,52.07,25.05,56.38,12.411,11.594,4.39,3.881,0.8177,0.5088,3996.94,50.94,627.7,0.00013,0.7698,0,Normal Clean
2026-01-02 04:45:00,17.8,31.699,145.71,55.02,27.63,57.45,12.321,11.514,4.549,4.013,0.8071,0.5359,3955.1,52.02,608.25,0.000141,0.7681,0,Normal Clean
2026-01-02 05:00:00,17.866,33.055,148.1,54.09,28.03,57.78,12.062,11.252,4.67,4.094,0.8097,0.5764,4114.58,51.7,636.71,0.000118,0.7829,0,Normal Clean
2026-01-02 05:15:00,19.308,31.751,141.94,56.39,27.69,58.15,11.83,10.887,4.442,3.919,0.9427,0.523,4046.74,51.42,629.57,0.000128,0.7488,0,Normal Clean
2026-01-02 05:30:00,18.339,32.026,143.04,53.61,28.97,58.96,11.976,11.131,4.542,3.993,0.8445,0.549,4017.92,48.43,663.73,7.5e-05,0.784,0,Normal Clean
2026-01-02 05:45:00,19.619,29.447,140.6,54.33,25.71,59.37,12.253,11.236,4.445,3.947,1.0167,0.4982,4146.77,50.43,657.84,9.5e-05,0.7509,0,Normal Clean
2026-01-02 06:00:00,19.729,33.067,146.95,56.61,27.17,58.73,11.836,10.851,4.5,3.916,0.9855,0.5841,4366.23,53.56,652.19,6.5e-05,0.7542,0,Normal Clean
2026-01-02 06:15:00,18.268,30.71,140.33,54.37,27.88,57.82,11.976,11.123,4.651,4.146,0.853,0.5051,3847.58,49.31,624.26,0.000176,0.7645,0,Normal Clean
2026-01-02 06:30:00,18.228,30.273,144.07,55.25,29.63,60.95,12.377,11.549,4.654,4.18,0.8279,0.4741,3966.54,48.86,649.51,7.6e-05,0.7761,0,Normal Clean
2026-01-02 06:45:00,16.586,32.924,143.67,48.88,26.25,54.21,11.426,10.716,4.497,3.921,0.7092,0.5758,3851.67,48.63,633.63,0.000119,0.8072,0,Normal Clean
2026-01-02 07:00:00,19.419,34.208,144.75,56.23,27.69,57.12,11.824,10.88,4.417,3.805,0.9441,0.6121,4211.76,52.67,639.77,0.000127,0.7563,0,Normal Clean
2026-01-02 07:15:00,17.603,27.636,147.21,56.15,29.11,63.07,11.944,11.152,4.507,4.113,0.7913,0.3937,3927.04,50.31,624.46,0.000118,0.771,0,Normal Clean
2026-01-02 07:30:00,18.852,29.558,146.17,55.7,27.95,61.73,11.677,10.798,4.616,4.159,0.8787,0.457,4178.22,50.95,656.08,5.8e-05,0.7652,0,Normal Clean
2026-01-02 07:45:00,18.574,32.772,146.73,55.35,28.26,58.59,11.927,11.092,4.417,3.848,0.8341,0.5697,4158.63,51.74,642.98,0.000106,0.7714,0,Normal Clean
2026-01-02 08:00:00,19.243,35.703,145.05,55.25,26.91,55.25,11.963,11.071,4.637,3.974,0.8929,0.664,4233.88,53.29,635.6,9.1e-05,0.7601,0,Normal Clean
2026-01-02 08:15:00,20.45,32.582,144.37,59.53,27.56,58.74,11.687,10.67,4.588,4.005,1.0172,0.5835,4250.53,54.46,624.37,0.000113,0.7263,0,Normal Clean
2026-01-02 08:30:00,18.636,29.411,147.3,56.22,27.0,60.79,12.375,11.52,4.608,4.136,0.8543,0.4721,4158.41,52.78,630.26,0.000128,0.7571,0,Normal Clean
2026-01-02 08:45:00,19.736,31.397,143.99,55.95,26.57,58.97,12.085,11.148,4.706,4.17,0.9368,0.5358,4256.99,52.37,650.35,0.0001,0.7498,0,Normal Clean
2026-01-02 09:00:00,17.225,32.771,144.53,53.94,29.48,57.36,12.237,11.493,4.759,4.187,0.7448,0.5724,3823.21,49.35,619.82,0.000151,0.7874,0,Normal Clean
2026-01-02 09:15:00,20.081,30.188,147.85,62.28,29.98,63.31,11.976,10.991,4.288,3.798,0.9856,0.4894,4210.15,54.29,620.34,0.000129,0.726,0,Normal Clean
2026-01-02 09:30:00,18.213,31.34,144.02,53.73,26.62,57.34,12.323,11.481,4.468,3.952,0.842,0.5156,4028.82,51.26,628.81,0.000129,0.769,0,Normal Clean
2026-01-02 09:45:00,18.889,29.878,147.97,57.66,27.3,60.74,12.04,11.16,4.528,4.016,0.8801,0.5123,4179.42,53.88,620.53,0.000108,0.7484,0,Normal Clean
2026-01-02 10:00:00,17.3,30.78,146.28,53.63,28.27,58.76,12.07,11.294,4.549,4.041,0.7759,0.508,3926.98,50.19,626.0,0.000143,0.7851,0,Normal Clean
2026-01-02 10:15:00,17.331,33.993,144.7,50.74,24.74,52.79,12.169,11.412,4.446,3.825,0.757,0.6212,3989.36,52.2,611.42,0.000154,0.7832,0,Normal Clean
2026-01-02 10:30:00,19.387,33.108,142.66,57.99,29.63,58.66,11.893,10.963,4.581,3.974,0.9302,0.6071,4021.86,51.24,627.94,0.000117,0.7491,0,Normal Clean
2026-01-02 10:45:00,18.136,33.44,140.96,52.39,26.42,54.55,11.786,10.938,4.595,3.988,0.8481,0.607,3935.26,50.28,626.12,0.000123,0.7732,0,Normal Clean
2026-01-02 11:00:00,17.387,32.429,147.44,53.4,28.75,58.27,12.038,11.276,4.6,4.058,0.7617,0.5417,4005.79,50.18,638.65,0.000107,0.7923,0,Normal Clean
2026-01-02 11:15:00,19.643,34.902,148.29,59.14,30.46,59.84,12.148,11.228,4.508,3.828,0.9205,0.6794,4290.48,53.07,646.8,7.1e-05,0.7566,0,Normal Clean
2026-01-02 11:30:00,18.552,35.051,143.44,54.76,28.29,55.78,11.852,11.005,4.368,3.741,0.8463,0.6269,4031.02,51.1,631.09,8.1e-05,0.7702,0,Normal Clean
2026-01-02 11:45:00,19.412,32.148,141.36,55.5,27.54,57.89,11.85,10.893,4.532,3.986,0.9562,0.5454,4083.44,50.75,643.68,9.9e-05,0.7543,0,Normal Clean
2026-01-02 12:00:00,18.117,30.567,147.69,56.79,28.03,59.58,12.38,11.59,4.494,4.001,0.7903,0.4927,4034.69,53.01,608.89,0.000127,0.7596,0,Normal Clean
2026-01-02 12:15:00,19.11,29.154,147.24,56.99,27.28,61.92,12.029,11.113,4.661,4.228,0.9167,0.4331,4225.4,52.72,641.19,7.2e-05,0.7523,0,Normal Clean
2026-01-02 12:30:00,18.342,32.138,144.44,53.81,27.02,57.31,12.034,11.196,4.544,3.98,0.8373,0.5641,4072.93,51.15,636.98,0.000116,0.7719,0,Normal Clean
2026-01-02 12:45:00,18.845,30.898,145.9,54.85,26.28,58.8,12.022,11.144,4.497,3.997,0.8775,0.4995,4203.89,52.5,640.54,9.3e-05,0.7612,0,Normal Clean
2026-01-02 13:00:00,20.019,30.441,147.42,59.51,28.64,62.49,11.871,10.87,4.678,4.18,1.0008,0.4976,4311.73,53.42,645.74,0.00011,0.7401,0,Normal Clean
2026-01-02 13:15:00,18.812,31.758,147.03,58.33,29.19,59.96,11.65,10.814,4.63,4.102,0.8365,0.5284,4087.99,52.93,617.93,0.000138,0.7527,0,Normal Clean
2026-01-02 13:30:00,18.13,33.403,148.28,56.76,30.09,59.18,11.888,11.059,4.479,3.865,0.8287,0.6144,4064.96,51.75,628.34,9.1e-05,0.7743,0,Normal Clean
2026-01-02 13:45:00,18.836,30.543,146.06,55.52,27.29,59.99,11.997,11.121,4.555,4.035,0.8763,0.5197,4178.3,51.89,644.21,7.3e-05,0.7623,0,Normal Clean
2026-01-02 14:00:00,19.173,31.468,146.74,58.51,27.5,58.98,12.235,11.34,4.537,4.011,0.8949,0.526,4144.56,54.56,607.76,0.000136,0.7399,0,Normal Clean
2026-01-02 14:15:00,18.672,35.119,150.58,56.46,28.96,58.26,12.1,11.265,4.32,3.661,0.8355,0.6585,4305.42,53.53,643.49,7.2e-05,0.7739,0,Normal Clean
2026-01-02 14:30:00,17.213,32.431,150.19,54.29,26.62,56.43,11.494,10.729,4.471,3.89,0.7652,0.5812,4044.13,54.15,597.45,0.000172,0.7761,0,Normal Clean
2026-01-02 14:45:00,18.373,36.76,141.24,53.46,28.38,54.07,12.094,11.246,4.609,3.898,0.8471,0.711,3951.46,49.84,634.28,9.8e-05,0.7778,0,Normal Clean
2026-01-02 15:00:00,18.953,31.947,147.82,57.37,27.92,59.34,11.645,10.736,4.626,4.052,0.9097,0.574,4199.9,53.65,626.25,7.5e-05,0.7544,0,Normal Clean
2026-01-02 15:15:00,18.768,31.901,145.71,55.06,28.78,60.01,12.129,11.249,4.556,4.04,0.8804,0.5153,4168.26,50.27,663.33,6.3e-05,0.7752,0,Normal Clean
2026-01-02 15:30:00,19.287,32.351,144.95,56.77,27.42,58.2,12.225,11.316,4.595,4.04,0.9089,0.5552,4166.86,52.97,629.33,0.000103,0.7502,0,Normal Clean
2026-01-02 15:45:00,19.116,33.305,146.29,56.09,27.04,57.35,12.086,11.17,4.58,3.992,0.9164,0.5876,4224.37,53.52,631.39,0.000139,0.7564,0,Normal Clean
2026-01-02 16:00:00,18.304,30.659,143.31,55.75,27.78,58.4,11.842,11.048,4.469,3.952,0.7937,0.5169,3926.95,51.27,612.72,0.000162,0.758,0,Normal Clean
2026-01-02 16:15:00,19.625,29.106,143.09,57.6,26.85,60.6,11.812,10.867,4.583,4.113,0.945,0.4702,4110.64,52.44,627.14,9.4e-05,0.7354,0,Normal Clean
2026-01-02 16:30:00,20.133,29.644,137.45,57.04,28.28,60.25,12.36,11.345,4.624,4.145,1.0151,0.4787,3966.19,49.06,646.73,8.7e-05,0.7365,0,Normal Clean
2026-01-02 16:45:00,21.812,32.706,143.73,61.0,27.96,60.27,11.646,10.503,4.431,3.867,1.1433,0.5632,4420.97,54.41,650.05,9.4e-05,0.7146,0,Normal Clean
2026-01-02 17:00:00,18.107,32.279,147.06,53.09,26.7,57.57,11.868,11.057,4.47,3.892,0.811,0.5772,4168.71,51.68,645.36,8.5e-05,0.7807,0,Normal Clean
2026-01-02 17:15:00,18.335,32.703,144.74,54.89,28.4,57.9,11.883,11.049,4.256,3.671,0.8347,0.5856,4036.27,50.83,635.22,0.000133,0.7723,0,Normal Clean
2026-01-02 17:30:00,17.759,31.431,146.54,56.56,29.81,59.58,11.972,11.219,4.455,3.952,0.7531,0.5025,3915.13,51.07,613.26,0.000147,0.7709,0,Normal Clean
2026-01-02 17:45:00,18.323,31.184,148.63,57.38,28.49,59.89,12.06,11.26,4.562,4.023,0.8004,0.5396,4096.47,53.33,614.5,0.000131,0.7596,0,Normal Clean
2026-01-02 18:00:00,18.952,30.376,142.83,57.75,29.69,60.77,11.762,10.881,4.664,4.158,0.8813,0.5059,3949.98,50.33,627.91,0.000109,0.7519,0,Normal Clean
2026-01-02 18:15:00,17.297,33.333,143.72,52.0,27.66,55.53,11.801,11.053,4.244,3.645,0.748,0.5984,3886.89,49.6,626.94,0.000118,0.7903,0,Normal Clean
2026-01-02 18:30:00,17.083,34.006,146.79,51.7,29.08,57.05,12.088,11.35,4.502,3.878,0.7376,0.6238,3979.84,48.71,653.69,5.1e-05,0.8078,0,Normal Clean
2026-01-02 18:45:00,20.359,29.77,141.33,60.13,28.25,60.77,12.01,10.992,4.517,4.068,1.0186,0.4494,4050.4,52.51,617.04,0.00013,0.7181,0,Normal Clean
2026-01-02 19:00:00,18.289,34.991,145.05,54.05,28.35,56.2,11.748,10.892,4.438,3.777,0.8559,0.6611,4077.65,50.91,640.73,6.4e-05,0.7798,0,Normal Clean
2026-01-02 19:15:00,19.868,34.845,142.46,56.62,26.78,55.45,11.748,10.778,4.477,3.816,0.9706,0.6606,4178.68,53.42,625.8,0.000131,0.7421,0,Normal Clean
2026-01-02 19:30:00,16.571,32.333,150.06,52.93,28.01,57.16,11.962,11.302,4.464,3.891,0.66,0.5735,3943.25,51.66,610.61,0.000132,0.7958,0,Normal Clean
2026-01-02 19:45:00,19.206,29.123,146.16,60.67,31.04,64.05,11.727,10.835,4.519,4.048,0.8925,0.4709,4022.54,51.49,624.99,0.00013,0.7426,0,Normal Clean
2026-01-02 20:00:00,20.665,31.656,146.8,60.55,26.06,59.03,11.809,10.766,4.547,3.999,1.0427,0.5479,4366.92,57.04,612.48,0.000132,0.7144,0,Normal Clean
2026-01-02 20:15:00,17.957,31.154,145.66,53.02,27.34,58.61,11.987,11.193,4.71,4.166,0.794,0.5444,4075.97,50.27,648.68,6.7e-05,0.783,0,Normal Clean
2026-01-02 20:30:00,20.204,30.919,140.33,59.19,29.51,60.56,11.863,10.896,4.579,4.059,0.9667,0.5196,4016.37,50.67,634.16,0.000107,0.7322,0,Normal Clean
2026-01-02 20:45:00,19.324,32.191,146.46,58.67,30.96,61.82,11.687,10.765,4.662,4.093,0.922,0.5691,4156.33,50.98,652.24,8.4e-05,0.7601,0,Normal Clean
2026-01-02 21:00:00,16.759,31.978,141.87,49.8,28.55,56.8,12.177,11.502,4.458,3.894,0.6751,0.5639,3780.26,46.01,657.26,6.1e-05,0.8125,0,Normal Clean
2026-01-02 21:15:00,17.215,33.224,147.98,50.21,25.33,55.0,12.064,11.332,4.45,3.879,0.7319,0.5707,4123.55,51.66,638.59,9.6e-05,0.7971,0,Normal Clean
2026-01-02 21:30:00,19.315,29.932,146.67,58.2,28.69,62.12,11.655,10.745,4.432,3.948,0.9095,0.4846,4186.51,52.28,640.6,0.000109,0.7499,0,Normal Clean
2026-01-02 21:45:00,20.207,35.13,147.45,60.69,28.13,57.35,11.838,10.817,4.417,3.765,1.0217,0.6522,4295.2,56.53,607.84,0.000137,0.7271,0,Normal Clean
2026-01-02 22:00:00,18.039,32.45,149.99,59.6,32.66,62.09,12.121,11.31,4.482,3.89,0.811,0.5913,3994.65,51.55,619.94,0.000148,0.7704,0,Normal Clean
2026-01-02 22:15:00,19.006,33.51,143.46,55.27,27.16,56.45,11.78,10.883,4.544,3.949,0.8965,0.595,4106.54,52.12,630.29,0.000132,0.7583,0,Normal Clean
2026-01-02 22:30:00,19.335,33.528,144.27,57.4,27.89,57.22,11.696,10.771,4.464,3.857,0.9249,0.6072,4114.64,53.19,618.88,0.000145,0.7464,0,Normal Clean
2026-01-02 22:45:00,19.005,32.886,143.68,53.3,24.77,55.36,12.219,11.335,4.452,3.875,0.8849,0.5771,4208.65,52.91,636.32,0.000115,0.7601,0,Normal Clean
2026-01-02 23:00:00,19.954,32.47,144.08,58.19,28.22,59.12,11.645,10.681,4.541,3.969,0.9633,0.5723,4198.86,52.78,636.48,8.6e-05,0.7413,0,Normal Clean
2026-01-02 23:15:00,16.451,29.99,148.09,52.49,27.77,58.47,11.89,11.204,4.516,4.029,0.6868,0.4869,3853.15,50.39,611.71,0.000132,0.7945,0,Normal Clean
2026-01-02 23:30:00,17.343,30.277,145.86,52.73,27.93,59.16,12.007,11.245,4.424,3.955,0.7612,0.4688,3957.14,49.46,640.08,0.000113,0.7897,0,Normal Clean
2026-01-02 23:45:00,17.385,29.306,143.37,53.67,27.87,59.03,11.71,10.973,4.408,3.95,0.7369,0.458,3820.59,49.42,618.45,0.000151,0.7766,0,Normal Clean
2026-01-03 00:00:00,20.508,34.413,141.75,59.27,29.24,58.03,12.162,11.154,4.385,3.762,1.0081,0.6231,4144.04,52.37,633.07,0.000133,0.7331,0,Normal Clean
2026-01-03 00:15:00,18.909,32.703,141.68,56.35,29.57,58.46,12.234,11.338,4.477,3.901,0.8955,0.5758,3953.3,49.78,635.37,0.000102,0.7612,0,Normal Clean
2026-01-03 00:30:00,19.178,30.165,144.94,56.85,27.74,60.53,12.045,11.131,4.463,3.999,0.9144,0.4643,4139.11,51.94,637.5,0.000139,0.7516,0,Normal Clean
2026-01-03 00:45:00,19.328,31.095,145.66,57.54,28.44,60.51,11.953,11.037,4.422,3.886,0.9158,0.5357,4172.53,52.2,639.43,7.7e-05,0.7517,0,Normal Clean
2026-01-03 01:00:00,17.804,32.431,146.25,54.46,28.71,58.22,12.015,11.209,4.574,3.994,0.8059,0.5806,4003.96,50.67,632.22,9.3e-05,0.7809,0,Normal Clean
2026-01-03 01:15:00,18.249,33.931,150.91,54.83,26.82,57.08,11.724,10.889,4.53,3.917,0.8347,0.6138,4295.59,54.45,631.16,0.00013,0.7743,0,Normal Clean
2026-01-03 01:30:00,20.891,30.62,143.63,61.44,29.29,62.12,11.923,10.844,4.495,4.008,1.0785,0.4874,4206.62,53.05,634.32,9.4e-05,0.7188,0,Normal Clean
2026-01-03 01:45:00,19.476,31.498,144.3,57.82,29.19,60.5,12.068,11.086,4.557,4.022,0.9824,0.535,4126.7,51.37,642.66,6.6e-05,0.7513,0,Normal Clean
2026-01-03 02:00:00,16.879,29.62,146.2,53.61,28.82,59.72,12.11,11.4,4.475,4.017,0.7101,0.4573,3828.93,49.38,620.36,0.000136,0.7888,0,Normal Clean
2026-01-03 02:15:00,22.082,32.661,144.22,64.23,29.38,61.05,12.097,10.897,4.542,3.975,1.1992,0.5674,4327.25,55.55,623.19,0.000112,0.6965,0,Normal Clean
2026-01-03 02:30:00,17.999,31.469,147.44,54.61,29.38,60.47,11.751,10.957,4.505,3.961,0.7934,0.5441,4093.69,49.89,656.44,4.8e-05,0.7863,0,Normal Clean
2026-01-03 02:45:00,19.02,29.52,143.59,57.99,29.53,61.82,12.418,11.583,4.341,3.876,0.8347,0.4656,3988.55,50.51,631.73,0.000125,0.7505,0,Normal Clean
2026-01-03 03:00:00,18.893,33.664,142.47,54.14,28.13,57.16,11.815,10.951,4.526,3.913,0.8638,0.6123,4088.37,49.93,655.1,7.6e-05,0.7725,0,Normal Clean
2026-01-03 03:15:00,16.762,31.461,144.87,52.61,31.93,60.72,11.778,11.052,4.646,4.107,0.726,0.5399,3788.92,45.23,670.2,6.1e-05,0.8169,0,Normal Clean
2026-01-03 03:30:00,18.436,34.202,147.74,55.1,27.06,56.3,11.736,10.91,4.48,3.859,0.8265,0.6209,4184.45,53.63,624.14,0.000161,0.7677,0,Normal Clean
2026-01-03 03:45:00,18.57,33.527,139.38,53.35,27.09,54.99,12.042,11.201,4.62,4.055,0.8412,0.5651,3914.02,49.8,628.81,0.000135,0.7661,0,Normal Clean
2026-01-03 04:00:00,17.751,31.668,143.49,50.55,24.69,55.19,12.179,11.382,4.627,4.094,0.7976,0.5332,4041.63,50.85,635.91,9.7e-05,0.7823,0,Normal Clean
2026-01-03 04:15:00,19.302,30.678,145.2,59.07,28.69,60.42,12.291,11.343,4.57,4.051,0.948,0.5199,4073.2,53.01,614.66,0.000135,0.7392,0,Normal Clean
2026-01-03 04:30:00,17.968,31.137,145.74,55.91,28.69,59.05,12.039,11.227,4.531,3.98,0.8124,0.5508,3954.51,51.34,616.24,0.000127,0.7675,0,Normal Clean
2026-01-03 04:45:00,18.238,30.474,143.37,53.38,26.37,57.9,11.843,11.033,4.463,3.959,0.8097,0.5037,4021.06,50.75,633.84,0.000143,0.7691,0,Normal Clean
2026-01-03 05:00:00,17.711,33.538,142.27,52.79,29.34,57.0,12.034,11.255,4.555,3.958,0.7798,0.597,3882.42,47.89,648.51,8.2e-05,0.7923,0,Normal Clean
2026-01-03 05:15:00,17.021,32.994,146.56,51.62,26.95,55.63,12.116,11.395,4.526,3.943,0.7217,0.5835,3959.15,50.79,623.58,9.5e-05,0.7938,0,Normal Clean
2026-01-03 05:30:00,19.315,31.456,144.18,58.12,29.1,60.04,12.067,11.135,4.532,3.993,0.9321,0.539,4072.4,51.78,629.19,9.5e-05,0.7478,0,Normal Clean
2026-01-03 05:45:00,18.339,32.601,148.58,56.15,29.62,60.07,11.738,10.859,4.562,3.978,0.8787,0.5839,4152.58,51.44,645.76,0.000103,0.777,0,Normal Clean
2026-01-03 06:00:00,18.799,33.881,145.36,55.73,28.04,57.16,11.93,11.066,4.656,4.056,0.8634,0.6005,4128.07,52.24,632.19,0.00012,0.7639,0,Normal Clean
2026-01-03 06:15:00,19.562,30.934,145.31,60.59,30.93,62.3,11.899,10.918,4.394,3.844,0.9805,0.5503,4060.27,51.84,626.61,0.000125,0.7407,0,Normal Clean
2026-01-03 06:30:00,17.609,31.126,148.08,55.43,30.53,61.22,12.113,11.333,4.412,3.882,0.7792,0.5303,3997.0,49.59,644.78,0.000116,0.7882,0,Normal Clean
2026-01-03 06:45:00,19.056,32.078,146.4,53.35,24.21,56.57,11.941,11.068,4.524,3.954,0.8725,0.5704,4343.82,53.91,644.57,0.000117,0.7614,0,Normal Clean
2026-01-03 07:00:00,18.411,31.187,145.49,55.23,26.86,58.06,11.774,10.927,4.562,4.044,0.8468,0.5185,4071.12,52.47,620.67,0.000162,0.7608,0,Normal Clean
2026-01-03 07:15:00,19.484,31.939,146.14,56.92,27.23,59.09,11.961,11.044,4.479,3.936,0.9167,0.5433,4258.73,53.33,638.86,5.8e-05,0.7502,0,Normal Clean
2026-01-03 07:30:00,18.193,31.565,144.85,55.06,28.72,59.02,12.175,11.372,4.435,3.907,0.8031,0.5279,4002.07,50.36,635.8,8.4e-05,0.7732,0,Normal Clean
2026-01-03 07:45:00,18.718,33.071,143.61,54.35,27.38,56.96,11.815,10.959,4.497,3.89,0.8557,0.6073,4093.09,51.13,640.4,9.8e-05,0.7679,0,Normal Clean
2026-01-03 08:00:00,18.92,30.193,144.76,53.82,25.34,58.7,11.984,11.103,4.417,3.911,0.8807,0.506,4215.31,52.07,647.6,0.000114,0.7615,0,Normal Clean
2026-01-03 08:15:00,19.477,32.868,145.92,56.54,28.59,59.61,11.614,10.651,4.472,3.895,0.9632,0.5767,4265.36,51.76,659.29,8.5e-05,0.7618,0,Normal Clean
2026-01-03 08:30:00,19.642,31.34,140.74,53.74,26.61,58.54,12.313,11.328,4.473,3.923,0.9842,0.5494,4186.74,49.67,674.27,6.2e-05,0.7623,0,Normal Clean
2026-01-03 08:45:00,16.68,34.658,142.08,48.95,28.33,54.57,11.781,11.102,4.441,3.808,0.679,0.6327,3805.82,46.28,657.87,6.8e-05,0.8187,0,Normal Clean
2026-01-03 09:00:00,19.962,31.076,143.21,58.0,27.65,59.7,12.236,11.282,4.519,4.0,0.9537,0.5197,4167.25,52.51,634.87,0.000114,0.7374,0,Normal Clean
2026-01-03 09:15:00,17.436,32.963,148.07,52.12,27.04,56.76,12.092,11.336,4.291,3.723,0.7558,0.5682,4098.92,51.25,639.83,7.7e-05,0.7928,0,Normal Clean
2026-01-03 09:30:00,15.814,28.183,143.48,50.99,28.69,59.08,11.45,10.817,4.45,4.002,0.633,0.4483,3583.53,46.66,614.36,0.000148,0.8057,0,Normal Clean
2026-01-03 09:45:00,15.943,33.383,145.54,50.04,28.76,55.47,12.785,12.123,4.292,3.694,0.6621,0.5975,3730.31,47.67,625.97,0.000117,0.8178,0,Normal Clean
2026-01-03 10:00:00,16.679,33.351,143.96,48.79,26.3,54.18,11.91,11.2,4.626,4.025,0.71,0.601,3889.22,48.6,640.16,0.000108,0.8089,0,Normal Clean
2026-01-03 10:15:00,19.302,32.177,148.24,58.08,26.92,58.59,12.149,11.215,4.481,3.916,0.9341,0.5642,4263.95,55.34,616.39,0.000157,0.7432,0,Normal Clean
2026-01-03 10:30:00,19.543,31.18,142.78,59.87,29.43,59.86,12.175,11.25,4.647,4.115,0.9255,0.5318,3969.48,52.37,606.4,0.000138,0.7314,0,Normal Clean
2026-01-03 10:45:00,17.94,33.153,144.52,53.16,28.49,57.44,11.77,11.011,4.509,3.892,0.7597,0.6166,4015.6,49.49,649.09,8.8e-05,0.7873,0,Normal Clean
2026-01-03 11:00:00,17.361,35.145,147.33,50.78,27.65,55.57,12.227,11.482,4.389,3.746,0.7452,0.6439,4106.8,49.81,659.66,7.3e-05,0.8067,0,Normal Clean
2026-01-03 11:15:00,17.816,28.723,145.68,51.29,25.13,59.41,11.986,11.149,4.363,3.913,0.8369,0.4501,4119.78,50.37,654.32,6e-05,0.783,0,Normal Clean
2026-01-03 11:30:00,19.152,32.36,145.66,58.52,29.91,60.11,12.146,11.218,4.529,3.951,0.9282,0.5777,4089.0,51.98,629.29,9.2e-05,0.7528,0,Normal Clean
2026-01-03 11:45:00,19.223,32.13,144.47,56.43,26.57,57.42,12.015,11.13,4.526,3.974,0.8856,0.5519,4146.26,53.45,620.58,0.00012,0.7468,0,Normal Clean
2026-01-03 12:00:00,19.168,29.596,146.22,56.91,25.68,59.55,12.217,11.322,4.453,4.005,0.8947,0.4475,4193.66,54.32,617.64,0.000134,0.7409,0,Normal Clean
2026-01-03 12:15:00,15.101,31.188,146.38,48.53,29.8,57.54,11.907,11.315,4.459,3.932,0.5923,0.5268,3620.23,45.04,643.07,9.5e-05,0.8393,0,Normal Clean
2026-01-03 12:30:00,15.514,30.815,146.13,46.91,26.53,55.78,12.012,11.408,4.545,4.04,0.6035,0.5049,3771.33,46.99,642.01,0.000101,0.8296,0,Normal Clean
2026-01-03 12:45:00,18.769,33.286,139.88,55.63,29.74,57.55,11.933,11.021,4.543,3.963,0.9113,0.5796,3873.77,48.79,635.21,8.5e-05,0.7649,0,Normal Clean
2026-01-03 13:00:00,17.833,32.368,141.99,50.8,27.41,56.83,12.063,11.293,4.467,3.899,0.7703,0.5676,3984.61,47.8,666.84,6.9e-05,0.7959,0,Normal Clean
2026-01-03 13:15:00,19.331,29.715,149.26,60.13,28.3,62.26,12.326,11.359,4.427,3.943,0.9675,0.4832,4221.27,54.86,615.52,0.000148,0.7369,0,Normal Clean
2026-01-03 13:30:00,16.14,29.989,144.54,50.26,28.46,58.17,11.989,11.348,4.622,4.135,0.6405,0.4865,3727.8,46.89,635.95,0.0001,0.8122,0,Normal Clean
2026-01-03 13:45:00,20.035,33.875,146.46,58.24,27.81,58.36,12.116,11.121,4.429,3.794,0.9946,0.6349,4330.2,54.26,638.48,0.000121,0.7435,0,Normal Clean
2026-01-03 14:00:00,16.948,33.03,146.13,48.84,25.2,54.42,11.768,11.047,4.472,3.875,0.7209,0.5966,4039.48,50.21,643.55,7.9e-05,0.8044,0,Normal Clean
2026-01-03 14:15:00,20.486,31.13,143.47,57.96,28.74,61.69,11.928,10.886,4.486,3.987,1.0424,0.4986,4291.75,51.07,672.23,4.6e-05,0.7453,0,Normal Clean
2026-01-03 14:30:00,18.393,31.932,140.67,55.28,30.24,59.04,12.008,11.181,4.544,4.0,0.8276,0.5439,3848.1,47.88,642.91,0.000105,0.7733,0,Normal Clean
2026-01-03 14:45:00,17.777,32.778,146.18,53.3,26.94,56.43,11.858,11.093,4.489,3.964,0.765,0.5253,4044.98,51.74,625.46,0.000119,0.7789,0,Normal Clean
2026-01-03 15:00:00,17.015,32.197,148.32,52.11,28.47,58.24,11.879,11.166,4.546,4.01,0.7129,0.5358,4010.95,49.66,646.13,6.8e-05,0.8028,0,Normal Clean
2026-01-03 15:15:00,18.001,30.298,146.52,52.59,26.02,58.7,12.155,11.35,4.4,3.888,0.8057,0.512,4142.4,51.23,646.84,8.7e-05,0.7795,0,Normal Clean
2026-01-03 15:30:00,17.176,31.405,143.05,53.64,30.0,58.63,11.761,10.999,4.589,4.016,0.7612,0.5735,3762.52,47.75,630.36,0.000106,0.7909,0,Normal Clean
2026-01-03 15:45:00,17.759,29.237,140.3,54.36,29.07,59.64,11.623,10.838,4.463,4.002,0.7854,0.4607,3739.11,47.74,626.54,0.000156,0.7726,0,Normal Clean
2026-01-03 16:00:00,17.573,33.494,147.25,55.05,28.68,57.0,12.237,11.458,4.382,3.77,0.779,0.6124,3969.62,51.92,611.64,0.000124,0.7776,0,Normal Clean
2026-01-03 16:15:00,19.366,30.11,146.89,59.14,30.06,63.11,12.139,11.224,4.528,4.046,0.9146,0.4827,4163.59,51.7,644.27,0.000111,0.7511,0,Normal Clean
2026-01-03 16:30:00,17.999,28.354,142.32,56.53,30.87,62.76,11.744,10.904,4.519,4.088,0.8395,0.4313,3783.32,47.63,635.41,0.000104,0.7698,0,Normal Clean
2026-01-03 16:45:00,19.77,31.689,146.93,59.59,28.66,60.57,11.853,10.924,4.523,3.974,0.9291,0.5485,4230.42,53.98,626.91,0.00015,0.7385,0,Normal Clean
2026-01-03 17:00:00,17.443,30.718,147.97,56.1,30.15,60.7,11.952,11.184,4.505,3.973,0.7687,0.532,3926.03,50.55,621.31,0.000118,0.7798,0,Normal Clean
2026-01-03 17:15:00,19.276,31.612,142.82,56.48,29.32,60.15,12.144,11.201,4.408,3.853,0.9428,0.5558,4077.5,49.86,654.18,6.1e-05,0.7607,0,Normal Clean
2026-01-03 17:30:00,17.466,32.054,139.62,51.18,29.31,57.53,11.688,10.958,4.65,4.089,0.7297,0.5613,3784.54,45.52,665.11,6.5e-05,0.8018,0,Normal Clean
2026-01-03 17:45:00,18.906,29.827,142.31,58.09,30.51,61.77,11.811,10.895,4.385,3.889,0.9159,0.4956,3900.87,49.42,631.49,8.9e-05,0.7533,0,Normal Clean
2026-01-03 18:00:00,19.138,32.651,149.4,56.7,28.0,59.82,11.764,10.817,4.545,3.986,0.947,0.5588,4346.89,53.49,650.17,5.9e-05,0.7636,0,Normal Clean
2026-01-03 18:15:00,17.321,34.019,150.8,54.59,28.29,56.98,11.819,11.074,4.345,3.721,0.7455,0.6242,4082.98,53.08,615.32,0.00014,0.7854,0,Normal Clean
2026-01-03 18:30:00,19.597,29.218,148.97,59.34,28.86,64.07,12.28,11.327,4.366,3.895,0.9526,0.4713,4303.7,53.12,648.11,8.9e-05,0.7463,0,Normal Clean
2026-01-03 18:45:00,19.976,30.264,149.07,58.8,27.57,62.46,12.318,11.347,4.568,4.069,0.9711,0.4987,4417.87,54.29,651.0,6.7e-05,0.743,0,Normal Clean
2026-01-03 19:00:00,18.594,28.168,146.15,55.92,26.53,61.4,11.769,10.923,4.331,3.914,0.8468,0.4174,4110.17,52.27,629.05,0.000102,0.7543,0,Normal Clean
2026-01-03 19:15:00,18.713,32.721,145.33,55.76,27.88,57.88,11.761,10.856,4.645,4.082,0.9047,0.5627,4106.65,52.1,630.54,9.2e-05,0.7627,0,Normal Clean
2026-01-03 19:30:00,21.098,34.143,145.53,62.18,29.54,59.7,12.221,11.127,4.444,3.823,1.0946,0.6211,4308.22,55.02,626.44,8.8e-05,0.7186,0,Normal Clean
2026-01-03 19:45:00,18.409,35.551,141.54,55.17,28.76,54.95,12.298,11.458,4.727,4.082,0.8398,0.6455,3895.34,50.68,614.89,0.000153,0.7658,0,Normal Clean
2026-01-03 20:00:00,19.318,32.227,144.44,58.95,31.07,61.08,11.865,10.952,4.46,3.917,0.9128,0.5427,4046.6,50.65,639.11,0.000114,0.7541,0,Normal Clean
2026-01-03 20:15:00,17.861,30.907,144.81,54.56,28.64,59.18,12.084,11.266,4.322,3.789,0.8181,0.5338,3949.04,49.97,632.22,0.000137,0.7768,0,Normal Clean
2026-01-03 20:30:00,19.127,31.824,150.68,58.81,29.33,61.67,12.115,11.192,4.372,3.828,0.9226,0.5447,4305.17,53.87,639.35,9.7e-05,0.7571,0,Normal Clean
2026-01-03 20:45:00,17.131,31.799,142.99,49.37,27.42,56.95,11.917,11.188,4.452,3.944,0.7297,0.508,3929.17,46.92,669.98,6.8e-05,0.8101,0,Normal Clean
2026-01-03 21:00:00,18.523,29.891,149.24,59.51,30.85,63.4,12.031,11.175,4.602,4.135,0.8562,0.4673,4071.92,52.13,624.93,0.00012,0.7579,0,Normal Clean
2026-01-03 21:15:00,18.238,31.835,144.8,57.01,28.08,57.53,11.788,10.97,4.428,3.859,0.8181,0.5693,3922.4,52.84,593.83,0.00016,0.7521,0,Normal Clean
2026-01-03 21:30:00,18.137,27.314,144.1,55.82,27.9,62.23,11.798,10.969,4.448,4.036,0.8285,0.4125,3922.63,50.15,625.77,0.000105,0.7597,0,Normal Clean
2026-01-03 21:45:00,18.244,32.893,143.66,54.1,28.77,57.85,12.387,11.559,4.582,3.989,0.828,0.5929,4003.17,49.57,646.08,6.3e-05,0.7795,0,Normal Clean
2026-01-03 22:00:00,17.898,29.53,145.81,54.42,27.91,60.34,12.1,11.268,4.447,3.997,0.8317,0.4495,4007.41,50.36,636.57,0.000111,0.7752,0,Normal Clean
2026-01-03 22:15:00,19.009,34.303,139.46,54.75,28.75,56.24,11.501,10.58,4.403,3.765,0.9209,0.6389,3945.14,49.18,641.77,6e-05,0.7652,0,Normal Clean
2026-01-03 22:30:00,16.302,30.108,148.74,53.69,30.79,60.92,11.979,11.299,4.376,3.889,0.6802,0.4867,3796.5,48.3,628.83,0.000118,0.8058,0,Normal Clean
2026-01-03 22:45:00,20.241,33.583,142.31,59.99,30.06,59.12,12.063,11.026,4.569,3.949,1.0368,0.6201,4082.26,52.09,626.9,8.7e-05,0.7334,0,Normal Clean
2026-01-03 23:00:00,16.292,31.942,146.6,49.54,28.18,57.17,11.977,11.334,4.37,3.807,0.643,0.5635,3874.4,47.53,652.15,8.5e-05,0.8197,0,Normal Clean
2026-01-03 23:15:00,19.789,32.404,147.26,58.43,27.55,59.32,12.262,11.304,4.532,3.989,0.9584,0.5429,4306.81,54.52,631.97,9.7e-05,0.7421,0,Normal Clean
2026-01-03 23:30:00,21.05,34.396,149.8,58.91,26.17,58.74,12.014,10.902,4.371,3.724,1.1121,0.6467,4687.63,57.01,657.75,7.4e-05,0.7352,0,Normal Clean
2026-01-03 23:45:00,16.725,34.267,147.87,49.26,26.54,54.72,12.201,11.492,4.534,3.892,0.7099,0.6419,4040.35,49.92,647.54,7.4e-05,0.8127,0,Normal Clean
2026-01-04 00:00:00,17.564,33.948,141.63,52.53,27.38,54.37,12.007,11.227,4.511,3.877,0.78,0.6345,3834.14,49.92,614.39,0.000133,0.7799,0,Normal Clean
2026-01-04 00:15:00,19.574,29.529,145.88,56.87,25.03,59.58,12.009,11.078,4.69,4.237,0.9316,0.453,4268.52,54.61,625.27,0.000114,0.7366,0,Normal Clean
2026-01-04 00:30:00,18.217,33.34,146.05,56.1,28.4,57.18,11.932,11.115,4.537,3.954,0.8175,0.5831,4014.58,52.48,612.01,0.000139,0.7645,0,Normal Clean
2026-01-04 00:45:00,17.163,32.466,145.53,52.58,29.17,57.95,11.914,11.166,4.541,3.995,0.7481,0.5457,3908.68,48.63,642.98,9.3e-05,0.7989,0,Normal Clean
2026-01-04 01:00:00,18.693,35.983,144.1,53.47,26.91,54.48,12.075,11.182,4.531,3.867,0.893,0.6647,4150.63,51.85,640.38,0.000108,0.7734,0,Normal Clean
2026-01-04 01:15:00,18.906,33.853,147.18,54.57,26.29,56.57,12.164,11.289,4.494,3.873,0.875,0.621,4289.79,53.53,641.07,8.7e-05,0.766,0,Normal Clean
2026-01-04 01:30:00,18.714,34.213,146.51,54.43,26.72,56.22,12.497,11.609,4.526,3.885,0.8882,0.6416,4221.79,52.98,637.54,0.000127,0.7687,0,Normal Clean
2026-01-04 01:45:00,18.122,30.971,145.83,55.06,29.4,60.5,11.955,11.119,4.607,4.077,0.8367,0.5298,4030.34,49.66,649.33,7.7e-05,0.7797,0,Normal Clean
2026-01-04 02:00:00,19.009,32.071,141.41,54.6,26.03,56.16,12.056,11.106,4.287,3.699,0.9507,0.5877,4043.05,51.85,623.83,0.000128,0.7524,0,Normal Clean
2026-01-04 02:15:00,20.544,29.052,140.53,59.01,27.07,60.82,12.117,11.083,4.55,4.08,1.0337,0.4693,4103.22,52.24,628.39,0.000101,0.7185,0,Normal Clean
2026-01-04 02:30:00,19.452,31.78,143.86,55.71,27.76,59.35,11.926,11.005,4.365,3.826,0.921,0.5387,4200.93,51.11,657.53,5.8e-05,0.7593,0,Normal Clean
2026-01-04 02:45:00,18.282,28.081,145.45,57.65,30.14,63.61,11.705,10.875,4.441,4.018,0.8301,0.4231,3932.64,49.83,631.42,0.000103,0.7615,0,Normal Clean
2026-01-04 03:00:00,18.624,35.676,145.69,55.63,27.97,55.5,12.064,11.187,4.499,3.819,0.8775,0.6794,4109.46,52.91,621.34,0.000115,0.765,0,Normal Clean
2026-01-04 03:15:00,17.836,33.803,143.76,51.94,26.83,55.19,11.848,11.048,4.323,3.743,0.8005,0.5802,4012.09,50.35,637.5,9.6e-05,0.7852,0,Normal Clean
2026-01-04 03:30:00,17.249,29.89,146.16,50.93,27.17,59.35,12.063,11.318,4.411,3.911,0.7453,0.5,4024.27,48.66,661.62,5.4e-05,0.8003,0,Normal Clean
2026-01-04 03:45:00,18.211,32.014,144.19,53.83,27.75,57.85,12.042,11.243,4.401,3.858,0.7999,0.5422,4031.47,50.33,640.77,9.4e-05,0.776,0,Normal Clean
2026-01-04 04:00:00,18.542,28.457,146.64,57.39,29.22,63.27,11.801,10.971,4.542,4.119,0.8307,0.4228,4054.27,50.88,637.51,8.9e-05,0.7601,0,Normal Clean
2026-01-04 04:15:00,17.079,31.28,145.67,51.8,27.93,57.95,12.037,11.288,4.433,3.898,0.7483,0.5345,3928.11,49.06,640.59,0.000102,0.7973,0,Normal Clean
2026-01-04 04:30:00,19.743,29.439,142.57,56.51,27.4,61.2,12.248,11.314,4.538,4.057,0.9332,0.4807,4162.83,50.84,655.02,7.9e-05,0.7472,0,Normal Clean
2026-01-04 04:45:00,19.494,33.964,143.84,57.09,27.78,56.93,11.713,10.771,4.448,3.819,0.942,0.6285,4143.2,53.0,625.41,0.000102,0.7474,0,Normal Clean
2026-01-04 05:00:00,16.825,33.064,143.19,50.57,27.71,55.3,11.91,11.204,4.421,3.836,0.7057,0.585,3817.73,48.29,632.42,0.000102,0.802,0,Normal Clean
2026-01-04 05:15:00,20.484,32.252,147.49,58.98,25.91,58.83,12.032,11.051,4.39,3.824,0.9807,0.5667,4442.26,56.36,630.55,0.000121,0.7281,0,Normal Clean
2026-01-04 05:30:00,18.862,32.316,140.39,53.39,26.66,56.4,11.987,11.098,4.554,3.992,0.8894,0.5616,4020.66,50.01,643.23,0.0001,0.765,0,Normal Clean
2026-01-04 05:45:00,16.21,31.293,147.5,51.92,30.09,59.09,12.142,11.455,4.543,4.001,0.6869,0.5421,3796.24,47.6,637.99,7.5e-05,0.8141,0,Normal Clean
2026-01-04 06:00:00,20.091,29.468,146.46,59.17,26.89,61.75,11.717,10.751,4.522,4.041,0.9659,0.4808,4296.81,54.34,632.54,0.000108,0.7301,0,Normal Clean
2026-01-04 06:15:00,18.429,35.34,145.56,52.41,27.48,55.93,11.678,10.851,4.474,3.798,0.8265,0.6753,4206.0,50.56,665.52,4.2e-05,0.7889,0,Normal Clean
2026-01-04 06:30:00,19.306,34.75,147.22,57.67,29.14,58.27,12.012,11.086,4.539,3.914,0.9256,0.6248,4235.71,53.13,637.79,0.000106,0.7584,0,Normal Clean
2026-01-04 06:45:00,15.632,31.258,147.28,49.1,28.81,57.56,12.086,11.485,4.472,3.928,0.6007,0.5435,3760.07,46.71,643.94,9.6e-05,0.8287,0,Normal Clean
2026-01-04 07:00:00,18.388,31.569,147.79,57.47,28.28,59.09,11.854,11.009,4.689,4.141,0.845,0.5477,4069.02,53.55,607.9,0.000159,0.7557,0,Normal Clean
2026-01-04 07:15:00,16.232,35.627,148.23,49.58,27.4,53.72,11.78,11.105,4.535,3.868,0.6742,0.6672,3923.2,49.89,629.07,0.000154,0.8165,0,Normal Clean
2026-01-04 07:30:00,20.135,34.953,152.88,60.0,26.31,57.65,12.049,11.021,4.292,3.674,1.0277,0.6178,4581.93,59.22,618.95,0.000104,0.7339,0,Normal Clean
2026-01-04 07:45:00,19.401,28.283,145.07,55.23,24.88,60.97,11.936,11.015,4.664,4.221,0.9212,0.4438,4270.47,52.73,647.85,8.4e-05,0.7475,0,Normal Clean
2026-01-04 08:00:00,15.255,30.866,143.78,48.28,28.95,56.59,12.005,11.427,4.359,3.848,0.5774,0.5117,3569.18,45.05,633.84,0.000105,0.8317,0,Normal Clean
2026-01-04 08:15:00,19.335,31.068,144.78,59.12,31.25,62.47,11.715,10.762,4.315,3.794,0.9528,0.5206,4058.02,50.26,645.89,7.2e-05,0.7546,0,Normal Clean
2026-01-04 08:30:00,19.535,29.451,142.12,54.57,23.74,57.75,11.838,10.891,4.596,4.147,0.9473,0.449,4190.12,53.19,630.26,0.000121,0.7396,0,Normal Clean
2026-01-04 08:45:00,18.86,33.678,143.96,55.85,29.05,57.94,12.563,11.685,4.49,3.877,0.8775,0.6122,4071.32,50.78,641.41,9.3e-05,0.7668,0,Normal Clean
2026-01-04 09:00:00,20.255,32.808,147.4,59.05,27.64,59.59,12.15,11.162,4.528,3.971,0.9882,0.5568,4384.7,54.86,639.43,9.8e-05,0.7378,0,Normal Clean
2026-01-04 09:15:00,19.765,33.03,143.24,55.57,25.69,56.41,11.971,11.002,4.455,3.884,0.9691,0.5717,4245.01,53.39,636.13,9.4e-05,0.7458,0,Normal Clean
2026-01-04 09:30:00,20.514,28.559,148.28,61.77,27.66,64.05,12.172,11.163,4.508,4.037,1.0087,0.4706,4347.68,55.45,627.31,0.000121,0.7172,0,Normal Clean
2026-01-04 09:45:00,17.262,33.072,143.53,51.57,27.8,55.91,12.014,11.279,4.35,3.747,0.7355,0.6028,3888.97,48.94,635.72,0.000123,0.7946,0,Normal Clean
2026-01-04 10:00:00,18.147,34.442,144.5,54.23,28.35,56.2,12.229,11.401,4.422,3.801,0.8281,0.6209,4013.19,50.87,631.17,0.000108,0.7771,0,Normal Clean
2026-01-04 10:15:00,17.252,30.906,144.66,53.05,29.44,59.38,12.042,11.313,4.531,4.023,0.7282,0.5082,3871.89,48.02,644.99,0.000118,0.795,0,Normal Clean
2026-01-04 10:30:00,19.784,34.289,144.72,57.56,27.42,56.87,11.989,11.011,4.534,3.904,0.9774,0.6303,4224.9,53.95,626.48,0.000135,0.743,0,Normal Clean
2026-01-04 10:45:00,15.343,32.699,144.76,46.4,27.23,54.25,12.049,11.429,4.494,3.915,0.6201,0.579,3697.35,45.97,643.45,7.8e-05,0.8368,0,Normal Clean
2026-01-04 11:00:00,17.72,32.152,145.03,53.9,28.72,58.13,11.946,11.173,4.316,3.78,0.7731,0.5367,3956.46,49.83,635.24,0.000127,0.7835,0,Normal Clean
2026-01-04 11:15:00,18.307,31.128,142.58,54.45,27.74,58.09,12.098,11.257,4.499,3.963,0.8416,0.5365,3953.2,50.18,630.3,0.000108,0.7674,0,Normal Clean
2026-01-04 11:30:00,17.484,30.947,143.8,51.98,28.54,58.92,12.47,11.722,4.428,3.933,0.7475,0.4958,3933.56,47.75,659.08,7.6e-05,0.7967,0,Normal Clean
2026-01-04 11:45:00,17.905,33.975,141.09,48.79,23.49,51.97,12.114,11.327,4.524,3.937,0.7876,0.5873,4048.9,50.68,639.13,7.9e-05,0.7849,0,Normal Clean
2026-01-04 12:00:00,17.472,29.973,144.36,51.75,27.19,58.8,12.16,11.399,4.314,3.818,0.7605,0.496,3964.38,48.87,649.01,0.000113,0.7904,0,Normal Clean
2026-01-04 12:15:00,16.335,27.694,147.11,51.94,27.99,60.86,12.236,11.569,4.363,3.926,0.6665,0.4369,3808.98,48.62,626.73,0.000125,0.799,0,Normal Clean
2026-01-04 12:30:00,17.767,32.908,141.09,51.84,26.23,54.45,12.287,11.52,4.465,3.875,0.7667,0.5898,3885.02,50.08,620.65,0.000126,0.777,0,Normal Clean
2026-01-04 12:45:00,16.648,32.296,150.49,51.47,28.74,58.63,11.988,11.295,4.608,4.031,0.6939,0.5763,4038.78,49.5,652.7,8.5e-05,0.8133,0,Normal Clean
2026-01-04 13:00:00,18.39,30.402,147.49,57.09,27.57,59.59,12.152,11.297,4.471,3.992,0.8549,0.479,4073.04,53.51,608.96,0.000144,0.7538,0,Normal Clean
2026-01-04 13:15:00,17.872,29.555,142.3,53.02,24.97,56.58,11.98,11.186,4.44,3.936,0.7935,0.5044,3909.31,51.62,605.81,0.000143,0.7609,0,Normal Clean
2026-01-04 13:30:00,17.565,32.366,143.86,52.37,28.28,57.35,12.302,11.568,4.561,4.012,0.7341,0.5488,3937.25,48.82,645.2,0.000107,0.7916,0,Normal Clean
2026-01-04 13:45:00,18.652,30.228,143.02,54.39,27.36,59.39,11.727,10.854,4.403,3.918,0.8731,0.4841,4050.2,50.11,646.66,9.3e-05,0.7664,0,Normal Clean
2026-01-04 14:00:00,18.553,28.858,146.24,57.08,28.58,62.14,11.918,11.062,4.601,4.137,0.8561,0.4634,4052.73,51.38,630.99,0.000114,0.7578,0,Normal Clean
2026-01-04 14:15:00,17.208,30.627,147.59,54.05,27.11,57.88,12.18,11.435,4.67,4.154,0.745,0.5161,3943.72,52.18,604.64,0.000155,0.7764,0,Normal Clean
2026-01-04 14:30:00,19.068,30.838,140.85,57.42,28.75,58.96,11.587,10.653,4.468,3.945,0.9342,0.5237,3897.36,50.7,614.92,0.00014,0.7443,0,Normal Clean
2026-01-04 14:45:00,16.601,30.307,143.6,48.03,24.95,55.6,12.009,11.335,4.475,3.977,0.6747,0.4982,3886.91,48.51,640.96,0.000106,0.8054,0,Normal Clean
2026-01-04 15:00:00,19.21,33.224,145.77,56.5,26.76,56.99,12.055,11.151,4.62,4.047,0.904,0.5725,4201.43,53.98,622.66,0.000119,0.7501,0,Normal Clean
2026-01-04 15:15:00,17.845,30.034,145.34,54.91,29.49,60.95,12.129,11.308,4.263,3.77,0.8209,0.4926,3953.28,49.15,643.5,8.8e-05,0.7805,0,Normal Clean
2026-01-04 15:30:00,17.771,31.272,143.28,52.16,25.85,56.17,12.029,11.249,4.559,4.046,0.7806,0.5125,3967.61,50.78,625.06,0.000149,0.776,0,Normal Clean
2026-01-04 15:45:00,17.343,33.944,147.36,53.74,28.73,56.74,12.214,11.456,4.412,3.804,0.7584,0.608,3978.02,50.96,624.53,0.000151,0.7892,0,Normal Clean
2026-01-04 16:00:00,19.149,33.577,143.33,57.11,27.91,56.7,11.788,10.9,4.25,3.659,0.8886,0.5915,4045.05,52.81,612.77,0.000153,0.747,0,Normal Clean
2026-01-04 16:15:00,17.197,34.26,147.36,51.72,26.65,54.76,11.773,11.041,4.535,3.939,0.7323,0.5962,4029.68,51.69,623.72,7.9e-05,0.7923,0,Normal Clean
2026-01-04 16:30:00,17.836,33.253,147.93,54.56,27.59,56.92,11.932,11.136,4.55,3.96,0.7956,0.5897,4080.34,52.65,619.95,9.6e-05,0.7759,0,Normal Clean
2026-01-04 16:45:00,18.62,32.865,148.74,54.01,27.26,58.69,11.9,11.047,4.615,4.036,0.8537,0.5791,4321.68,52.15,662.96,4.4e-05,0.7798,0,Normal Clean
2026-01-04 17:00:00,16.638,33.192,147.97,52.75,30.77,58.72,12.169,11.454,4.616,4.02,0.7143,0.5966,3881.63,48.0,646.95,7.8e-05,0.8125,0,Normal Clean
2026-01-04 17:15:00,20.041,34.331,146.36,59.4,29.27,58.99,12.103,11.111,4.454,3.837,0.992,0.617,4269.82,53.76,635.35,0.00011,0.7427,0,Normal Clean
2026-01-04 17:30:00,18.459,29.129,146.05,54.65,27.13,61.05,12.176,11.323,4.5,4.05,0.8533,0.4499,4133.64,50.97,648.82,9e-05,0.7686,0,Normal Clean
2026-01-04 17:45:00,19.792,28.095,142.01,57.76,26.56,61.32,11.729,10.752,4.342,3.904,0.9776,0.4376,4085.75,52.08,627.59,0.000129,0.7298,0,Normal Clean
2026-01-04 18:00:00,17.076,33.904,143.53,50.47,26.6,54.04,11.964,11.216,4.409,3.803,0.7488,0.606,3893.09,49.66,627.2,0.000112,0.7958,0,Normal Clean
2026-01-04 18:15:00,20.99,34.124,147.86,60.99,25.92,57.21,12.153,11.083,4.495,3.875,1.0693,0.6193,4467.45,58.53,610.64,0.000145,0.7124,0,Normal Clean
2026-01-04 18:30:00,18.76,31.454,144.45,56.48,29.15,59.87,11.792,10.914,4.695,4.151,0.8781,0.5431,4043.47,50.68,638.33,9.4e-05,0.763,0,Normal Clean
2026-01-04 18:45:00,18.223,34.508,147.1,55.04,29.31,57.77,11.807,10.996,4.492,3.849,0.8109,0.6428,4109.79,51.1,643.41,9.9e-05,0.7815,0,Normal Clean
2026-01-04 19:00:00,17.424,32.395,146.98,54.16,27.14,56.38,12.17,11.391,4.377,3.806,0.7799,0.5709,3962.53,52.55,603.28,0.000172,0.7746,0,Normal Clean
2026-01-04 19:15:00,17.799,30.651,144.45,51.65,26.23,57.79,12.364,11.56,4.443,3.926,0.8045,0.5178,4046.48,49.93,648.35,4.9e-05,0.785,0,Normal Clean
2026-01-04 19:30:00,18.274,34.148,147.55,55.66,29.38,58.18,11.908,11.067,4.392,3.802,0.8415,0.5905,4114.42,51.55,638.57,9.5e-05,0.7776,0,Normal Clean
2026-01-04 19:45:00,20.05,32.759,148.28,58.31,27.68,59.92,12.187,11.168,4.664,4.101,1.0191,0.562,4419.27,54.49,648.79,8.2e-05,0.746,0,Normal Clean
2026-01-04 20:00:00,18.581,28.364,148.6,56.95,27.23,62.39,12.011,11.137,4.469,4.039,0.8739,0.4302,4172.73,53.04,629.36,0.000108,0.7552,0,Normal Clean
2026-01-04 20:15:00,19.426,32.641,148.15,56.35,27.0,58.99,11.853,10.922,4.61,4.064,0.9315,0.5458,4369.29,53.83,649.36,8.9e-05,0.7577,0,Normal Clean
2026-01-04 20:30:00,19.128,29.803,139.96,54.09,23.75,56.02,12.163,11.247,4.513,4.031,0.9153,0.4816,4024.17,52.67,611.29,0.000131,0.739,0,Normal Clean
2026-01-04 20:45:00,18.225,31.552,146.57,54.78,28.07,59.11,12.125,11.247,4.57,4.035,0.8772,0.5357,4098.12,51.22,640.09,7.3e-05,0.7745,0,Normal Clean
2026-01-04 21:00:00,17.821,31.152,146.8,53.37,27.76,59.06,11.872,11.079,4.667,4.152,0.793,0.5145,4079.28,50.45,646.88,8.6e-05,0.7849,0,Normal Clean
2026-01-04 21:15:00,17.345,33.247,147.76,54.52,29.29,57.78,12.05,11.315,4.477,3.863,0.7354,0.6143,3962.27,50.93,622.44,0.000119,0.787,0,Normal Clean
2026-01-04 21:30:00,17.545,30.29,141.39,51.32,27.28,57.83,11.983,11.2,4.524,4.017,0.7833,0.5072,3871.76,47.78,648.29,6.8e-05,0.7893,0,Normal Clean
2026-01-04 21:45:00,20.027,32.227,143.83,57.99,26.51,57.74,11.711,10.706,4.567,3.994,1.0053,0.5725,4211.48,54.28,620.68,0.000129,0.7316,0,Normal Clean
2026-01-04 22:00:00,17.77,33.067,146.02,52.39,28.54,58.0,12.016,11.188,4.496,3.888,0.8278,0.6083,4076.32,49.15,663.47,5.3e-05,0.7969,0,Normal Clean
2026-01-04 22:15:00,19.122,32.047,144.24,56.84,27.88,58.42,11.366,10.482,4.521,3.978,0.8843,0.5431,4094.59,52.34,625.8,0.000126,0.7511,0,Normal Clean
2026-01-04 22:30:00,18.849,33.724,143.02,55.43,28.05,56.72,11.727,10.85,4.57,3.958,0.8771,0.6125,4045.29,51.32,630.6,0.000153,0.7619,0,Normal Clean
2026-01-04 22:45:00,17.197,30.437,145.24,53.99,29.66,59.85,11.949,11.227,4.476,3.968,0.7215,0.5088,3844.77,48.64,632.39,0.000118,0.7895,0,Normal Clean
2026-01-04 23:00:00,17.701,33.299,141.83,53.72,29.0,56.43,12.134,11.369,4.538,3.933,0.7653,0.6053,3820.95,48.94,624.55,0.000102,0.7809,0,Normal Clean
2026-01-04 23:15:00,19.456,32.027,142.56,59.92,28.97,58.36,12.004,11.053,4.268,3.726,0.9504,0.5417,3939.17,53.21,592.25,0.000137,0.7275,0,Normal Clean
2026-01-04 23:30:00,16.471,30.239,151.89,51.69,27.54,59.5,12.146,11.462,4.435,3.945,0.6846,0.4898,4043.4,50.86,636.03,9.9e-05,0.8058,0,Normal Clean
2026-01-04 23:45:00,16.983,32.875,140.13,48.42,24.92,52.66,12.148,11.43,4.551,3.969,0.7174,0.5816,3815.61,48.67,627.18,8.6e-05,0.796,0,Normal Clean
2026-01-05 00:00:00,20.213,31.245,146.89,56.68,25.13,59.3,12.132,11.133,4.42,3.89,0.9987,0.5299,4467.56,54.88,651.25,9.5e-05,0.7409,0,Normal Clean
2026-01-05 00:15:00,18.165,31.715,144.54,54.9,26.73,56.79,11.997,11.163,4.494,3.955,0.8344,0.5391,3989.21,52.44,608.63,0.000147,0.7609,0,Normal Clean
2026-01-05 00:30:00,19.205,33.116,140.22,55.38,28.14,56.95,11.906,11.011,4.424,3.826,0.8948,0.5985,3992.28,50.14,636.98,0.000115,0.757,0,Normal Clean
2026-01-05 00:45:00,19.137,28.079,143.68,56.47,27.16,61.96,12.096,11.136,4.238,3.786,0.9598,0.4516,4088.97,51.11,640.02,0.000147,0.7485,0,Normal Clean
2026-01-05 01:00:00,18.657,31.745,143.81,53.98,26.76,57.68,11.863,11.001,4.365,3.793,0.8615,0.5723,4106.14,51.14,642.32,9e-05,0.7675,0,Normal Clean
2026-01-05 01:15:00,20.132,29.76,145.58,58.49,27.09,61.59,11.797,10.785,4.366,3.878,1.0124,0.4881,4295.64,53.46,642.87,0.000108,0.735,0,Normal Clean
2026-01-05 01:30:00,17.477,32.856,146.58,53.77,27.29,56.2,11.846,11.094,4.661,4.108,0.7513,0.5528,3974.16,52.05,610.8,0.000153,0.778,0,Normal Clean
2026-01-05 01:45:00,18.488,28.961,142.2,55.03,29.01,61.59,12.121,11.294,4.461,4.009,0.8267,0.4516,3948.62,48.28,654.34,7.9e-05,0.7701,0,Normal Clean
2026-01-05 02:00:00,18.821,30.518,143.7,56.59,29.99,61.45,12.165,11.256,4.516,3.999,0.9091,0.5166,4016.89,49.3,651.77,9.5e-05,0.766,0,Normal Clean
2026-01-05 02:15:00,18.866,33.057,148.54,57.98,28.67,58.94,11.9,10.999,4.455,3.847,0.9009,0.6081,4185.88,53.95,620.7,8.8e-05,0.7555,0,Normal Clean
2026-01-05 02:30:00,17.948,32.978,145.01,54.68,29.84,58.63,12.197,11.381,4.36,3.794,0.8154,0.5656,3972.22,49.37,643.69,0.000124,0.7844,0,Normal Clean
2026-01-05 02:45:00,16.898,31.306,146.09,51.26,28.36,58.33,12.251,11.518,4.579,4.048,0.7323,0.5311,3926.1,48.27,650.67,9.1e-05,0.8055,0,Normal Clean
2026-01-05 03:00:00,18.118,30.146,144.69,54.53,28.46,60.19,11.869,11.057,4.476,3.98,0.8121,0.4967,4002.22,49.68,644.47,0.000117,0.7758,0,Normal Clean
2026-01-05 03:15:00,15.997,29.35,141.57,51.04,30.07,58.96,12.023,11.397,4.539,4.051,0.6264,0.4878,3547.99,44.96,631.35,0.00011,0.8119,0,Normal Clean
2026-01-05 03:30:00,18.235,32.125,145.48,56.76,31.59,61.08,11.58,10.755,4.568,4.001,0.8252,0.5674,3963.65,48.96,647.7,5.8e-05,0.779,0,Normal Clean
2026-01-05 03:45:00,22.235,33.454,142.88,61.45,27.36,59.05,11.909,10.73,4.32,3.712,1.1793,0.6082,4435.83,55.28,641.97,9.9e-05,0.7049,0,Normal Clean
2026-01-05 04:00:00,20.418,33.32,145.02,60.37,27.64,58.02,12.015,11.034,4.449,3.832,0.9812,0.6163,4234.72,55.51,610.3,0.000172,0.7212,0,Normal Clean
2026-01-05 04:15:00,17.618,31.665,141.0,54.95,31.42,59.45,11.753,10.976,4.397,3.865,0.777,0.5315,3714.24,46.68,636.48,0.00013,0.7852,0,Normal Clean
2026-01-05 04:30:00,19.359,36.31,150.46,56.12,26.97,56.42,12.325,11.393,4.538,3.876,0.932,0.6628,4474.63,55.4,646.14,9.6e-05,0.764,0,Normal Clean
2026-01-05 04:45:00,18.474,34.019,144.53,55.89,29.09,57.28,12.07,11.22,4.534,3.933,0.8502,0.6011,4012.03,51.21,626.75,9.8e-05,0.7679,0,Normal Clean
2026-01-05 05:00:00,18.334,31.237,144.24,56.5,29.57,59.73,11.933,11.094,4.366,3.835,0.8393,0.5311,3941.09,50.35,626.23,0.000126,0.7652,0,Normal Clean
2026-01-05 05:15:00,18.236,33.097,141.11,54.3,28.3,56.31,12.02,11.174,4.504,3.941,0.8457,0.5631,3878.56,49.74,623.82,0.000136,0.7695,0,Normal Clean
2026-01-05 05:30:00,19.648,36.184,144.96,59.65,28.76,55.88,12.017,11.084,4.429,3.749,0.9325,0.6795,4106.27,54.95,597.87,0.000167,0.7341,0,Normal Clean
2026-01-05 05:45:00,18.085,33.6,142.2,53.26,26.85,54.88,12.014,11.201,4.603,3.996,0.8129,0.6072,3940.61,50.93,618.95,0.00015,0.771,0,Normal Clean
2026-01-05 06:00:00,17.212,32.146,143.8,56.43,31.81,59.2,11.992,11.215,4.36,3.825,0.7768,0.5343,3684.06,48.59,606.51,0.000139,0.7801,0,Normal Clean
2026-01-05 06:15:00,17.977,31.536,144.83,54.6,29.03,59.15,11.863,11.053,4.473,3.927,0.8102,0.5454,3973.82,49.71,639.58,9.5e-05,0.7792,0,Normal Clean
2026-01-05 06:30:00,18.971,32.816,141.04,56.0,28.08,56.86,12.096,11.212,4.573,3.994,0.8835,0.579,3952.73,50.98,620.24,0.000128,0.7528,0,Normal Clean
2026-01-05 06:45:00,18.011,33.634,145.31,54.11,27.81,56.41,11.958,11.152,4.575,3.965,0.8055,0.6092,4024.23,51.4,626.38,0.000113,0.7762,0,Normal Clean
2026-01-05 07:00:00,18.665,37.253,144.54,53.0,26.3,53.16,12.055,11.178,4.293,3.557,0.8763,0.7351,4185.87,52.57,637.02,8.7e-05,0.7742,0,Normal Clean
2026-01-05 07:15:00,17.146,32.558,141.82,50.57,27.38,55.52,11.801,11.034,4.555,3.993,0.7673,0.562,3832.94,48.03,638.43,9.6e-05,0.7973,0,Normal Clean
2026-01-05 07:30:00,18.259,32.662,147.6,52.83,25.07,56.09,11.926,11.113,4.521,3.969,0.8132,0.5523,4239.78,53.44,634.68,0.000118,0.7735,0,Normal Clean
2026-01-05 07:45:00,17.986,33.853,144.16,52.97,26.73,55.1,12.185,11.375,4.467,3.833,0.8102,0.6344,4018.04,51.41,625.27,0.000149,0.7765,0,Normal Clean
2026-01-05 08:00:00,17.269,32.112,145.27,52.45,26.38,55.61,11.965,11.224,4.54,3.974,0.7407,0.5658,3926.96,51.48,610.27,0.000155,0.7807,0,Normal Clean
2026-01-05 08:15:00,18.516,31.595,142.68,58.78,32.4,61.19,11.785,10.937,4.457,3.903,0.8479,0.5541,3806.0,48.86,623.21,0.000146,0.7608,0,Normal Clean
2026-01-05 08:30:00,18.869,35.723,141.51,54.68,29.8,56.66,12.036,11.141,4.584,3.907,0.8948,0.677,4013.86,48.88,656.94,7.4e-05,0.7773,0,Normal Clean
2026-01-05 08:45:00,16.629,33.475,146.06,49.35,26.55,54.68,11.892,11.231,4.453,3.84,0.6609,0.6131,3940.01,49.4,638.05,7.9e-05,0.8092,0,Normal Clean
2026-01-05 09:00:00,20.003,30.598,145.68,59.28,28.63,61.7,12.238,11.227,4.418,3.905,1.0108,0.5136,4234.47,52.91,640.26,6e-05,0.7382,0,Normal Clean
2026-01-05 09:15:00,21.605,29.84,146.75,61.93,27.39,63.35,12.157,11.042,4.353,3.87,1.1143,0.4831,4489.8,55.43,648.01,8.8e-05,0.7106,0,Normal Clean
2026-01-05 09:30:00,20.443,32.748,141.96,59.92,30.05,60.03,11.879,10.889,4.591,4.027,0.9902,0.5643,4108.63,51.6,637.0,0.00013,0.733,0,Normal Clean
2026-01-05 09:45:00,19.411,33.253,145.7,58.05,27.69,57.65,11.937,11.006,4.586,4.007,0.9317,0.5792,4168.25,54.18,615.46,0.000133,0.7427,0,Normal Clean
2026-01-05 10:00:00,18.173,34.221,142.99,55.16,28.28,55.59,11.869,11.066,4.474,3.852,0.803,0.6222,3910.28,51.33,609.49,0.000165,0.7657,0,Normal Clean
2026-01-05 10:15:00,17.062,33.952,145.53,53.54,28.3,55.36,11.998,11.269,4.448,3.831,0.7296,0.6169,3844.96,51.0,603.16,0.000144,0.7846,0,Normal Clean
2026-01-05 10:30:00,18.807,34.148,143.07,56.16,27.25,55.28,11.897,11.023,4.42,3.807,0.8745,0.6128,4004.66,53.01,604.41,0.000158,0.7504,0,Normal Clean
2026-01-05 10:45:00,17.826,31.407,149.19,54.79,27.59,58.96,11.56,10.771,4.3,3.758,0.7888,0.542,4122.8,52.56,627.5,0.000151,0.7763,0,Normal Clean
2026-01-05 11:00:00,16.542,30.371,140.48,48.55,27.59,56.91,11.991,11.305,4.511,4.032,0.6854,0.4795,3725.67,45.27,658.34,7.9e-05,0.8143,0,Normal Clean
2026-01-05 11:15:00,20.407,29.764,142.19,58.51,26.36,59.95,11.986,10.958,4.543,4.062,1.0283,0.4807,4183.32,53.34,627.47,0.00011,0.7224,0,Normal Clean
2026-01-05 11:30:00,17.409,35.032,147.11,53.02,28.03,55.41,12.27,11.529,4.349,3.726,0.741,0.623,4013.0,51.31,625.71,0.000111,0.7902,0,Normal Clean
2026-01-05 11:45:00,18.679,29.46,147.01,56.45,28.36,61.98,12.147,11.284,4.311,3.834,0.8622,0.4771,4144.18,51.41,644.88,8.2e-05,0.7632,0,Normal Clean
2026-01-05 12:00:00,16.662,34.07,144.49,52.18,29.68,56.11,11.895,11.224,4.448,3.828,0.6707,0.6199,3768.33,48.15,626.1,0.000117,0.804,0,Normal Clean
2026-01-05 12:15:00,17.085,32.061,142.02,53.85,29.39,56.9,11.982,11.245,4.482,3.945,0.7364,0.5373,3690.79,48.65,606.96,0.000133,0.7828,0,Normal Clean
2026-01-05 12:30:00,18.628,31.379,146.72,56.44,27.08,58.47,11.989,11.143,4.618,4.087,0.8452,0.5312,4120.49,53.51,616.05,0.000132,0.7546,0,Normal Clean
2026-01-05 12:45:00,18.234,29.57,149.42,55.98,28.48,62.22,11.719,10.896,4.456,3.974,0.8231,0.4818,4174.15,51.73,645.47,0.000111,0.7726,0,Normal Clean
2026-01-05 13:00:00,17.256,31.634,144.91,53.16,28.99,58.3,12.218,11.465,4.425,3.869,0.753,0.5563,3878.8,48.93,634.21,9.8e-05,0.7915,0,Normal Clean
2026-01-05 13:15:00,18.958,31.328,143.75,56.18,27.75,58.78,12.327,11.438,4.482,3.932,0.8898,0.5499,4067.59,51.64,630.12,0.000127,0.7549,0,Normal Clean
2026-01-05 13:30:00,15.639,33.341,145.34,49.0,28.64,55.1,11.858,11.252,4.462,3.845,0.6054,0.6168,3690.97,46.93,629.15,0.000129,0.8255,0,Normal Clean
2026-01-05 13:45:00,17.718,28.05,149.0,56.99,29.05,63.09,12.107,11.354,4.517,4.115,0.7525,0.4015,3994.06,51.61,619.17,0.000165,0.7671,0,Normal Clean
2026-01-05 14:00:00,18.227,31.745,145.34,56.21,29.09,59.06,12.128,11.307,4.526,3.985,0.8203,0.5412,3980.16,51.12,622.91,0.000105,0.7667,0,Normal Clean
2026-01-05 14:15:00,17.706,33.356,143.46,51.22,26.72,55.39,11.878,11.081,4.612,4.001,0.7971,0.6113,4001.72,49.69,644.31,6.4e-05,0.7901,0,Normal Clean
2026-01-05 14:30:00,18.307,36.502,142.36,53.44,27.47,53.58,11.754,10.916,4.595,3.876,0.8374,0.7192,3988.38,51.1,624.44,0.000122,0.774,0,Normal Clean
2026-01-05 14:45:00,19.063,31.114,148.32,57.11,26.54,59.26,12.081,11.171,4.483,3.951,0.9107,0.532,4259.8,54.7,623.01,0.0001,0.749,0,Normal Clean
2026-01-05 15:00:00,18.465,33.395,142.39,54.96,27.96,56.27,11.875,11.021,4.575,3.969,0.8545,0.6061,3955.03,50.97,620.76,0.000167,0.764,0,Normal Clean
2026-01-05 15:15:00,17.302,31.995,143.67,51.48,27.48,56.68,11.925,11.184,4.402,3.857,0.7406,0.5452,3907.86,48.91,639.17,9.4e-05,0.7935,0,Normal Clean
2026-01-05 15:30:00,20.472,32.704,147.92,59.46,26.91,59.34,11.871,10.824,4.226,3.643,1.047,0.5827,4436.9,55.96,634.27,9.3e-05,0.731,0,Normal Clean
2026-01-05 15:45:00,18.959,34.025,140.64,53.88,28.61,56.92,11.945,11.043,4.511,3.896,0.9018,0.6157,4029.97,48.8,660.71,6.5e-05,0.7744,0,Normal Clean
2026-01-05 16:00:00,16.975,31.319,147.25,52.87,28.06,58.01,12.132,11.417,4.677,4.149,0.7144,0.5278,3925.15,50.33,623.9,0.00012,0.7919,0,Normal Clean
2026-01-05 16:15:00,18.109,32.703,144.62,53.59,27.52,57.03,11.644,10.827,4.406,3.826,0.8167,0.58,4038.29,50.77,636.39,0.000123,0.7773,0,Normal Clean
2026-01-05 16:30:00,17.611,33.557,145.38,53.0,28.45,56.84,11.843,11.078,4.571,3.996,0.7651,0.575,3985.79,49.89,639.12,0.000113,0.79,0,Normal Clean
2026-01-05 16:45:00,20.131,33.369,140.64,56.04,27.09,56.98,12.314,11.31,4.645,4.06,1.0037,0.5847,4172.77,51.56,647.48,0.0001,0.7451,0,Normal Clean
2026-01-05 17:00:00,19.712,31.92,148.45,59.8,26.99,59.05,11.989,11.047,4.408,3.87,0.9417,0.5382,4281.26,56.45,606.72,0.000166,0.7299,0,Normal Clean
2026-01-05 17:15:00,19.36,28.886,148.33,60.61,31.75,66.17,12.009,11.029,4.436,3.984,0.9804,0.4517,4160.81,50.95,653.3,9.1e-05,0.7524,0,Normal Clean
2026-01-05 17:30:00,17.359,31.385,142.48,52.45,28.07,57.23,11.887,11.168,4.351,3.818,0.7189,0.5321,3829.04,48.62,630.0,0.000118,0.7869,0,Normal Clean
2026-01-05 17:45:00,17.243,35.08,146.31,50.93,27.4,54.85,11.851,11.099,4.49,3.858,0.752,0.6318,4029.66,50.03,644.36,6.7e-05,0.8022,0,Normal Clean
2026-01-05 18:00:00,19.668,32.538,143.07,58.29,30.85,60.86,12.017,11.053,4.396,3.82,0.964,0.5762,4085.42,49.91,654.82,6.6e-05,0.7555,0,Normal Clean
2026-01-05 18:15:00,18.186,33.001,140.24,53.07,27.35,55.48,12.344,11.553,4.423,3.849,0.7915,0.5747,3883.96,49.5,627.65,9.4e-05,0.7722,0,Normal Clean
2026-01-05 18:30:00,18.663,31.905,144.64,55.11,28.06,58.73,12.205,11.33,4.481,3.915,0.8749,0.5658,4093.74,50.93,643.07,7e-05,0.768,0,Normal Clean
2026-01-05 18:45:00,17.309,32.037,141.34,49.6,25.35,54.37,12.073,11.305,4.462,3.925,0.7685,0.5371,3890.41,49.11,633.78,7.8e-05,0.7909,0,Normal Clean
2026-01-05 19:00:00,18.265,30.124,146.43,55.6,27.5,59.75,11.896,11.08,4.585,4.087,0.8166,0.498,4064.52,52.0,625.33,0.000105,0.7638,0,Normal Clean
2026-01-05 19:15:00,18.117,33.128,144.8,53.64,28.31,57.5,11.675,10.857,4.689,4.107,0.8182,0.5815,4046.51,50.08,646.39,5.7e-05,0.7826,0,Normal Clean
2026-01-05 19:30:00,19.042,31.359,145.07,56.47,29.05,60.55,11.753,10.843,4.432,3.881,0.9108,0.551,4133.75,50.72,651.95,6e-05,0.7637,0,Normal Clean
2026-01-05 19:45:00,20.831,28.855,145.24,58.88,25.56,62.07,11.499,10.432,4.53,4.054,1.0667,0.4758,4407.45,54.49,647.06,6.9e-05,0.7216,0,Normal Clean
2026-01-05 20:00:00,18.854,31.571,143.97,57.29,30.73,61.04,12.235,11.293,4.514,3.978,0.9424,0.5362,4003.96,49.51,646.91,0.000101,0.7654,0,Normal Clean
2026-01-05 20:15:00,17.49,27.616,146.71,53.82,26.78,61.23,12.035,11.279,4.375,3.982,0.7561,0.3927,3980.4,50.78,627.12,0.000153,0.7745,0,Normal Clean
2026-01-05 20:30:00,18.369,32.062,145.4,56.5,30.04,59.87,11.953,11.137,4.488,3.946,0.8162,0.542,4000.98,50.35,635.75,0.000107,0.7707,0,Normal Clean
2026-01-05 20:45:00,20.233,29.79,143.52,60.32,28.54,61.63,11.761,10.809,4.351,3.846,0.9513,0.5044,4124.67,52.94,623.3,0.00011,0.7236,0,Normal Clean
2026-01-05 21:00:00,18.792,31.154,146.53,54.54,26.53,59.02,11.724,10.842,4.32,3.807,0.882,0.5134,4235.25,52.23,648.75,0.0001,0.7666,0,Normal Clean
2026-01-05 21:15:00,16.347,30.98,143.5,49.5,27.01,56.06,11.86,11.177,4.435,3.923,0.6836,0.5119,3764.88,47.83,629.75,9.6e-05,0.807,0,Normal Clean
2026-01-05 21:30:00,16.559,32.685,142.96,50.69,28.48,55.85,11.519,10.856,4.639,4.071,0.6636,0.5685,3743.09,47.49,630.6,9.8e-05,0.806,0,Normal Clean
2026-01-05 21:45:00,18.079,31.59,146.79,52.61,25.9,57.46,11.696,10.866,4.545,4.033,0.8303,0.5122,4171.36,51.87,643.37,0.000109,0.779,0,Normal Clean
2026-01-05 22:00:00,18.318,33.908,142.77,52.95,27.42,55.83,11.965,11.118,4.21,3.601,0.8471,0.6088,4030.66,50.12,643.39,0.000113,0.7786,0,Normal Clean
2026-01-05 22:15:00,17.428,33.436,140.32,51.17,28.97,56.18,11.78,11.034,4.625,4.03,0.746,0.5956,3806.52,46.49,655.09,5.8e-05,0.8006,0,Normal Clean
2026-01-05 22:30:00,19.307,32.3,147.95,57.29,28.6,60.34,11.807,10.88,4.42,3.874,0.9262,0.5459,4288.52,52.78,650.06,0.000106,0.7597,0,Normal Clean
2026-01-05 22:45:00,16.603,34.24,150.58,50.13,26.02,54.54,12.154,11.497,4.5,3.899,0.6577,0.6009,4086.09,52.04,628.12,0.000149,0.8064,0,Normal Clean
2026-01-05 23:00:00,18.664,32.046,143.21,57.27,29.21,58.52,12.106,11.229,4.586,4.011,0.8773,0.5745,3929.57,51.26,613.25,0.00014,0.7539,0,Normal Clean
2026-01-05 23:15:00,16.849,34.463,145.31,53.66,29.28,55.52,12.245,11.534,4.534,3.901,0.711,0.6331,3783.53,50.18,603.2,0.000134,0.7899,0,Normal Clean
2026-01-05 23:30:00,20.484,33.122,145.6,57.87,28.73,60.5,11.8,10.739,4.662,4.079,1.0615,0.5828,4402.69,52.22,674.52,4.7e-05,0.7506,0,Normal Clean
2026-01-05 23:45:00,18.549,32.783,144.02,56.97,28.81,57.65,12.061,11.194,4.4,3.823,0.8677,0.5767,3955.86,51.94,609.3,0.000141,0.7556,0,Normal Clean
2026-01-06 00:00:00,17.163,30.864,142.64,50.82,27.18,57.08,11.957,11.196,4.584,4.076,0.7612,0.5078,3861.25,48.14,641.65,8.7e-05,0.7953,0,Normal Clean
2026-01-06 00:15:00,19.813,32.862,142.85,61.12,31.27,60.12,12.039,11.058,4.485,3.878,0.9804,0.6077,3967.17,51.87,611.82,0.000157,0.7325,0,Normal Clean
2026-01-06 00:30:00,19.786,29.288,140.09,56.22,27.12,60.3,11.673,10.755,4.458,3.982,0.9181,0.4757,4065.53,50.25,647.2,9.5e-05,0.7424,0,Normal Clean
2026-01-06 00:45:00,19.481,33.717,148.05,61.37,31.3,60.63,11.929,10.988,4.511,3.911,0.9412,0.5998,4136.75,53.74,615.83,0.000132,0.7424,0,Normal Clean
2026-01-06 01:00:00,18.064,33.538,145.85,56.24,30.25,58.51,12.015,11.177,4.603,3.992,0.838,0.6104,3965.87,50.62,626.8,0.000116,0.7751,0,Normal Clean
2026-01-06 01:15:00,18.172,30.496,147.74,57.98,29.3,60.62,11.901,11.116,4.558,4.046,0.7848,0.5114,3996.4,52.6,607.84,0.000156,0.7578,0,Normal Clean
2026-01-06 01:30:00,16.896,34.406,148.87,51.08,28.48,56.6,12.244,11.53,4.513,3.896,0.7139,0.6169,4048.17,49.52,653.93,6.5e-05,0.8123,0,Normal Clean
2026-01-06 01:45:00,18.612,31.707,142.82,55.12,28.11,58.25,12.148,11.292,4.386,3.84,0.8552,0.5456,3999.26,50.43,634.42,8.9e-05,0.7645,0,Normal Clean
2026-01-06 02:00:00,17.14,32.63,142.76,52.32,29.59,57.41,12.468,11.723,4.414,3.86,0.7447,0.5537,3797.94,47.32,642.03,9.8e-05,0.7992,0,Normal Clean
2026-01-06 02:15:00,17.263,33.48,142.91,52.4,28.83,56.15,11.931,11.169,4.489,3.857,0.7618,0.6313,3827.87,48.49,631.54,9.4e-05,0.7934,0,Normal Clean
2026-01-06 02:30:00,17.521,29.381,145.75,52.48,27.18,59.75,12.374,11.579,4.503,4.044,0.7949,0.4594,4003.82,49.61,645.6,7.9e-05,0.7866,0,Normal Clean
2026-01-06 02:45:00,18.445,31.97,146.71,56.46,28.89,59.38,11.956,11.125,4.506,3.945,0.8313,0.5611,4078.35,51.83,629.44,9.7e-05,0.766,0,Normal Clean
2026-01-06 03:00:00,19.37,32.807,144.6,56.82,26.62,56.97,12.018,11.106,4.344,3.742,0.9127,0.6018,4165.75,53.91,618.18,0.000117,0.744,0,Normal Clean
2026-01-06 03:15:00,17.766,34.045,144.62,52.4,27.76,55.93,12.088,11.299,4.412,3.803,0.7892,0.6088,4013.58,50.01,642.02,8.1e-05,0.7891,0,Normal Clean
2026-01-06 03:30:00,20.41,33.578,147.41,58.67,27.54,59.13,11.654,10.613,4.695,4.069,1.0407,0.6261,4437.51,54.83,647.51,7.3e-05,0.7403,0,Normal Clean
2026-01-06 03:45:00,17.208,30.787,147.39,49.35,23.93,56.02,11.97,11.211,4.357,3.832,0.7593,0.5251,4133.46,51.55,641.46,6.3e-05,0.7941,0,Normal Clean
2026-01-06 04:00:00,17.106,34.848,144.0,52.48,28.19,54.5,11.987,11.275,4.434,3.807,0.7119,0.6273,3835.33,50.0,613.62,0.000137,0.7902,0,Normal Clean
2026-01-06 04:15:00,17.064,31.522,148.43,54.06,29.8,59.71,11.994,11.226,4.491,3.978,0.7678,0.5133,3945.2,49.71,634.92,0.000114,0.7955,0,Normal Clean
2026-01-06 04:30:00,18.849,31.346,144.54,52.9,24.27,56.54,11.956,11.098,4.597,4.05,0.8572,0.5465,4232.18,52.87,640.36,8.6e-05,0.762,0,Normal Clean
2026-01-06 04:45:00,19.615,30.911,146.24,57.92,28.81,61.63,12.128,11.166,4.331,3.81,0.9624,0.521,4244.63,52.02,652.76,6.8e-05,0.7521,0,Normal Clean
2026-01-06 05:00:00,20.168,29.579,142.49,59.1,27.5,60.8,12.283,11.288,4.577,4.091,0.9949,0.4865,4120.2,52.74,624.96,0.000131,0.7252,0,Normal Clean
2026-01-06 05:15:00,19.093,31.348,146.85,56.22,27.86,60.19,11.784,10.893,4.46,3.92,0.8905,0.5396,4239.74,52.19,649.86,6.4e-05,0.7617,0,Normal Clean
2026-01-06 05:30:00,18.636,32.335,147.3,57.36,29.53,59.88,11.881,10.98,4.438,3.876,0.9012,0.5622,4106.68,52.06,631.08,0.000108,0.7637,0,Normal Clean
2026-01-06 05:45:00,19.023,29.856,146.7,55.23,26.61,60.73,11.773,10.908,4.465,3.962,0.8651,0.5028,4263.14,52.14,654.1,8.4e-05,0.7617,0,Normal Clean
2026-01-06 06:00:00,17.527,33.543,144.83,51.43,28.04,56.62,11.963,11.182,4.621,4.003,0.7808,0.6182,4010.8,48.83,657.14,0.000104,0.7998,0,Normal Clean
2026-01-06 06:15:00,18.373,34.22,144.98,54.26,27.42,55.94,12.261,11.433,4.451,3.824,0.8287,0.6264,4083.67,51.87,629.84,0.00012,0.7717,0,Normal Clean
2026-01-06 06:30:00,17.968,31.481,144.71,54.66,28.13,58.22,12.138,11.349,4.456,3.923,0.7888,0.5327,3964.12,50.75,624.95,0.000126,0.7724,0,Normal Clean
2026-01-06 06:45:00,18.591,31.222,148.18,55.16,26.25,58.68,11.856,10.994,4.778,4.29,0.8614,0.4882,4236.72,53.62,632.05,0.000106,0.7628,0,Normal Clean
2026-01-06 07:00:00,16.122,29.301,147.25,52.76,29.69,60.13,11.897,11.246,4.568,4.125,0.6514,0.4432,3732.19,48.2,619.45,0.000124,0.8038,0,Normal Clean
2026-01-06 07:15:00,18.275,34.014,148.19,56.3,27.74,56.65,12.22,11.393,4.536,3.896,0.8269,0.6398,4113.84,54.07,608.66,0.000137,0.7629,0,Normal Clean
2026-01-06 07:30:00,19.027,34.282,144.94,54.62,25.87,55.22,12.169,11.294,4.575,3.958,0.875,0.6176,4210.59,53.57,628.77,9.8e-05,0.7586,0,Normal Clean
2026-01-06 07:45:00,16.957,33.584,141.42,51.49,28.5,55.08,11.837,11.111,4.463,3.861,0.7265,0.6023,3735.87,47.88,624.22,0.000139,0.7963,0,Normal Clean
2026-01-06 08:00:00,19.027,31.823,140.49,56.52,28.5,57.9,12.073,11.177,4.432,3.877,0.896,0.5549,3914.52,50.48,620.31,0.000114,0.7498,0,Normal Clean
2026-01-06 08:15:00,18.665,31.009,146.27,57.11,26.78,58.21,12.3,11.459,4.635,4.136,0.8412,0.499,4077.57,54.16,602.26,0.000125,0.7462,0,Normal Clean
2026-01-06 08:30:00,18.662,31.413,141.64,54.02,27.58,58.06,12.101,11.27,4.553,4.019,0.831,0.5334,4006.01,49.65,645.5,9.7e-05,0.7682,0,Normal Clean
2026-01-06 08:45:00,17.946,27.945,145.84,53.98,27.59,62.13,12.194,11.407,4.39,3.971,0.7866,0.4192,4038.79,49.66,650.68,8.9e-05,0.7768,0,Normal Clean
2026-01-06 09:00:00,18.043,29.715,144.58,53.9,28.9,61.14,11.758,10.967,4.581,4.106,0.7911,0.4753,4008.34,48.49,661.28,5.4e-05,0.7838,0,Normal Clean
2026-01-06 09:15:00,18.122,32.233,139.05,52.23,25.26,53.84,12.123,11.329,4.604,4.042,0.7944,0.5618,3854.74,50.63,609.09,0.000121,0.763,0,Normal Clean
2026-01-06 09:30:00,19.344,36.497,144.43,54.45,25.89,53.81,12.08,11.136,4.632,3.911,0.9446,0.7208,4264.31,53.75,634.73,8.1e-05,0.7591,0,Normal Clean
2026-01-06 09:45:00,19.918,31.88,144.1,60.94,29.84,60.27,11.758,10.798,4.544,3.981,0.9605,0.5628,4058.53,53.18,610.56,0.000161,0.7278,0,Normal Clean
2026-01-06 10:00:00,17.032,34.564,148.88,54.0,29.32,56.7,11.848,11.09,4.469,3.837,0.7575,0.6327,3959.22,51.22,618.4,8.1e-05,0.7936,0,Normal Clean
2026-01-06 10:15:00,18.41,31.336,147.02,56.04,29.68,60.98,12.057,11.2,4.466,3.918,0.8571,0.5478,4103.74,50.45,650.8,7.7e-05,0.7754,0,Normal Clean
2026-01-06 10:30:00,17.677,33.477,142.62,53.23,29.04,56.68,11.897,11.146,4.398,3.818,0.7503,0.58,3871.47,48.71,635.88,0.000104,0.787,0,Normal Clean
2026-01-06 10:45:00,17.519,32.704,146.45,51.99,27.98,57.6,12.231,11.468,4.54,3.954,0.7638,0.5854,4054.25,49.56,654.43,8.3e-05,0.7973,0,Normal Clean
2026-01-06 11:00:00,18.137,34.423,144.52,55.96,30.21,57.53,11.996,11.186,4.571,3.904,0.8097,0.6672,3935.15,50.3,625.83,0.000124,0.7747,0,Normal Clean
2026-01-06 11:15:00,17.936,32.286,147.89,52.45,27.09,58.13,11.798,11.027,4.525,3.985,0.7712,0.5405,4193.93,50.95,658.48,5.4e-05,0.79,0,Normal Clean
2026-01-06 11:30:00,20.413,32.186,148.58,60.54,27.61,60.31,11.824,10.761,4.527,3.983,1.063,0.544,4403.09,56.12,627.63,7.9e-05,0.7278,0,Normal Clean
2026-01-06 11:45:00,17.771,28.822,149.35,53.33,26.07,60.73,12.012,11.224,4.591,4.143,0.7878,0.4479,4180.57,52.05,642.54,9e-05,0.7788,0,Normal Clean
2026-01-06 12:00:00,19.318,33.733,141.93,59.96,31.29,58.78,12.153,11.257,4.5,3.893,0.8963,0.6073,3879.75,51.16,606.66,0.000119,0.7409,0,Normal Clean
2026-01-06 12:15:00,18.453,30.822,139.88,54.91,28.56,58.35,12.291,11.445,4.441,3.936,0.8459,0.5052,3841.29,48.85,629.04,0.000101,0.7633,0,Normal Clean
2026-01-06 12:30:00,18.959,29.638,144.01,55.59,27.94,61.06,11.78,10.918,4.68,4.174,0.8627,0.5055,4107.15,50.33,652.78,7.4e-05,0.7618,0,Normal Clean
2026-01-06 12:45:00,18.741,32.463,144.14,54.21,26.88,57.28,12.068,11.166,4.445,3.892,0.9011,0.5535,4128.98,51.49,641.53,0.000124,0.7669,0,Normal Clean
2026-01-06 13:00:00,19.5,30.866,147.16,54.68,23.94,58.15,11.856,10.919,4.408,3.882,0.9375,0.5254,4418.08,54.81,644.85,8.6e-05,0.7505,0,Normal Clean
2026-01-06 13:15:00,18.649,33.685,146.94,55.88,28.05,57.57,11.821,10.967,4.435,3.82,0.8534,0.6149,4160.84,52.75,631.02,0.000113,0.7659,0,Normal Clean
2026-01-06 13:30:00,17.881,30.334,140.61,51.49,26.96,57.72,12.095,11.311,4.43,3.917,0.7835,0.5128,3904.46,47.93,651.72,7.6e-05,0.7842,0,Normal Clean
2026-01-06 13:45:00,19.853,29.966,142.94,58.95,29.79,62.37,11.971,11.015,4.278,3.798,0.9561,0.4802,4085.12,50.59,646.01,7.8e-05,0.7422,0,Normal Clean
2026-01-06 14:00:00,19.787,34.572,148.59,57.79,28.43,58.86,11.607,10.616,4.546,3.907,0.9914,0.6392,4401.71,54.04,651.64,0.000104,0.7556,0,Normal Clean
2026-01-06 14:15:00,19.804,32.6,138.77,55.24,27.25,56.96,12.239,11.263,4.419,3.871,0.9766,0.5485,4052.51,50.18,646.08,0.000119,0.749,0,Normal Clean
2026-01-06 14:30:00,18.677,30.775,146.54,57.85,28.76,60.28,12.162,11.342,4.533,4.036,0.8206,0.4977,4058.04,52.59,617.27,0.000111,0.753,0,Normal Clean
2026-01-06 14:45:00,17.393,30.282,146.3,54.41,27.24,58.15,11.964,11.214,4.589,4.107,0.7502,0.4822,3915.77,51.81,604.65,0.000124,0.7718,0,Normal Clean
2026-01-06 15:00:00,20.977,32.285,147.05,60.04,27.71,60.81,12.059,10.947,4.667,4.105,1.112,0.5619,4471.96,54.94,651.13,0.000103,0.7291,0,Normal Clean
2026-01-06 15:15:00,18.54,28.008,142.08,54.91,26.35,60.14,12.164,11.305,4.587,4.15,0.8595,0.4375,3959.77,50.64,625.59,0.000128,0.7533,0,Normal Clean
2026-01-06 15:30:00,19.321,31.242,147.44,55.82,26.3,59.48,11.78,10.829,4.569,4.034,0.9515,0.5351,4337.17,53.52,648.27,6.7e-05,0.7563,0,Normal Clean
2026-01-06 15:45:00,20.387,31.492,148.08,58.38,26.58,60.58,11.819,10.771,4.265,3.754,1.0476,0.5112,4480.38,55.03,651.36,8.1e-05,0.7383,0,Normal Clean
2026-01-06 16:00:00,19.03,29.419,142.91,54.2,24.84,58.44,11.715,10.86,4.518,4.041,0.855,0.4767,4136.03,52.14,634.55,0.000105,0.7514,0,Normal Clean
2026-01-06 16:15:00,20.701,30.438,146.39,61.18,29.12,63.06,11.881,10.846,4.35,3.844,1.0347,0.5069,4321.74,53.67,644.16,6.4e-05,0.7266,0,Normal Clean
2026-01-06 16:30:00,18.963,29.882,147.32,53.22,25.34,60.31,11.884,10.957,4.474,3.997,0.9275,0.4772,4371.92,51.95,673.26,6.9e-05,0.7715,0,Normal Clean
2026-01-06 16:45:00,19.071,36.554,142.52,54.42,26.32,53.23,11.849,10.987,4.503,3.789,0.862,0.7146,4116.1,52.93,622.14,0.00013,0.7581,0,Normal Clean
2026-01-06 17:00:00,17.509,35.324,149.83,53.45,28.39,56.36,11.998,11.231,4.603,3.974,0.7663,0.6294,4134.65,51.97,636.45,0.00011,0.7936,0,Normal Clean
2026-01-06 17:15:00,17.954,29.575,142.75,55.29,28.83,59.92,11.853,11.074,4.47,4.01,0.7798,0.4603,3847.39,49.4,623.08,0.00013,0.7678,0,Normal Clean
2026-01-06 17:30:00,16.728,35.25,143.42,49.36,27.85,53.99,12.202,11.52,4.853,4.196,0.6826,0.6565,3855.1,47.65,647.17,5.8e-05,0.814,0,Normal Clean
2026-01-06 17:45:00,17.149,31.926,141.31,52.73,29.42,57.28,12.011,11.288,4.542,4.016,0.7233,0.526,3722.09,47.35,628.89,0.000111,0.7917,0,Normal Clean
2026-01-06 18:00:00,15.968,34.411,143.28,49.93,29.75,55.11,12.214,11.55,4.371,3.738,0.6638,0.633,3652.31,46.11,633.67,0.000114,0.8222,0,Normal Clean
2026-01-06 18:15:00,17.639,28.342,141.7,53.66,28.03,60.12,11.774,11.003,4.493,4.047,0.7704,0.4463,3804.81,48.32,629.96,0.000117,0.7746,0,Normal Clean
2026-01-06 18:30:00,20.236,31.172,143.93,59.31,26.05,58.21,11.914,10.938,4.596,4.065,0.9764,0.5316,4195.08,55.41,605.68,0.000135,0.7178,0,Normal Clean
2026-01-06 18:45:00,19.343,29.602,147.93,57.34,25.8,60.46,11.866,10.964,4.4,3.896,0.9018,0.5039,4292.8,54.83,626.34,0.000128,0.7417,0,Normal Clean
2026-01-06 19:00:00,19.099,31.384,145.49,57.27,28.81,60.24,11.884,10.99,4.492,3.949,0.894,0.5435,4127.97,51.76,637.97,0.000142,0.7561,0,Normal Clean
2026-01-06 19:15:00,18.529,32.578,147.51,58.25,30.34,60.07,11.61,10.747,4.368,3.809,0.8623,0.5598,4051.86,52.13,621.81,0.000121,0.7618,0,Normal Clean
2026-01-06 19:30:00,16.817,35.764,144.94,50.82,27.91,53.83,12.118,11.419,4.596,3.925,0.6983,0.6716,3878.29,49.4,628.1,0.00014,0.8043,0,Normal Clean
2026-01-06 19:45:00,18.979,33.413,140.56,55.46,29.07,57.37,11.953,11.045,4.571,3.959,0.9079,0.6121,3956.57,49.47,639.84,0.000126,0.7633,0,Normal Clean
2026-01-06 20:00:00,19.547,33.318,144.23,58.42,28.61,58.09,11.993,11.013,4.415,3.83,0.9801,0.5847,4109.26,53.09,619.21,0.000131,0.7421,0,Normal Clean
2026-01-06 20:15:00,18.979,32.559,142.18,53.29,26.26,56.61,12.065,11.199,4.364,3.787,0.866,0.5768,4133.44,50.8,650.98,9.4e-05,0.7669,0,Normal Clean
2026-01-06 20:30:00,15.757,30.591,146.92,49.57,27.38,56.74,12.092,11.472,4.348,3.833,0.6203,0.5148,3758.09,48.49,620.06,0.000111,0.8144,0,Normal Clean
2026-01-06 20:45:00,18.979,33.89,145.81,56.36,28.21,57.55,11.655,10.771,4.473,3.841,0.8835,0.6316,4159.45,52.6,632.65,0.000124,0.7607,0,Normal Clean
2026-01-06 21:00:00,18.783,30.31,144.04,55.53,27.69,59.81,12.321,11.458,4.292,3.775,0.8628,0.5172,4073.31,50.93,639.81,0.00011,0.7608,0,Normal Clean
2026-01-06 21:15:00,20.972,33.006,144.61,61.54,28.51,59.42,12.249,11.19,4.422,3.829,1.0585,0.5927,4268.33,55.05,620.34,9.6e-05,0.7156,0,Normal Clean
2026-01-06 21:30:00,17.928,35.019,141.35,54.19,29.79,55.91,12.135,11.348,4.328,3.696,0.7867,0.6326,3828.17,48.71,628.75,0.000115,0.7812,0,Normal Clean
2026-01-06 21:45:00,18.143,33.14,144.03,51.88,25.1,54.64,11.97,11.134,4.263,3.665,0.8363,0.5979,4096.14,51.94,630.85,9.2e-05,0.7748,0,Normal Clean
2026-01-06 22:00:00,20.604,31.343,142.9,60.17,29.03,60.88,11.913,10.905,4.416,3.887,1.0082,0.529,4176.24,52.53,635.96,0.000133,0.7266,0,Normal Clean
2026-01-06 22:15:00,19.25,32.348,148.27,58.3,27.89,59.24,11.963,11.052,4.559,3.992,0.9114,0.5673,4243.22,54.58,621.98,0.000122,0.7474,0,Normal Clean
2026-01-06 22:30:00,14.635,32.712,145.09,43.33,25.48,52.14,12.062,11.489,4.548,3.992,0.5734,0.5556,3648.46,45.51,641.28,0.000105,0.8507,0,Normal Clean
2026-01-06 22:45:00,19.293,31.306,139.82,58.44,29.75,59.12,11.845,10.941,4.415,3.882,0.9038,0.5328,3846.73,50.29,611.94,0.000131,0.7394,0,Normal Clean
2026-01-06 23:00:00,20.777,31.795,147.71,61.22,28.06,61.15,11.903,10.83,4.475,3.932,1.073,0.5433,4402.91,55.66,632.88,0.000138,0.7229,0,Normal Clean
2026-01-06 23:15:00,17.631,32.566,144.1,54.91,29.09,57.37,11.814,11.024,4.504,3.939,0.7899,0.5652,3852.64,50.27,613.12,0.000111,0.7755,0,Normal Clean
2026-01-06 23:30:00,18.402,33.784,146.87,55.03,28.45,57.74,12.09,11.254,4.49,3.898,0.8356,0.5914,4140.39,51.7,640.67,0.000109,0.7755,0,Normal Clean
2026-01-06 23:45:00,18.688,32.506,148.72,54.14,26.09,57.93,12.231,11.377,4.737,4.155,0.8536,0.5819,4330.45,53.42,648.57,8.4e-05,0.7713,0,Normal Clean
2026-01-07 00:00:00,17.163,28.869,147.77,50.08,24.59,58.6,11.959,11.214,4.812,4.368,0.7456,0.4438,4107.74,50.85,646.24,8.1e-05,0.7931,0,Normal Clean
2026-01-07 00:15:00,20.525,32.441,146.82,59.05,27.06,59.57,12.257,11.23,4.474,3.909,1.0273,0.5654,4413.55,55.07,641.12,7.9e-05,0.7329,0,Normal Clean
2026-01-07 00:30:00,19.339,30.868,144.71,56.61,28.02,60.34,11.617,10.656,4.353,3.829,0.9604,0.5237,4173.88,51.54,647.83,9e-05,0.755,0,Normal Clean
2026-01-07 00:45:00,19.279,30.948,151.13,62.85,30.98,63.18,12.002,11.051,4.539,4.022,0.951,0.5163,4169.9,55.25,603.82,0.000169,0.7347,0,Normal Clean
2026-01-07 01:00:00,18.72,30.498,140.71,55.57,28.35,58.95,12.181,11.323,4.477,3.983,0.8581,0.4948,3904.45,49.59,629.93,0.000115,0.7577,0,Normal Clean
2026-01-07 01:15:00,20.142,35.54,144.9,60.5,29.87,57.89,11.789,10.779,4.608,3.989,1.0094,0.6186,4165.23,54.0,617.1,0.000134,0.7338,0,Normal Clean
2026-01-07 01:30:00,18.647,31.246,142.94,52.99,26.41,57.84,11.857,11.033,4.612,4.072,0.8242,0.54,4109.26,50.29,653.75,7e-05,0.7719,0,Normal Clean
2026-01-07 01:45:00,20.224,30.11,142.57,58.01,27.32,60.58,11.849,10.882,4.522,4.058,0.9668,0.4642,4189.63,52.2,642.05,0.000116,0.7337,0,Normal Clean
2026-01-07 02:00:00,19.262,31.788,143.86,56.2,28.37,59.47,12.095,11.197,4.571,4.009,0.898,0.5618,4136.9,50.99,649.07,0.000138,0.759,0,Normal Clean
2026-01-07 02:15:00,20.175,32.435,145.75,59.6,27.95,59.32,11.652,10.635,4.502,3.938,1.0174,0.5633,4258.53,54.53,624.76,0.000108,0.7313,0,Normal Clean
2026-01-07 02:30:00,17.513,29.682,142.75,54.93,30.13,60.47,11.817,11.031,4.513,4.038,0.7859,0.4749,3768.17,47.93,628.98,0.000127,0.7798,0,Normal Clean
2026-01-07 02:45:00,20.832,30.633,146.66,62.94,29.59,62.93,11.889,10.812,4.604,4.109,1.0771,0.4948,4272.98,54.73,624.6,0.000118,0.7151,0,Normal Clean
2026-01-07 03:00:00,18.028,28.563,146.18,57.05,30.96,63.9,12.093,11.269,4.561,4.115,0.8235,0.4462,3936.56,48.92,643.73,0.000105,0.7735,0,Normal Clean
2026-01-07 03:15:00,17.545,31.552,145.79,53.64,27.53,57.53,12.063,11.279,4.544,4.04,0.7839,0.5035,3960.93,51.03,620.98,0.000131,0.7792,0,Normal Clean
2026-01-07 03:30:00,20.166,32.256,145.95,60.87,30.05,61.2,11.874,10.862,4.557,4.005,1.0115,0.5524,4203.84,53.32,630.77,9.6e-05,0.7341,0,Normal Clean
2026-01-07 03:45:00,19.339,28.625,147.95,60.56,29.58,64.15,12.019,11.09,4.477,4.025,0.9299,0.452,4140.69,53.08,624.06,0.00011,0.7383,0,Normal Clean
2026-01-07 04:00:00,17.986,31.981,142.16,53.99,29.54,58.58,11.641,10.845,4.554,4.017,0.7959,0.5369,3885.55,48.1,646.22,7.8e-05,0.7829,0,Normal Clean
2026-01-07 04:15:00,17.391,31.188,145.73,51.81,26.84,57.51,11.988,11.239,4.349,3.808,0.7499,0.5404,4001.87,50.11,638.84,0.000113,0.79,0,Normal Clean
2026-01-07 04:30:00,19.431,31.129,148.09,58.74,27.62,60.28,11.908,10.99,4.548,4.042,0.9188,0.5055,4253.79,54.65,622.65,0.000114,0.7417,0,Normal Clean
2026-01-07 04:45:00,16.882,30.91,144.92,48.98,26.23,56.91,11.77,11.055,4.711,4.203,0.7148,0.5084,3968.28,48.24,658.12,6.3e-05,0.8083,0,Normal Clean
2026-01-07 05:00:00,17.016,34.294,144.76,53.87,30.6,57.0,11.551,10.829,4.52,3.894,0.7218,0.6255,3789.35,48.58,623.98,0.000119,0.7962,0,Normal Clean
2026-01-07 05:15:00,17.747,34.212,146.15,53.31,28.38,56.58,12.162,11.392,4.474,3.843,0.7698,0.6305,4036.95,50.54,638.96,8.3e-05,0.7883,0,Normal Clean
2026-01-07 05:30:00,15.171,31.677,149.31,48.4,28.18,56.48,12.151,11.564,4.51,3.961,0.5863,0.5488,3750.85,47.64,629.84,9.8e-05,0.8331,0,Normal Clean
2026-01-07 05:45:00,21.386,32.391,143.84,60.78,26.23,58.34,12.094,10.986,4.678,4.1,1.1077,0.5781,4351.66,56.23,619.16,0.000106,0.7062,0,Normal Clean
2026-01-07 06:00:00,18.412,30.577,147.54,56.5,27.39,59.5,11.703,10.87,4.295,3.798,0.8333,0.4968,4106.8,53.25,617.03,0.000137,0.7577,0,Normal Clean
2026-01-07 06:15:00,15.956,30.675,144.22,51.26,28.91,57.23,11.992,11.321,4.579,4.054,0.6713,0.5255,3634.17,47.56,611.29,0.000141,0.8062,0,Normal Clean
2026-01-07 06:30:00,18.911,35.451,141.19,54.56,26.27,53.33,12.171,11.312,4.526,3.855,0.8586,0.6716,4013.25,52.57,610.72,0.000129,0.7538,0,Normal Clean
2026-01-07 06:45:00,19.547,32.653,140.7,54.82,27.46,57.57,11.755,10.832,4.618,4.068,0.9228,0.5497,4112.83,50.18,655.68,8.8e-05,0.7584,0,Normal Clean
2026-01-07 07:00:00,15.917,31.945,143.6,48.2,25.86,53.69,12.238,11.578,4.567,4.024,0.6602,0.5432,3719.93,48.53,613.22,0.000135,0.8102,0,Normal Clean
2026-01-07 07:15:00,18.704,30.476,146.52,55.09,26.87,59.73,11.98,11.125,4.645,4.137,0.8546,0.5074,4189.87,52.13,642.93,9.1e-05,0.7642,0,Normal Clean
2026-01-07 07:30:00,19.082,30.472,145.76,56.4,26.9,59.67,11.82,10.964,4.436,3.942,0.8565,0.4938,4177.72,52.84,632.5,0.000116,0.7518,0,Normal Clean
2026-01-07 07:45:00,18.03,34.709,142.3,52.83,28.24,55.46,12.299,11.455,4.369,3.731,0.8441,0.6374,3952.14,49.34,640.85,7.3e-05,0.7844,0,Normal Clean
2026-01-07 08:00:00,19.822,32.886,140.98,55.39,28.59,58.8,12.215,11.234,4.415,3.839,0.9802,0.5757,4156.74,49.42,672.83,5.7e-05,0.7616,0,Normal Clean
2026-01-07 08:15:00,18.066,34.584,140.43,49.4,24.9,52.74,12.018,11.214,4.456,3.855,0.8036,0.6006,4028.9,49.56,650.34,0.000114,0.7879,0,Normal Clean
2026-01-07 08:30:00,19.824,31.308,144.84,58.19,28.72,60.85,12.217,11.235,4.467,3.954,0.9821,0.5126,4208.62,52.05,646.81,0.000107,0.7462,0,Normal Clean
2026-01-07 08:45:00,19.295,33.608,146.6,55.96,26.46,56.93,11.903,10.993,4.5,3.901,0.9097,0.5988,4285.1,54.13,633.33,0.000101,0.7544,0,Normal Clean
2026-01-07 09:00:00,18.243,25.518,143.25,55.85,26.69,63.27,12.107,11.256,4.419,4.053,0.8501,0.366,3905.96,50.37,620.34,0.000129,0.7498,0,Normal Clean
2026-01-07 09:15:00,18.265,32.737,143.51,56.43,30.24,58.69,11.968,11.109,4.562,3.968,0.8587,0.594,3896.66,49.89,624.84,9.6e-05,0.7688,0,Normal Clean
2026-01-07 09:30:00,19.57,29.996,143.36,59.11,29.49,61.68,11.848,10.931,4.47,3.993,0.9162,0.4769,4039.45,51.32,629.68,0.000125,0.7399,0,Normal Clean
2026-01-07 09:45:00,18.9,34.338,146.67,55.79,26.93,56.22,12.236,11.357,4.47,3.856,0.8788,0.6144,4207.99,53.92,624.34,0.000131,0.7589,0,Normal Clean
2026-01-07 10:00:00,16.957,29.091,145.93,51.61,28.25,60.44,12.309,11.608,4.524,4.036,0.701,0.4882,3918.53,47.89,654.58,6e-05,0.8015,0,Normal Clean
2026-01-07 10:15:00,19.124,32.378,146.54,57.25,29.06,59.95,11.972,11.05,4.437,3.845,0.9219,0.592,4183.56,52.04,643.18,9.1e-05,0.7601,0,Normal Clean
2026-01-07 10:30:00,18.526,32.571,147.03,54.3,26.91,57.8,12.011,11.175,4.513,3.969,0.8354,0.5433,4208.53,52.36,642.99,0.000115,0.7719,0,Normal Clean
2026-01-07 10:45:00,19.229,34.642,144.92,59.47,31.9,59.67,11.655,10.713,4.569,3.93,0.9424,0.6393,4025.87,51.1,630.32,0.000126,0.7561,0,Normal Clean
2026-01-07 11:00:00,19.748,30.166,144.43,57.54,26.59,59.9,11.923,10.966,4.602,4.108,0.9564,0.4931,4204.08,53.33,630.69,0.000118,0.7374,0,Normal Clean
2026-01-07 11:15:00,19.853,32.205,143.02,58.15,26.61,57.25,11.91,10.917,4.507,3.984,0.9932,0.5233,4127.88,54.21,609.2,0.000163,0.7291,0,Normal Clean
2026-01-07 11:30:00,17.5,30.776,143.01,53.21,28.29,58.19,11.968,11.178,4.444,3.951,0.7903,0.4936,3850.14,48.91,629.81,0.000131,0.7828,0,Normal Clean
2026-01-07 11:45:00,18.022,32.212,145.38,54.27,27.13,56.98,11.821,10.997,4.455,3.892,0.8232,0.5629,4022.92,51.87,620.42,0.000148,0.7705,0,Normal Clean
2026-01-07 12:00:00,18.429,31.602,145.48,53.87,26.28,57.56,11.961,11.115,4.574,4.033,0.8466,0.5416,4136.44,52.05,635.7,0.000108,0.7685,0,Normal Clean
2026-01-07 12:15:00,18.407,31.503,144.1,55.24,27.91,58.31,11.91,11.082,4.566,4.044,0.8289,0.5215,4007.21,51.11,627.29,0.000125,0.7648,0,Normal Clean
2026-01-07 12:30:00,20.903,31.446,145.9,59.9,28.81,62.29,11.8,10.794,4.414,3.89,1.0062,0.5242,4404.2,53.09,663.65,8.3e-05,0.7345,0,Normal Clean
2026-01-07 12:45:00,17.729,31.174,142.46,54.86,29.29,58.46,12.162,11.337,4.384,3.834,0.8252,0.5505,3804.93,49.12,619.69,0.000121,0.7741,0,Normal Clean
2026-01-07 13:00:00,17.789,32.589,143.54,53.49,28.6,57.38,11.736,10.96,4.476,3.896,0.7762,0.5801,3924.76,49.35,636.28,0.000129,0.7834,0,Normal Clean
2026-01-07 13:15:00,18.178,32.3,147.65,54.38,26.21,56.95,11.797,10.999,4.306,3.773,0.7989,0.5333,4154.09,53.48,621.46,0.000127,0.7681,0,Normal Clean
2026-01-07 13:30:00,18.967,29.887,147.78,58.48,27.89,61.08,12.017,11.116,4.472,3.985,0.9015,0.4868,4149.69,53.86,616.39,0.000147,0.7449,0,Normal Clean
2026-01-07 13:45:00,18.503,31.506,143.86,53.48,26.97,58.05,12.094,11.227,4.631,4.104,0.867,0.527,4097.03,50.49,649.22,0.0001,0.7732,0,Normal Clean
2026-01-07 14:00:00,17.413,32.256,145.78,50.07,25.77,56.03,12.122,11.356,4.635,4.083,0.7657,0.5512,4083.16,50.09,652.07,5.9e-05,0.7975,0,Normal Clean
2026-01-07 14:15:00,21.403,34.692,144.29,57.85,25.04,56.27,12.058,10.925,4.356,3.703,1.1327,0.653,4532.35,55.95,648.08,9.1e-05,0.7248,0,Normal Clean
2026-01-07 14:30:00,16.801,33.76,144.32,49.75,25.92,53.48,12.27,11.541,4.71,4.115,0.7289,0.5949,3893.02,50.08,621.86,0.000122,0.7987,0,Normal Clean
2026-01-07 14:45:00,19.382,30.994,143.85,59.16,29.55,60.56,11.924,10.976,4.46,3.945,0.9483,0.5148,4021.69,51.91,619.84,0.00013,0.7409,0,Normal Clean
2026-01-07 15:00:00,17.315,33.301,145.21,49.11,25.43,54.69,11.814,11.072,4.45,3.833,0.7425,0.6167,4076.98,49.85,654.32,6.3e-05,0.8023,0,Normal Clean
2026-01-07 15:15:00,18.077,32.585,146.45,55.32,29.81,59.42,11.995,11.163,4.664,4.112,0.8325,0.5523,4036.13,50.13,644.1,0.000133,0.7813,0,Normal Clean
2026-01-07 15:30:00,20.483,35.74,144.92,59.15,27.24,56.03,11.966,10.927,4.571,3.879,1.0386,0.6921,4304.41,55.61,619.21,0.000137,0.7289,0,Normal Clean
2026-01-07 15:45:00,19.017,31.796,144.86,56.73,27.43,58.3,12.269,11.412,4.427,3.866,0.8574,0.5609,4106.11,52.86,621.45,0.000162,0.7505,0,Normal Clean
2026-01-07 16:00:00,16.326,30.289,137.15,47.93,27.79,55.96,11.772,11.095,4.506,3.998,0.6767,0.5085,3568.85,43.79,652.01,9.6e-05,0.8159,0,Normal Clean
2026-01-07 16:15:00,20.882,29.205,141.49,59.85,27.87,62.06,12.451,11.397,4.48,4.014,1.0533,0.4662,4177.12,52.15,640.77,0.000109,0.7186,0,Normal Clean
2026-01-07 16:30:00,16.948,32.151,142.3,49.65,26.23,54.83,11.915,11.201,4.451,3.898,0.7141,0.5527,3846.94,48.61,633.16,0.000113,0.7982,0,Normal Clean
2026-01-07 16:45:00,18.681,29.295,147.49,56.75,26.68,60.56,12.018,11.127,4.616,4.142,0.8909,0.4741,4152.96,53.56,620.28,0.000133,0.7511,0,Normal Clean
2026-01-07 17:00:00,17.758,30.569,139.82,53.82,28.23,57.48,11.983,11.199,4.614,4.111,0.7848,0.5023,3741.53,48.56,616.42,0.000139,0.7707,0,Normal Clean
2026-01-07 17:15:00,18.782,28.428,144.33,54.97,28.66,63.23,11.896,10.995,4.395,3.941,0.9005,0.4538,4112.09,48.67,675.91,6.7e-05,0.7725,0,Normal Clean
2026-01-07 17:30:00,19.023,32.3,139.01,53.37,26.98,56.52,11.904,11.005,4.313,3.753,0.8984,0.5591,3991.23,49.23,648.65,9.7e-05,0.7644,0,Normal Clean
2026-01-07 17:45:00,16.182,28.838,141.83,48.84,26.67,57.22,11.968,11.296,4.399,3.935,0.6722,0.4639,3686.53,46.62,632.59,8.2e-05,0.8075,0,Normal Clean
2026-01-07 18:00:00,18.1,33.593,147.2,54.77,26.58,55.74,11.964,11.144,4.528,3.913,0.8197,0.6147,4098.68,53.76,609.96,0.000131,0.7663,0,Normal Clean
2026-01-07 18:15:00,19.225,29.089,145.87,56.85,27.05,61.5,11.853,10.946,4.355,3.894,0.9068,0.4612,4192.61,52.43,639.71,0.000132,0.7492,0,Normal Clean
2026-01-07 18:30:00,19.061,31.02,143.74,54.29,25.72,57.9,12.185,11.27,4.461,3.942,0.9149,0.5192,4176.92,52.06,641.86,8.4e-05,0.7579,0,Normal Clean
2026-01-07 18:45:00,18.474,28.817,152.48,60.65,30.62,65.09,12.145,11.303,4.425,3.958,0.8411,0.4667,4156.24,53.7,619.16,0.000126,0.7535,0,Normal Clean
2026-01-07 19:00:00,20.42,34.751,146.89,59.82,27.62,57.58,11.352,10.324,4.53,3.899,1.0278,0.6305,4355.97,55.99,622.45,0.000149,0.73,0,Normal Clean
2026-01-07 19:15:00,19.636,33.087,143.97,57.58,27.89,57.91,12.018,11.089,4.511,3.888,0.9296,0.6233,4156.04,52.97,627.7,0.000124,0.7442,0,Normal Clean
2026-01-07 19:30:00,17.852,30.557,144.0,53.55,27.33,58.27,12.122,11.327,4.344,3.838,0.7958,0.5064,3955.95,50.24,629.97,9.8e-05,0.7752,0,Normal Clean
2026-01-07 19:45:00,18.788,34.674,139.88,55.13,27.67,54.56,11.733,10.846,4.335,3.663,0.8872,0.6716,3901.26,51.04,611.52,0.000153,0.7553,0,Normal Clean
2026-01-07 20:00:00,18.204,33.323,145.02,52.04,25.23,54.97,11.591,10.761,4.442,3.859,0.8305,0.5832,4146.63,52.2,635.52,0.000141,0.7761,0,Normal Clean
2026-01-07 20:15:00,18.488,31.687,148.35,55.97,26.94,58.5,11.73,10.907,4.502,3.977,0.8234,0.5254,4184.27,53.83,621.9,0.000112,0.7609,0,Normal Clean
2026-01-07 20:30:00,18.638,34.569,147.8,57.55,28.34,56.84,11.935,11.079,4.527,3.885,0.8565,0.6417,4121.46,54.36,606.57,0.000123,0.7555,0,Normal Clean
2026-01-07 20:45:00,17.219,30.649,146.98,50.63,25.79,57.48,12.212,11.482,4.447,3.903,0.7299,0.5441,4064.76,50.45,644.59,9.9e-05,0.795,0,Normal Clean
2026-01-07 21:00:00,18.12,34.474,147.02,50.35,23.59,53.34,11.799,10.969,4.594,3.979,0.8297,0.6152,4291.47,53.41,642.78,8.3e-05,0.7832,0,Normal Clean
2026-01-07 21:15:00,21.129,33.588,147.57,63.73,30.96,61.84,12.075,10.958,4.481,3.88,1.1176,0.6009,4339.8,55.07,630.45,0.000119,0.719,0,Normal Clean
2026-01-07 21:30:00,16.791,35.441,143.4,49.58,27.6,53.63,11.819,11.088,4.77,4.103,0.7311,0.6664,3859.58,48.17,640.99,8.5e-05,0.8102,0,Normal Clean
2026-01-07 21:45:00,17.908,28.382,141.69,56.1,30.71,62.34,12.328,11.501,4.507,4.069,0.8276,0.4378,3755.33,47.35,634.43,0.0001,0.7712,0,Normal Clean
2026-01-07 22:00:00,18.242,34.058,145.38,54.6,29.07,57.54,12.206,11.376,4.539,3.898,0.8305,0.6409,4057.1,50.42,643.69,8.5e-05,0.7805,0,Normal Clean
2026-01-07 22:15:00,16.904,28.418,145.83,51.28,27.44,60.37,12.063,11.303,4.558,4.103,0.7597,0.4549,3915.88,48.27,649.03,8.8e-05,0.7986,0,Normal Clean
2026-01-07 22:30:00,18.432,30.397,143.59,53.68,27.11,59.03,12.131,11.268,4.526,4.006,0.8629,0.5199,4060.03,50.09,648.42,8.5e-05,0.7719,0,Normal Clean
2026-01-07 22:45:00,18.783,31.305,142.71,55.22,28.37,59.11,11.512,10.64,4.482,3.942,0.8717,0.5397,4026.07,49.96,644.63,8.6e-05,0.7652,0,Normal Clean
2026-01-07 23:00:00,18.611,34.237,145.31,51.95,25.81,55.53,12.326,11.463,4.537,3.924,0.8628,0.6134,4256.8,51.58,660.28,8e-05,0.7813,0,Normal Clean
2026-01-07 23:15:00,19.575,33.666,145.42,59.93,29.01,58.12,11.992,11.006,4.523,3.92,0.9861,0.6034,4099.99,54.32,603.87,0.000127,0.7344,0,Normal Clean
2026-01-07 23:30:00,17.747,31.926,144.63,53.52,29.51,59.17,11.788,11.009,4.526,3.981,0.779,0.5454,3961.92,48.4,654.85,5.5e-05,0.7915,0,Normal Clean
2026-01-07 23:45:00,17.888,32.517,147.36,53.75,27.1,57.26,11.826,11.036,4.561,4.016,0.7905,0.5456,4102.57,52.08,630.13,0.000104,0.7784,0,Normal Clean
2026-01-08 00:00:00,17.736,33.334,144.28,54.18,28.23,56.3,12.032,11.271,4.519,3.908,0.7606,0.6116,3914.88,50.81,616.35,0.000146,0.7763,0,Normal Clean
2026-01-08 00:15:00,17.479,33.198,150.52,54.43,26.82,56.45,12.066,11.305,4.324,3.739,0.7612,0.5856,4114.98,54.22,607.18,0.000161,0.7768,0,Normal Clean
2026-01-08 00:30:00,19.709,32.042,142.84,58.56,30.38,60.74,11.85,10.861,4.284,3.749,0.9885,0.535,4069.5,50.42,645.68,9.2e-05,0.7494,0,Normal Clean
2026-01-08 00:45:00,17.821,31.864,148.84,54.12,27.01,58.03,11.881,11.1,4.548,3.978,0.7808,0.5695,4135.63,52.69,627.86,9e-05,0.7775,0,Normal Clean
2026-01-08 01:00:00,20.795,29.615,149.96,63.11,29.14,64.85,12.083,11.007,4.402,3.944,1.0765,0.4575,4425.01,55.68,635.77,0.0001,0.7188,0,Normal Clean
2026-01-08 01:15:00,19.39,32.964,148.02,56.27,25.33,56.93,12.213,11.284,4.751,4.194,0.9293,0.5567,4358.57,55.71,625.94,0.00012,0.7478,0,Normal Clean
2026-01-08 01:30:00,17.78,33.068,145.01,54.28,28.88,57.44,12.048,11.261,4.548,3.951,0.7864,0.5972,3952.26,50.23,629.49,0.000103,0.7813,0,Normal Clean
2026-01-08 01:45:00,18.742,31.109,142.46,54.46,25.38,56.43,11.789,10.91,4.468,3.941,0.8792,0.5266,4040.96,52.5,615.74,0.000118,0.7517,0,Normal Clean
2026-01-08 02:00:00,20.02,33.278,146.6,60.07,30.55,61.03,12.066,11.077,4.565,3.973,0.9895,0.592,4244.13,52.66,644.71,8.2e-05,0.7456,0,Normal Clean
2026-01-08 02:15:00,19.915,31.217,144.22,56.55,26.01,58.76,11.852,10.878,4.553,4.019,0.9733,0.5333,4277.59,53.37,641.14,0.000139,0.7416,0,Normal Clean
2026-01-08 02:30:00,18.019,33.277,147.32,55.7,28.31,57.36,11.529,10.708,4.502,3.927,0.8209,0.575,4044.78,52.61,615.07,0.000138,0.7699,0,Normal Clean
2026-01-08 02:45:00,19.958,31.739,146.01,57.98,28.02,60.44,11.803,10.819,4.274,3.745,0.9838,0.5298,4304.6,52.99,649.92,8.3e-05,0.7461,0,Normal Clean
2026-01-08 03:00:00,20.737,28.145,143.25,61.2,27.69,63.09,12.291,11.233,4.336,3.915,1.0583,0.4213,4168.79,53.49,623.5,0.000123,0.71,0,Normal Clean
2026-01-08 03:15:00,18.914,31.308,143.09,59.37,31.88,61.5,12.084,11.183,4.561,4.054,0.9011,0.5075,3879.66,49.74,624.03,0.000113,0.7528,0,Normal Clean
2026-01-08 03:30:00,18.762,31.7,144.97,55.54,26.53,57.53,11.701,10.83,4.573,4.014,0.8706,0.5582,4110.69,52.96,620.93,0.000133,0.755,0,Normal Clean
2026-01-08 03:45:00,18.753,31.389,147.4,57.07,28.97,60.57,11.863,11.008,4.367,3.832,0.8555,0.5351,4150.36,52.06,637.81,0.000124,0.7627,0,Normal Clean
2026-01-08 04:00:00,20.03,29.956,146.27,60.8,27.08,60.54,12.323,11.336,4.423,3.953,0.9873,0.4701,4194.37,55.74,601.97,0.000136,0.7171,0,Normal Clean
2026-01-08 04:15:00,17.15,30.04,146.4,53.84,28.84,59.79,11.972,11.228,4.578,4.102,0.7445,0.476,3889.16,49.58,627.48,0.000126,0.7874,0,Normal Clean
2026-01-08 04:30:00,19.456,34.995,144.19,55.57,29.29,58.14,11.804,10.848,4.431,3.773,0.9559,0.6587,4224.17,50.39,670.64,4.6e-05,0.7713,0,Normal Clean
2026-01-08 04:45:00,19.932,31.384,147.26,58.63,28.31,61.27,12.089,11.136,4.542,4.026,0.9531,0.5159,4328.02,53.4,648.39,9.1e-05,0.7451,0,Normal Clean
2026-01-08 05:00:00,17.155,34.484,150.09,52.08,28.22,56.77,12.102,11.377,4.52,3.878,0.7247,0.642,4119.58,50.93,647.15,0.000129,0.8043,0,Normal Clean
2026-01-08 05:15:00,17.083,34.866,143.53,50.88,25.84,52.42,12.128,11.385,4.674,4.016,0.7421,0.6583,3877.99,51.16,606.47,0.000157,0.7872,0,Normal Clean
2026-01-08 05:30:00,17.099,31.409,147.77,52.96,28.85,59.07,12.129,11.395,4.515,3.983,0.7334,0.532,3971.7,49.58,640.81,9.6e-05,0.7973,0,Normal Clean
2026-01-08 05:45:00,18.047,37.684,147.27,54.19,28.62,54.72,11.953,11.142,4.455,3.736,0.8119,0.7185,4115.38,52.07,632.28,9.6e-05,0.7845,0,Normal Clean
2026-01-08 06:00:00,20.274,29.332,143.12,62.3,30.28,62.99,12.026,11.024,4.588,4.114,1.0018,0.4744,4014.24,52.45,612.25,0.000115,0.7162,0,Normal Clean
2026-01-08 06:15:00,19.149,33.114,144.06,56.85,27.02,56.55,12.254,11.354,4.45,3.847,0.8994,0.6031,4091.49,53.6,610.69,0.000135,0.7451,0,Normal Clean
2026-01-08 06:30:00,18.423,31.181,147.54,55.76,28.28,60.04,12.01,11.194,4.578,4.05,0.8164,0.5277,4142.67,51.82,639.54,0.000127,0.7696,0,Normal Clean
2026-01-08 06:45:00,19.871,34.083,144.57,56.82,26.9,56.85,12.191,11.237,4.618,4.0,0.9544,0.6187,4271.9,53.74,635.96,9.5e-05,0.7457,0,Normal Clean
2026-01-08 07:00:00,15.962,31.237,145.16,49.85,27.59,56.11,11.768,11.117,4.318,3.775,0.6517,0.5434,3727.48,48.17,619.0,0.000125,0.8107,0,Normal Clean
2026-01-08 07:15:00,19.262,32.72,139.96,55.33,26.7,55.87,11.994,11.061,4.549,3.974,0.9331,0.5748,3993.94,51.48,620.69,0.000157,0.7472,0,Normal Clean
2026-01-08 07:30:00,18.178,32.146,146.21,55.61,28.4,58.4,12.076,11.263,4.634,4.098,0.8135,0.5366,4034.9,51.73,624.04,0.000153,0.769,0,Normal Clean
2026-01-08 07:45:00,18.903,32.93,141.89,56.13,27.43,56.25,11.879,10.963,4.451,3.872,0.9155,0.5795,3971.6,52.08,610.02,0.000136,0.7492,0,Normal Clean
2026-01-08 08:00:00,17.652,33.295,144.82,51.42,27.57,56.56,12.087,11.323,4.426,3.843,0.764,0.5832,4039.31,49.23,656.42,9.6e-05,0.7966,0,Normal Clean
2026-01-08 08:15:00,16.098,31.729,143.34,51.31,28.31,55.65,12.027,11.388,4.34,3.79,0.638,0.5495,3629.58,48.34,600.69,0.000153,0.8,0,Normal Clean
2026-01-08 08:30:00,18.834,30.475,145.11,54.71,25.95,58.66,12.212,11.337,4.508,4.003,0.8745,0.5048,4171.17,52.42,636.6,9.4e-05,0.7586,0,Normal Clean
2026-01-08 08:45:00,17.722,28.118,144.07,56.67,29.47,61.73,11.923,11.132,4.674,4.241,0.7911,0.4333,3795.0,49.78,609.9,0.000166,0.7627,0,Normal Clean
2026-01-08 09:00:00,18.137,32.956,142.66,53.47,26.39,55.13,11.775,10.971,4.705,4.126,0.8042,0.5782,3963.25,51.53,615.28,0.000152,0.7671,0,Normal Clean
2026-01-08 09:15:00,18.692,31.237,143.09,55.43,29.1,59.82,11.692,10.816,4.556,4.028,0.8768,0.528,4014.41,49.45,649.44,7.6e-05,0.769,0,Normal Clean
2026-01-08 09:30:00,20.616,31.086,140.71,59.1,29.24,60.93,12.337,11.314,4.539,4.033,1.0224,0.5065,4121.97,50.8,649.14,4.4e-05,0.7321,0,Normal Clean
2026-01-08 09:45:00,18.14,30.192,145.32,53.94,27.45,59.6,12.035,11.227,4.502,4.02,0.8082,0.4826,4060.82,50.44,644.05,0.000134,0.7752,0,Normal Clean
2026-01-08 10:00:00,20.198,35.315,144.64,58.48,28.52,57.38,11.802,10.801,4.485,3.82,1.0016,0.6648,4263.64,53.6,636.39,0.000109,0.742,0,Normal Clean
2026-01-08 10:15:00,17.047,30.311,143.63,52.01,27.58,57.75,12.21,11.482,4.384,3.884,0.728,0.4998,3826.67,48.89,626.22,0.000123,0.7895,0,Normal Clean
2026-01-08 10:30:00,19.3,29.219,144.09,57.92,28.44,61.77,12.107,11.209,4.649,4.169,0.898,0.4803,4074.57,51.45,633.51,0.000127,0.7451,0,Normal Clean
2026-01-08 10:45:00,18.439,33.126,144.44,55.17,27.54,56.64,12.274,11.4,4.49,3.916,0.874,0.5739,4032.99,52.04,619.96,0.000128,0.7637,0,Normal Clean
2026-01-08 11:00:00,20.421,33.605,144.61,56.12,25.28,56.77,11.996,10.944,4.51,3.881,1.0523,0.6289,4427.56,54.46,650.43,5.1e-05,0.7416,0,Normal Clean
2026-01-08 11:15:00,19.788,32.898,140.14,58.0,27.77,56.7,11.769,10.812,4.48,3.895,0.9564,0.5843,3982.31,52.41,607.83,0.000143,0.731,0,Normal Clean
2026-01-08 11:30:00,18.243,30.241,140.75,53.77,26.9,57.62,11.961,11.143,4.567,4.067,0.8181,0.4998,3887.42,49.82,624.26,0.000132,0.7639,0,Normal Clean
2026-01-08 11:45:00,19.786,32.531,143.3,57.74,27.98,58.45,11.952,11.005,4.549,3.982,0.9476,0.5673,4147.43,52.58,631.0,0.000146,0.7419,0,Normal Clean
2026-01-08 12:00:00,18.76,32.532,146.01,54.15,25.26,56.28,11.94,11.082,4.352,3.775,0.8576,0.5765,4222.2,53.68,629.26,0.000129,0.7608,0,Normal Clean
2026-01-08 12:15:00,18.098,28.86,143.27,54.66,27.72,60.26,11.977,11.138,4.352,3.897,0.8395,0.4543,3929.1,49.82,630.91,9.6e-05,0.7669,0,Normal Clean
2026-01-08 12:30:00,17.424,33.032,148.73,54.44,29.09,58.21,12.185,11.404,4.448,3.857,0.7805,0.5906,4025.04,51.21,628.84,0.000112,0.7881,0,Normal Clean
2026-01-08 12:45:00,16.48,31.807,149.01,51.62,27.79,57.34,12.06,11.373,4.638,4.099,0.6877,0.539,3932.16,50.36,624.62,0.000117,0.8034,0,Normal Clean
2026-01-08 13:00:00,17.112,34.306,148.04,51.34,28.23,56.48,11.747,11.003,4.377,3.749,0.7446,0.6284,4054.1,49.72,652.32,7.9e-05,0.8071,0,Normal Clean
2026-01-08 13:15:00,18.088,33.366,146.12,56.56,30.3,58.73,12.084,11.26,4.685,4.069,0.8243,0.616,3969.17,50.84,624.57,0.000123,0.7733,0,Normal Clean
2026-01-08 13:30:00,20.436,33.313,144.79,61.11,30.07,60.13,11.562,10.536,4.358,3.759,1.026,0.5989,4189.91,53.44,627.21,0.000137,0.7294,0,Normal Clean
2026-01-08 13:45:00,19.693,34.197,150.03,59.23,28.37,58.99,12.055,11.111,4.348,3.735,0.944,0.6125,4381.33,55.63,630.07,0.000136,0.7464,0,Normal Clean
2026-01-08 14:00:00,18.799,31.296,143.93,53.48,25.44,57.26,11.95,11.058,4.452,3.925,0.8929,0.5273,4165.75,51.95,641.47,0.000112,0.7634,0,Normal Clean
2026-01-08 14:15:00,17.945,32.563,146.43,56.62,30.1,59.08,12.238,11.449,4.446,3.877,0.7892,0.5687,3948.61,51.04,618.96,0.000143,0.772,0,Normal Clean
2026-01-08 14:30:00,18.827,32.616,142.25,56.11,28.07,57.18,12.126,11.231,4.385,3.822,0.8955,0.5627,3973.6,51.39,618.63,0.000121,0.7544,0,Normal Clean
2026-01-08 14:45:00,18.034,31.611,145.83,52.1,27.74,59.06,11.987,11.179,4.329,3.81,0.8078,0.5187,4141.36,49.13,674.32,4.8e-05,0.7937,0,Normal Clean
2026-01-08 15:00:00,19.242,32.624,142.48,54.61,25.71,56.05,12.307,11.366,4.641,4.088,0.9417,0.5534,4142.27,52.52,630.98,0.000103,0.7525,0,Normal Clean
2026-01-08 15:15:00,16.454,33.895,140.39,50.46,28.37,53.94,12.177,11.512,4.355,3.716,0.6655,0.6386,3625.62,47.17,614.94,0.000169,0.8029,0,Normal Clean
2026-01-08 15:30:00,19.948,32.484,142.75,57.0,27.38,58.22,12.057,11.06,4.481,3.938,0.9973,0.5433,4190.96,52.36,640.31,5.6e-05,0.7433,0,Normal Clean
2026-01-08 15:45:00,17.748,28.817,145.05,55.09,27.92,60.36,12.131,11.354,4.507,4.061,0.7767,0.4458,3911.68,50.59,618.57,0.000106,0.7681,0,Normal Clean
2026-01-08 16:00:00,19.438,31.882,144.97,56.21,26.34,58.03,11.94,10.967,4.424,3.9,0.973,0.5236,4226.88,53.42,633.02,9e-05,0.7482,0,Normal Clean
2026-01-08 16:15:00,16.922,32.394,143.81,50.68,26.75,55.23,11.781,11.073,4.777,4.201,0.7078,0.5762,3861.24,49.4,625.33,0.00011,0.7956,0,Normal Clean
2026-01-08 16:30:00,18.204,28.533,149.47,56.41,27.35,62.11,12.299,11.481,4.628,4.204,0.8182,0.4236,4150.12,52.97,626.79,0.000115,0.762,0,Normal Clean
2026-01-08 16:45:00,18.132,34.058,145.27,53.64,26.74,55.3,12.14,11.369,4.52,3.899,0.7709,0.6208,4070.33,52.24,623.33,0.000155,0.773,0,Normal Clean
2026-01-08 17:00:00,16.62,32.733,149.88,50.86,26.51,55.95,11.848,11.141,4.429,3.862,0.7074,0.5667,4032.15,51.54,625.86,0.000137,0.8026,0,Normal Clean
2026-01-08 17:15:00,16.378,33.791,147.34,51.5,29.25,56.45,12.075,11.383,4.522,3.916,0.6912,0.6061,3845.79,48.78,630.71,0.000113,0.8116,0,Normal Clean
2026-01-08 17:30:00,18.158,30.205,143.84,53.4,26.35,58.19,11.91,11.102,4.459,3.959,0.8082,0.5001,4023.32,50.84,633.05,9e-05,0.7698,0,Normal Clean
2026-01-08 17:45:00,19.228,34.539,144.23,54.45,27.14,56.4,12.174,11.265,4.551,3.9,0.9098,0.6513,4229.28,51.81,653.09,5.6e-05,0.7667,0,Normal Clean
2026-01-08 18:00:00,17.378,32.14,148.49,54.66,28.67,58.38,12.006,11.235,4.484,3.943,0.7712,0.5407,3994.92,51.58,619.62,0.000151,0.783,0,Normal Clean
2026-01-08 18:15:00,18.702,28.11,146.21,55.73,28.99,64.24,12.15,11.277,4.46,4.014,0.8723,0.4464,4145.37,49.31,672.58,4.8e-05,0.7718,0,Normal Clean
2026-01-08 18:30:00,19.833,29.299,144.19,60.34,30.0,63.24,12.195,11.25,4.537,4.087,0.9451,0.4496,4074.51,51.57,632.09,9.2e-05,0.7343,0,Normal Clean
2026-01-08 18:45:00,19.966,31.28,145.39,58.46,28.0,60.49,11.787,10.835,4.374,3.837,0.9512,0.5372,4252.64,53.11,640.57,9.9e-05,0.7405,0,Normal Clean
2026-01-08 19:00:00,19.733,33.455,144.7,60.57,30.27,59.33,11.956,10.98,4.497,3.898,0.9763,0.5986,4067.2,53.17,612.0,0.00015,0.7352,0,Normal Clean
2026-01-08 19:15:00,18.028,29.143,144.48,56.4,28.94,60.84,12.361,11.552,4.38,3.922,0.809,0.4583,3890.23,50.45,616.91,0.000128,0.7623,0,Normal Clean
2026-01-08 19:30:00,17.031,30.393,149.34,54.16,28.58,59.8,12.022,11.288,4.475,3.984,0.7338,0.4914,3971.09,51.05,622.28,0.000157,0.7881,0,Normal Clean
2026-01-08 19:45:00,17.765,28.438,150.07,56.67,29.29,63.46,11.834,11.047,4.472,4.03,0.7868,0.4421,4065.0,51.43,632.31,0.000108,0.7733,0,Normal Clean
2026-01-08 20:00:00,16.39,31.548,142.57,49.35,28.12,56.48,12.287,11.608,4.326,3.789,0.6784,0.5374,3743.24,46.33,646.34,7.3e-05,0.8145,0,Normal Clean
2026-01-08 20:15:00,18.776,33.4,143.17,56.51,29.17,57.7,12.01,11.135,4.605,4.023,0.8754,0.5817,3986.49,51.0,625.37,0.000135,0.7602,0,Normal Clean
2026-01-08 20:30:00,20.22,28.653,143.29,59.04,27.86,62.67,12.082,11.107,4.658,4.208,0.9753,0.4498,4173.7,52.04,641.59,9.4e-05,0.7299,0,Normal Clean
2026-01-08 20:45:00,19.753,33.051,143.91,56.48,25.89,56.49,12.055,11.069,4.351,3.773,0.9865,0.5778,4231.36,54.12,625.43,0.000135,0.7408,0,Normal Clean
2026-01-08 21:00:00,17.981,32.706,142.68,52.39,26.19,55.25,12.249,11.457,4.573,3.966,0.7918,0.6063,3977.62,50.82,626.2,0.000131,0.775,0,Normal Clean
2026-01-08 21:15:00,19.689,31.782,146.82,58.21,27.39,59.54,12.166,11.229,4.261,3.721,0.9364,0.5403,4274.46,54.23,630.55,0.000109,0.742,0,Normal Clean
2026-01-08 21:30:00,20.717,34.143,144.5,60.12,27.39,57.37,12.206,11.173,4.698,4.087,1.0331,0.6117,4282.91,55.56,616.74,0.000122,0.7205,0,Normal Clean
2026-01-08 21:45:00,18.318,33.457,148.08,53.88,25.71,55.91,11.881,11.051,4.582,4.006,0.83,0.5761,4227.58,53.99,626.43,0.000119,0.7698,0,Normal Clean
2026-01-08 22:00:00,19.44,30.976,148.52,57.81,27.81,61.15,12.134,11.198,4.575,4.06,0.9361,0.5143,4320.4,53.67,644.0,9.5e-05,0.7515,0,Normal Clean
2026-01-08 22:15:00,20.91,29.35,146.83,61.89,27.14,62.58,11.933,10.894,4.468,3.99,1.0391,0.4783,4351.77,55.9,622.82,0.000138,0.7097,0,Normal Clean
2026-01-08 22:30:00,21.088,31.315,144.06,60.52,27.16,60.1,11.902,10.857,4.225,3.674,1.0447,0.551,4316.03,54.82,629.8,9.1e-05,0.7146,0,Normal Clean
2026-01-08 22:45:00,16.809,29.241,145.67,53.55,29.72,60.73,11.685,10.952,4.541,4.056,0.7327,0.485,3793.86,48.08,631.31,0.000106,0.7945,0,Normal Clean
2026-01-08 23:00:00,18.624,31.187,142.57,54.71,27.94,58.67,12.114,11.235,4.468,3.975,0.8791,0.4924,4008.82,50.01,641.3,0.000109,0.7665,0,Normal Clean
2026-01-08 23:15:00,19.021,29.432,146.25,58.36,28.19,61.45,12.127,11.256,4.45,3.976,0.8716,0.4742,4095.88,52.86,619.93,0.000114,0.7445,0,Normal Clean
2026-01-08 23:30:00,18.935,31.082,145.46,56.84,29.34,60.95,11.755,10.884,4.432,3.893,0.871,0.5395,4110.94,50.78,647.65,0.00012,0.7632,0,Normal Clean
2026-01-08 23:45:00,17.67,31.877,141.48,52.32,27.89,56.83,12.299,11.525,4.439,3.893,0.7748,0.5461,3859.99,48.46,637.19,0.0001,0.7849,0,Normal Clean
2026-01-09 00:00:00,19.102,31.948,145.79,57.36,28.32,59.28,12.225,11.334,4.568,3.992,0.8911,0.5757,4138.24,52.65,628.81,0.000134,0.7528,0,Normal Clean
2026-01-09 00:15:00,18.662,31.906,145.7,54.32,27.48,58.78,12.045,11.158,4.441,3.9,0.8877,0.5408,4178.45,51.12,653.86,6.5e-05,0.773,0,Normal Clean
2026-01-09 00:30:00,17.267,29.118,146.56,55.31,30.23,61.92,11.795,11.06,4.659,4.218,0.7345,0.4413,3860.65,48.97,630.71,0.000138,0.7844,0,Normal Clean
2026-01-09 00:45:00,19.69,28.611,141.19,58.44,27.97,61.32,12.059,11.109,4.548,4.097,0.9494,0.4512,3992.12,51.26,623.05,0.000115,0.7309,0,Normal Clean
2026-01-09 01:00:00,19.944,29.319,144.39,60.05,28.67,62.26,12.117,11.121,4.501,4.034,0.9965,0.4666,4120.98,52.74,625.06,9.7e-05,0.7288,0,Normal Clean
2026-01-09 01:15:00,19.314,29.687,144.17,57.8,28.68,61.59,11.987,11.085,4.526,4.05,0.9019,0.4759,4087.2,51.29,637.56,0.000103,0.7479,0,Normal Clean
2026-01-09 01:30:00,17.599,31.461,145.01,51.07,25.94,56.71,11.907,11.114,4.539,4.015,0.7933,0.5239,4050.51,50.26,644.67,0.000112,0.789,0,Normal Clean
2026-01-09 01:45:00,17.904,33.661,146.02,54.41,26.78,55.31,11.767,10.971,4.354,3.74,0.7962,0.6141,4018.39,53.06,605.86,0.000151,0.7683,0,Normal Clean
2026-01-09 02:00:00,17.918,32.258,142.31,54.51,28.5,57.06,11.908,11.118,4.605,4.051,0.7906,0.5541,3854.64,49.89,618.04,0.000113,0.7715,0,Normal Clean
2026-01-09 02:15:00,18.89,32.267,144.25,57.13,29.4,59.26,12.013,11.164,4.57,4.012,0.8491,0.5585,4031.69,51.12,630.89,0.000109,0.7585,0,Normal Clean
2026-01-09 02:30:00,18.98,32.299,147.09,56.88,28.55,59.59,11.908,11.028,4.607,4.061,0.8804,0.5462,4194.87,52.47,639.61,9.7e-05,0.761,0,Normal Clean
2026-01-09 02:45:00,17.779,33.481,145.84,55.11,28.27,56.48,11.809,10.99,4.441,3.839,0.8187,0.6017,3951.97,51.98,608.25,0.000144,0.7717,0,Normal Clean
2026-01-09 03:00:00,21.267,30.172,147.06,61.62,26.03,61.3,12.031,10.984,4.598,4.103,1.0474,0.4951,4451.79,57.04,624.38,0.000117,0.706,0,Normal Clean
2026-01-09 03:15:00,19.845,31.76,145.51,60.0,28.17,59.46,12.0,11.013,4.391,3.873,0.9875,0.5183,4157.87,54.52,610.15,0.000157,0.7288,0,Normal Clean
2026-01-09 03:30:00,16.474,30.919,146.31,48.75,27.02,57.46,11.796,11.069,4.419,3.902,0.7273,0.517,3937.64,47.66,660.96,6.6e-05,0.8178,0,Normal Clean
2026-01-09 03:45:00,17.033,30.008,148.34,53.05,27.18,58.85,11.75,11.03,4.457,3.978,0.7197,0.4787,3976.27,51.27,620.5,0.000158,0.7864,0,Normal Clean
2026-01-09 04:00:00,19.324,30.845,143.58,57.37,28.89,60.51,11.828,10.892,4.462,3.921,0.9363,0.5402,4081.34,51.0,640.26,0.000105,0.7516,0,Normal Clean
2026-01-09 04:15:00,17.212,32.208,144.93,53.58,28.48,57.07,12.023,11.287,4.538,3.967,0.736,0.5712,3851.89,50.09,615.15,0.000125,0.7844,0,Normal Clean
2026-01-09 04:30:00,18.883,31.962,149.74,54.7,25.96,58.84,11.778,10.927,4.671,4.119,0.8507,0.5523,4396.73,53.99,651.53,7.7e-05,0.7678,0,Normal Clean
2026-01-09 04:45:00,18.097,32.461,142.2,54.43,29.88,58.53,12.183,11.354,4.464,3.894,0.8287,0.5692,3891.66,48.22,645.69,7.2e-05,0.7814,0,Normal Clean
2026-01-09 05:00:00,19.622,32.666,142.21,57.08,27.94,57.88,12.194,11.217,4.374,3.794,0.9776,0.5803,4092.45,51.93,630.4,0.000121,0.745,0,Normal Clean
2026-01-09 05:15:00,19.455,33.178,145.72,57.98,29.97,60.1,11.892,10.957,4.481,3.919,0.9352,0.5626,4182.54,51.55,649.05,9.4e-05,0.7581,0,Normal Clean
2026-01-09 05:30:00,17.499,31.578,146.72,53.76,28.82,58.99,11.859,11.083,4.415,3.89,0.7764,0.5253,3985.31,49.92,638.63,0.000103,0.7885,0,Normal Clean
2026-01-09 05:45:00,16.207,30.979,149.5,52.56,31.03,60.73,12.366,11.716,4.481,3.963,0.6504,0.5182,3849.14,47.47,648.73,0.000101,0.8183,0,Normal Clean
2026-01-09 06:00:00,17.432,30.271,145.64,54.69,29.05,59.71,12.078,11.336,4.397,3.892,0.7428,0.5044,3884.1,49.85,623.27,0.00015,0.78,0,Normal Clean
2026-01-09 06:15:00,19.101,31.124,144.97,58.08,28.1,59.32,11.854,10.923,4.409,3.879,0.9312,0.5293,4066.57,53.04,613.41,0.000146,0.7435,0,Normal Clean
2026-01-09 06:30:00,17.285,28.832,143.89,52.31,27.24,59.39,12.105,11.369,4.524,4.073,0.7363,0.4518,3878.21,48.9,634.46,8.2e-05,0.7851,0,Normal Clean
2026-01-09 06:45:00,18.73,33.192,141.25,57.13,29.79,57.59,12.26,11.409,4.3,3.719,0.8514,0.5816,3860.46,50.35,613.33,0.000152,0.7548,0,Normal Clean
2026-01-09 07:00:00,19.937,30.612,147.5,59.03,26.83,60.57,11.83,10.88,4.582,4.091,0.9509,0.4912,4321.48,55.11,627.32,0.000143,0.7332,0,Normal Clean
2026-01-09 07:15:00,19.05,30.713,149.49,60.45,30.32,62.66,12.121,11.239,4.636,4.125,0.8815,0.5115,4155.59,53.57,620.57,0.000135,0.7472,0,Normal Clean
2026-01-09 07:30:00,19.488,33.702,146.26,55.71,27.19,57.85,11.605,10.659,4.45,3.824,0.9453,0.6268,4323.52,52.94,653.39,6.3e-05,0.7605,0,Normal Clean
2026-01-09 07:45:00,18.649,30.509,145.3,57.06,28.68,60.26,12.042,11.183,4.546,4.045,0.8592,0.5011,4031.72,51.63,624.67,0.000104,0.7566,0,Normal Clean
2026-01-09 08:00:00,18.233,28.972,146.2,54.66,25.84,59.57,12.028,11.219,4.524,4.065,0.8092,0.4593,4089.09,52.52,622.85,0.000128,0.7606,0,Normal Clean
2026-01-09 08:15:00,18.077,31.206,142.21,54.85,29.48,59.12,12.092,11.264,4.592,4.076,0.8278,0.5157,3869.19,48.65,636.26,7.7e-05,0.775,0,Normal Clean
2026-01-09 08:30:00,18.828,34.82,146.5,57.95,28.26,56.3,11.806,10.946,4.362,3.735,0.8606,0.6272,4084.85,54.45,600.2,0.000134,0.749,0,Normal Clean
2026-01-09 08:45:00,20.419,33.212,145.76,59.28,27.4,58.54,11.883,10.868,4.641,4.082,1.0158,0.5589,4326.6,54.99,629.49,0.000102,0.7307,0,Normal Clean
2026-01-09 09:00:00,19.175,31.807,144.81,57.63,29.97,60.75,11.861,10.953,4.686,4.149,0.9075,0.5377,4095.81,50.74,645.81,8.8e-05,0.7592,0,Normal Clean
2026-01-09 09:15:00,17.153,36.506,143.79,51.93,29.05,54.32,11.678,10.94,4.472,3.775,0.7388,0.6969,3860.12,48.84,632.33,4.6e-05,0.8005,0,Normal Clean
2026-01-09 09:30:00,18.889,30.135,142.86,55.6,27.59,59.62,11.79,10.881,4.452,3.979,0.9089,0.4733,4038.26,50.71,637.06,9.5e-05,0.757,0,Normal Clean
2026-01-09 09:45:00,17.51,32.407,147.79,53.92,26.25,55.95,11.97,11.213,4.327,3.777,0.7571,0.5493,4027.2,53.49,602.28,0.000168,0.7723,0,Normal Clean
2026-01-09 10:00:00,18.592,33.9,142.26,54.66,27.07,55.2,12.101,11.233,4.621,3.995,0.8677,0.6259,3990.17,51.75,616.78,9e-05,0.7604,0,Normal Clean
2026-01-09 10:15:00,18.64,30.144,143.72,56.75,30.65,62.14,12.182,11.299,4.564,4.061,0.8832,0.5029,3971.41,48.68,652.67,7.4e-05,0.7692,0,Normal Clean
2026-01-09 10:30:00,16.797,32.403,146.84,51.0,28.93,58.02,11.874,11.16,4.791,4.249,0.7139,0.5423,3944.07,47.94,658.15,5.4e-05,0.8128,0,Normal Clean
2026-01-09 10:45:00,18.181,33.939,144.96,54.21,27.5,55.96,12.113,11.268,4.527,3.91,0.8449,0.6174,4042.31,51.75,624.93,0.000135,0.7726,0,Normal Clean
2026-01-09 11:00:00,18.499,34.154,148.79,55.37,25.74,55.37,12.002,11.15,4.431,3.803,0.8517,0.628,4233.99,55.55,609.7,0.000122,0.7592,0,Normal Clean
2026-01-09 11:15:00,15.211,34.137,146.3,49.39,29.97,55.26,11.96,11.369,4.294,3.69,0.5916,0.6035,3611.79,46.35,623.36,0.000136,0.8331,0,Normal Clean
2026-01-09 11:30:00,19.646,29.844,142.77,57.62,26.34,59.17,11.702,10.721,4.515,4.016,0.9805,0.4985,4098.41,53.22,616.09,0.000116,0.7314,0,Normal Clean
2026-01-09 11:45:00,17.725,31.139,146.29,55.94,30.43,60.55,11.896,11.096,4.367,3.857,0.8005,0.5094,3923.5,49.68,631.79,0.000136,0.7799,0,Normal Clean
2026-01-09 12:00:00,18.559,29.567,146.71,56.53,27.61,60.76,11.913,11.044,4.497,4.027,0.8691,0.4694,4100.76,52.36,626.53,0.000144,0.7572,0,Normal Clean
2026-01-09 12:15:00,18.35,31.733,146.26,54.7,27.45,58.46,11.922,11.067,4.697,4.142,0.8544,0.5547,4116.73,51.75,636.39,0.00011,0.7707,0,Normal Clean
2026-01-09 12:30:00,18.915,31.888,147.61,57.14,28.35,59.77,12.024,11.163,4.531,4.002,0.8613,0.5294,4192.25,52.93,633.57,8.4e-05,0.7586,0,Normal Clean
2026-01-09 12:45:00,18.291,32.186,144.32,52.5,24.47,55.02,12.315,11.473,4.609,4.044,0.8421,0.5642,4114.64,52.88,622.46,0.000113,0.7661,0,Normal Clean
2026-01-09 13:00:00,18.518,32.695,144.61,55.25,29.07,58.71,12.02,11.169,4.448,3.854,0.851,0.5938,4054.24,50.26,645.29,6.4e-05,0.7734,0,Normal Clean
2026-01-09 13:15:00,16.498,34.039,150.15,50.71,28.38,56.6,12.12,11.431,4.604,3.975,0.689,0.629,4019.33,49.72,646.76,8.7e-05,0.8166,0,Normal Clean
2026-01-09 13:30:00,17.57,31.041,149.74,54.68,27.77,59.28,12.04,11.296,4.493,3.992,0.7445,0.5017,4091.96,52.41,624.57,0.00012,0.7794,0,Normal Clean
2026-01-09 13:45:00,17.338,33.111,143.32,54.23,29.33,56.65,12.28,11.53,4.578,3.999,0.7493,0.5789,3784.14,49.53,611.25,0.000128,0.7815,0,Normal Clean
2026-01-09 14:00:00,19.333,36.631,146.25,54.08,25.01,53.5,11.928,10.995,4.512,3.834,0.9332,0.6785,4365.94,54.88,636.42,7.8e-05,0.7603,0,Normal Clean
2026-01-09 14:15:00,19.146,29.535,149.41,58.21,26.84,61.46,11.955,11.062,4.533,4.051,0.8938,0.4818,4278.01,54.89,623.54,0.000152,0.7441,0,Normal Clean
2026-01-09 14:30:00,21.319,33.71,142.7,61.33,28.15,58.28,11.933,10.776,4.486,3.863,1.1572,0.6235,4249.75,54.87,619.63,8.3e-05,0.7103,0,Normal Clean
2026-01-09 14:45:00,18.069,33.291,142.85,51.73,27.29,56.25,12.3,11.504,4.473,3.882,0.7953,0.5911,4033.69,49.13,656.77,5e-05,0.7885,0,Normal Clean
2026-01-09 15:00:00,17.994,33.881,145.3,53.83,26.87,55.32,12.231,11.443,4.519,3.902,0.7883,0.6176,4032.62,52.28,617.03,0.00015,0.7724,0,Normal Clean
2026-01-09 15:15:00,18.761,33.539,145.02,56.93,29.58,58.44,12.08,11.196,4.501,3.914,0.8831,0.5869,4049.05,51.4,630.21,0.000104,0.7631,0,Normal Clean
2026-01-09 15:30:00,17.993,33.85,145.79,53.57,27.93,56.63,12.05,11.222,4.518,3.917,0.8281,0.6013,4065.23,50.97,638.07,8.9e-05,0.7824,0,Normal Clean
2026-01-09 15:45:00,17.8,32.876,145.49,53.56,29.16,58.31,11.79,11.012,4.466,3.882,0.778,0.5839,4009.22,49.3,650.53,9.4e-05,0.7902,0,Normal Clean
2026-01-09 16:00:00,17.862,36.738,143.93,54.29,30.52,56.04,11.747,10.943,4.401,3.689,0.8039,0.7122,3922.55,49.04,639.94,7.3e-05,0.7904,0,Normal Clean
2026-01-09 16:15:00,19.639,32.943,145.23,57.11,27.25,58.02,11.809,10.871,4.536,3.936,0.9381,0.6,4240.21,53.5,634.0,0.000116,0.747,0,Normal Clean
2026-01-09 16:30:00,16.895,33.102,146.42,51.53,28.11,56.47,11.952,11.254,4.596,4.017,0.6973,0.5795,3927.72,49.45,635.46,7.7e-05,0.802,0,Normal Clean
2026-01-09 16:45:00,18.187,29.323,145.22,56.98,29.87,61.92,12.027,11.185,4.654,4.205,0.8417,0.4493,3931.86,50.05,628.43,0.000139,0.765,0,Normal Clean
2026-01-09 17:00:00,19.09,29.964,142.59,58.18,28.0,59.49,11.981,11.079,4.359,3.863,0.9017,0.4953,3948.09,52.25,604.49,0.000145,0.7366,0,Normal Clean
2026-01-09 17:15:00,18.675,28.594,144.84,57.61,28.34,61.7,11.983,11.139,4.444,3.975,0.8442,0.4686,3991.36,51.6,618.84,0.000133,0.7488,0,Normal Clean
2026-01-09 17:30:00,16.552,29.816,147.74,50.14,26.24,57.97,11.636,10.939,4.687,4.228,0.6973,0.459,3958.09,49.78,636.16,9.5e-05,0.8033,0,Normal Clean
2026-01-09 17:45:00,19.584,31.303,146.78,57.61,26.97,59.63,11.718,10.802,4.37,3.826,0.9158,0.5446,4278.35,54.07,633.06,0.000103,0.7442,0,Normal Clean
2026-01-09 18:00:00,17.974,33.101,145.09,55.28,27.77,56.33,12.46,11.617,4.356,3.781,0.8429,0.5747,3955.02,52.29,605.1,0.00017,0.7655,0,Normal Clean
2026-01-09 18:15:00,17.874,29.825,146.03,51.92,26.33,59.36,12.087,11.302,4.481,4.031,0.785,0.4501,4121.27,50.07,658.5,0.000112,0.7862,0,Normal Clean
2026-01-09 18:30:00,17.489,29.719,147.07,53.1,28.48,60.86,12.08,11.31,4.463,3.97,0.7699,0.4927,4026.41,49.14,655.51,6.3e-05,0.7924,0,Normal Clean
2026-01-09 18:45:00,19.561,32.519,145.9,60.06,29.78,60.02,11.867,10.942,4.414,3.847,0.9247,0.5676,4113.94,53.33,617.14,0.000105,0.7393,0,Normal Clean
2026-01-09 19:00:00,19.862,30.791,144.49,60.2,29.68,61.52,12.277,11.319,4.432,3.927,0.9577,0.5053,4101.7,52.44,625.7,0.000158,0.7342,0,Normal Clean
2026-01-09 19:15:00,19.038,32.823,148.38,58.88,29.8,60.19,11.943,11.063,4.63,4.055,0.8801,0.5752,4174.37,53.28,626.74,0.000127,0.7547,0,Normal Clean
2026-01-09 19:30:00,18.873,29.993,143.02,54.78,26.21,58.73,11.908,11.005,4.497,3.992,0.9031,0.5055,4080.0,51.5,633.82,8.9e-05,0.7555,0,Normal Clean
2026-01-09 19:45:00,18.902,31.347,141.18,55.89,27.67,57.79,12.047,11.185,4.461,3.928,0.8618,0.5328,3949.74,50.92,620.52,0.00012,0.7514,0,Normal Clean
2026-01-09 20:00:00,20.185,32.441,147.37,58.09,25.43,57.96,12.136,11.136,4.499,3.951,0.9995,0.5486,4415.25,56.36,626.74,0.000144,0.7321,0,Normal Clean
2026-01-09 20:15:00,17.396,29.341,143.72,53.55,29.65,60.96,12.036,11.281,4.447,3.989,0.755,0.4583,3843.09,47.39,648.77,8.9e-05,0.7905,0,Normal Clean
2026-01-09 20:30:00,16.534,31.533,148.03,50.47,27.24,57.2,11.898,11.176,4.587,4.058,0.7214,0.5289,3951.92,49.58,637.7,0.00013,0.8077,0,Normal Clean
2026-01-09 20:45:00,15.999,30.995,146.53,48.94,27.37,56.87,12.254,11.602,4.559,4.021,0.6523,0.5377,3825.4,47.79,640.31,7.8e-05,0.819,0,Normal Clean
2026-01-09 21:00:00,16.783,28.538,144.39,50.57,25.72,58.03,12.009,11.301,4.575,4.141,0.7078,0.4338,3857.67,49.37,625.07,0.00013,0.7906,0,Normal Clean
2026-01-09 21:15:00,17.65,31.217,141.3,50.09,24.56,54.76,11.778,11.004,4.343,3.855,0.7746,0.4876,3944.22,49.98,631.35,0.000101,0.7813,0,Normal Clean
2026-01-09 21:30:00,20.31,30.2,143.97,57.24,25.82,59.97,12.194,11.16,4.514,4.04,1.0347,0.4745,4315.38,53.47,645.62,7.4e-05,0.734,0,Normal Clean
2026-01-09 21:45:00,18.308,32.586,147.75,54.26,24.63,55.38,11.775,10.937,4.442,3.884,0.8378,0.5581,4193.32,55.18,607.94,0.000171,0.7593,0,Normal Clean
2026-01-09 22:00:00,19.621,32.78,144.2,58.61,30.4,60.4,12.311,11.333,4.593,3.986,0.9786,0.6069,4114.24,51.06,644.6,0.00011,0.7521,0,Normal Clean
2026-01-09 22:15:00,20.118,35.589,145.54,55.7,25.64,55.38,11.939,10.929,4.539,3.87,1.0099,0.6688,4428.35,54.71,647.48,9.3e-05,0.7493,0,Normal Clean
2026-01-09 22:30:00,19.769,31.855,140.64,58.52,27.32,57.16,11.948,10.976,4.45,3.908,0.9726,0.5428,3977.5,53.13,598.96,0.000151,0.7246,0,Normal Clean
2026-01-09 22:45:00,19.967,30.978,146.28,58.61,28.44,61.52,12.009,11.05,4.593,4.079,0.9588,0.5136,4288.69,52.85,649.15,8.2e-05,0.7439,0,Normal Clean
2026-01-09 23:00:00,18.38,32.387,143.85,55.57,27.49,56.83,12.019,11.192,4.52,3.97,0.8269,0.5505,3975.29,52.11,610.29,0.000129,0.7587,0,Normal Clean
2026-01-09 23:15:00,18.166,31.33,145.7,53.45,27.17,58.49,11.881,11.061,4.644,4.104,0.8196,0.5394,4106.0,50.79,646.72,7e-05,0.7783,0,Normal Clean
2026-01-09 23:30:00,17.841,30.93,141.8,52.48,26.31,56.48,11.834,11.032,4.559,4.048,0.8017,0.5115,3904.11,50.05,624.03,0.000162,0.7734,0,Normal Clean
2026-01-09 23:45:00,17.743,30.444,146.73,53.9,27.69,59.38,11.923,11.15,4.419,3.92,0.7732,0.4982,4035.6,50.79,635.69,9e-05,0.7799,0,Normal Clean
2026-01-10 00:00:00,18.485,31.409,144.87,56.78,30.21,60.57,12.036,11.159,4.421,3.872,0.8769,0.5485,3989.83,50.0,638.35,0.000112,0.7683,0,Normal Clean
2026-01-10 00:15:00,16.16,33.201,147.46,47.62,25.99,54.45,11.823,11.179,4.415,3.824,0.6439,0.5905,3953.06,48.93,646.28,0.000102,0.822,0,Normal Clean
2026-01-10 00:30:00,20.079,33.164,145.21,59.58,28.71,59.07,11.994,11.039,4.552,3.982,0.9554,0.5702,4212.27,53.86,625.66,0.000111,0.735,0,Normal Clean
2026-01-10 00:45:00,17.86,29.274,146.37,53.61,27.88,61.01,11.659,10.872,4.417,3.945,0.7874,0.4713,4058.73,49.73,652.93,6.9e-05,0.7828,0,Normal Clean
2026-01-10 01:00:00,17.54,31.968,144.91,52.54,27.21,56.89,11.795,11.003,4.471,3.937,0.7926,0.5344,3969.47,50.33,630.94,0.000155,0.7848,0,Normal Clean
2026-01-10 01:15:00,17.196,30.612,143.74,51.21,26.43,56.87,11.958,11.181,4.459,3.954,0.7768,0.5052,3898.23,49.5,629.98,9.1e-05,0.7887,0,Normal Clean
2026-01-10 01:30:00,15.509,33.188,142.21,47.09,26.43,52.46,12.138,11.51,4.465,3.875,0.6278,0.5908,3614.05,47.04,614.59,0.000138,0.8215,0,Normal Clean
2026-01-10 01:45:00,19.731,33.519,145.79,58.86,26.99,56.96,11.97,11.015,4.285,3.718,0.9544,0.5665,4202.34,55.57,605.03,0.000151,0.7318,0,Normal Clean
2026-01-10 02:00:00,18.847,31.694,146.59,56.15,26.46,57.95,12.122,11.208,4.547,3.994,0.9144,0.5532,4175.97,53.9,619.86,0.000119,0.7528,0,Normal Clean
2026-01-10 02:15:00,17.794,33.961,145.96,50.76,24.49,53.69,12.06,11.244,4.459,3.836,0.8161,0.6238,4150.26,52.53,632.03,0.000116,0.7837,0,Normal Clean
2026-01-10 02:30:00,19.25,33.449,144.76,56.79,29.17,58.81,11.881,10.963,4.458,3.858,0.9179,0.5993,4148.86,51.38,646.02,9.6e-05,0.7611,0,Normal Clean
2026-01-10 02:45:00,19.019,33.999,146.89,56.68,29.63,59.17,11.958,11.077,4.453,3.843,0.8802,0.61,4203.31,51.57,652.02,6e-05,0.7693,0,Normal Clean
2026-01-10 03:00:00,19.63,32.138,144.56,56.52,26.88,58.37,11.734,10.755,4.631,4.064,0.979,0.5668,4234.13,52.98,639.31,9.7e-05,0.7481,0,Normal Clean
2026-01-10 03:15:00,16.8,32.657,145.61,49.82,27.1,55.95,12.115,11.391,4.333,3.768,0.7241,0.5654,3942.69,48.77,646.75,5.3e-05,0.8082,0,Normal Clean
2026-01-10 03:30:00,18.697,30.663,143.73,55.34,26.3,57.86,11.955,11.041,4.608,4.091,0.9137,0.5167,4049.09,52.42,617.95,0.000143,0.7527,0,Normal Clean
2026-01-10 03:45:00,16.493,32.697,145.0,51.17,29.24,56.96,11.851,11.185,4.416,3.856,0.6662,0.5596,3791.58,47.56,637.71,0.000117,0.8106,0,Normal Clean
2026-01-10 04:00:00,16.353,33.813,148.18,51.14,27.51,54.99,11.94,11.273,4.545,3.963,0.6679,0.5828,3887.85,50.69,613.53,0.000132,0.8042,0,Normal Clean
2026-01-10 04:15:00,18.734,31.005,142.35,54.11,26.23,57.46,12.312,11.41,4.589,4.057,0.9023,0.5321,4050.36,51.2,632.88,0.000109,0.76,0,Normal Clean
2026-01-10 04:30:00,14.964,34.889,146.23,46.81,28.49,53.46,11.988,11.431,4.516,3.865,0.5571,0.6515,3644.74,45.89,635.38,0.000117,0.8444,0,Normal Clean
2026-01-10 04:45:00,17.31,30.262,145.59,55.0,29.02,59.36,11.625,10.89,4.552,4.048,0.735,0.5037,3841.96,50.22,611.97,0.000131,0.7771,0,Normal Clean
2026-01-10 05:00:00,18.539,31.311,144.71,56.35,28.73,59.37,12.088,11.225,4.492,3.953,0.8636,0.5395,4013.29,51.16,627.51,0.000139,0.7619,0,Normal Clean
2026-01-10 05:15:00,19.579,30.167,142.29,56.19,26.95,59.67,12.195,11.242,4.342,3.859,0.9533,0.4833,4129.92,51.39,642.9,0.000112,0.7465,0,Normal Clean
2026-01-10 05:30:00,17.349,29.872,143.66,53.04,27.73,58.54,11.767,10.991,4.647,4.167,0.7761,0.4802,3851.71,49.31,624.88,0.000113,0.7817,0,Normal Clean
2026-01-10 05:45:00,19.593,31.867,143.98,54.3,26.16,58.45,11.504,10.525,4.396,3.853,0.9795,0.5432,4304.85,51.62,667.18,6.9e-05,0.7612,0,Normal Clean
2026-01-10 06:00:00,16.169,36.247,150.67,49.81,28.28,54.63,11.746,11.075,4.596,3.892,0.6711,0.7039,3995.45,49.83,641.45,6.1e-05,0.8241,0,Normal Clean
2026-01-10 06:15:00,19.112,32.472,147.33,57.51,27.46,58.41,12.036,11.131,4.162,3.597,0.9047,0.5653,4205.87,54.27,620.01,0.000117,0.7493,0,Normal Clean
2026-01-10 06:30:00,19.49,28.893,144.6,58.19,27.58,61.71,11.944,11.044,4.438,3.958,0.8999,0.4806,4126.09,52.48,628.97,0.000131,0.7384,0,Normal Clean
2026-01-10 06:45:00,16.758,30.804,144.7,53.54,30.05,59.09,11.991,11.284,4.545,4.016,0.7063,0.5285,3742.61,48.04,623.3,0.000132,0.7951,0,Normal Clean
2026-01-10 07:00:00,19.108,34.002,147.76,55.58,27.81,58.14,12.128,11.255,4.462,3.84,0.8733,0.622,4315.41,52.79,653.98,7.8e-05,0.7685,0,Normal Clean
2026-01-10 07:15:00,20.302,31.53,145.02,61.13,28.45,60.08,11.882,10.889,4.519,3.985,0.9935,0.5345,4172.71,54.71,610.14,0.000173,0.7197,0,Normal Clean
2026-01-10 07:30:00,18.696,32.232,144.46,56.3,29.71,59.65,11.929,11.041,4.523,3.954,0.8883,0.5689,4038.04,50.2,643.5,8.8e-05,0.7682,0,Normal Clean
2026-01-10 07:45:00,18.191,34.31,144.74,53.53,26.71,55.03,12.136,11.307,4.47,3.855,0.8286,0.6142,4065.2,52.08,624.42,0.000105,0.7728,0,Normal Clean
2026-01-10 08:00:00,18.442,29.539,145.79,58.48,30.05,61.97,12.056,11.172,4.581,4.104,0.8846,0.4767,3944.99,51.23,616.03,0.000135,0.7544,0,Normal Clean
2026-01-10 08:15:00,19.431,35.401,145.03,56.5,28.64,57.09,11.804,10.885,4.714,4.073,0.9193,0.6408,4214.33,52.27,645.02,6.3e-05,0.7606,0,Normal Clean
2026-01-10 08:30:00,17.558,35.508,146.84,55.7,29.39,55.78,12.235,11.496,4.683,4.036,0.7396,0.6473,3920.5,52.15,601.39,0.000172,0.776,0,Normal Clean
2026-01-10 08:45:00,17.964,32.395,145.09,53.73,26.92,56.58,11.565,10.774,4.401,3.852,0.7912,0.5485,4020.92,51.66,622.68,0.000108,0.7731,0,Normal Clean
2026-01-10 09:00:00,18.349,30.068,142.88,54.1,26.04,57.76,11.969,11.125,4.413,3.915,0.8444,0.4979,3990.84,51.42,620.86,0.000138,0.7598,0,Normal Clean
2026-01-10 09:15:00,19.329,32.257,149.01,57.6,28.69,60.76,12.183,11.243,4.513,3.94,0.9393,0.5731,4328.65,53.17,651.25,7.3e-05,0.7597,0,Normal Clean
2026-01-10 09:30:00,16.79,30.246,145.57,51.3,26.91,57.56,12.676,11.966,4.552,4.06,0.7096,0.4915,3877.87,49.58,625.73,0.000116,0.7945,0,Normal Clean
2026-01-10 09:45:00,17.952,31.508,148.36,56.15,30.08,60.84,12.05,11.237,4.366,3.817,0.8132,0.5486,4055.62,50.74,639.4,0.000127,0.7796,0,Normal Clean
2026-01-10 10:00:00,17.683,32.526,148.32,55.0,27.12,56.82,11.828,11.032,4.51,3.948,0.7955,0.5613,4042.92,53.54,604.1,0.000174,0.7699,0,Normal Clean
2026-01-10 10:15:00,20.004,30.623,140.51,58.78,28.36,59.62,11.949,10.995,4.389,3.876,0.954,0.5127,4005.6,51.61,620.91,0.000141,0.7287,0,Normal Clean
2026-01-10 10:30:00,16.784,29.442,144.49,53.42,27.76,58.16,12.17,11.448,4.576,4.102,0.7227,0.4741,3745.08,50.01,599.13,0.000164,0.7802,0,Normal Clean
2026-01-10 10:45:00,15.634,30.498,143.27,48.32,28.18,56.68,11.839,11.216,4.496,3.994,0.6237,0.5025,3636.84,45.57,638.51,7e-05,0.825,0,Normal Clean
2026-01-10 11:00:00,17.575,34.737,144.21,55.21,30.3,56.66,11.872,11.103,4.297,3.668,0.7685,0.6289,3832.54,49.84,615.21,0.000154,0.7813,0,Normal Clean
2026-01-10 11:15:00,19.51,32.332,146.52,57.3,27.65,59.18,11.932,11.003,4.385,3.822,0.9282,0.5631,4264.75,53.4,638.88,0.000108,0.7506,0,Normal Clean
2026-01-10 11:30:00,15.884,31.898,140.8,47.75,26.19,53.32,11.963,11.317,4.628,4.103,0.6451,0.5251,3621.27,47.07,615.5,0.000141,0.8119,0,Normal Clean
2026-01-10 11:45:00,19.212,31.301,147.06,58.03,29.44,61.44,11.665,10.75,4.442,3.88,0.9151,0.562,4190.6,52.0,644.76,9.5e-05,0.7569,0,Normal Clean
2026-01-10 12:00:00,17.61,31.313,146.47,54.4,28.66,58.98,11.885,11.112,4.349,3.807,0.7721,0.5424,3972.4,50.47,629.62,0.000112,0.7815,0,Normal Clean
2026-01-10 12:15:00,18.351,29.907,144.6,54.18,27.3,59.79,12.285,11.449,4.617,4.136,0.8354,0.4807,4064.95,50.41,645.06,8.7e-05,0.7708,0,Normal Clean
2026-01-10 12:30:00,17.789,31.958,139.04,51.37,26.35,54.92,11.875,11.084,4.621,4.057,0.7906,0.5633,3820.88,48.74,627.11,0.000129,0.7779,0,Normal Clean
2026-01-10 12:45:00,18.431,31.144,143.34,55.29,27.64,58.15,11.913,11.051,4.555,4.016,0.8622,0.5391,3975.89,51.14,621.98,0.00014,0.761,0,Normal Clean
2026-01-10 13:00:00,19.922,33.911,147.52,58.88,28.14,58.63,11.866,10.9,4.361,3.725,0.9659,0.6351,4326.28,54.76,631.98,0.000132,0.7425,0,Normal Clean
2026-01-10 13:15:00,15.01,29.799,142.71,45.52,26.77,55.44,12.067,11.492,4.529,4.074,0.5756,0.4546,3574.16,44.55,641.76,9.7e-05,0.8383,0,Normal Clean
2026-01-10 13:30:00,19.666,34.511,148.89,58.79,28.28,58.35,12.125,11.155,4.637,3.991,0.9699,0.6463,4341.19,55.19,629.26,0.000123,0.747,0,Normal Clean
2026-01-10 13:45:00,16.719,34.613,142.63,51.56,29.88,55.64,11.982,11.257,4.618,3.996,0.7251,0.6213,3730.56,47.01,634.92,0.000116,0.8077,0,Normal Clean
2026-01-10 14:00:00,18.642,29.991,145.43,55.15,26.29,59.15,11.763,10.904,4.66,4.165,0.8585,0.4954,4123.48,52.43,629.16,0.000132,0.7578,0,Normal Clean
2026-01-10 14:15:00,18.196,31.244,145.05,53.95,27.11,58.18,12.066,11.238,4.446,3.917,0.8277,0.5295,4061.45,51.11,635.72,0.000113,0.7724,0,Normal Clean
2026-01-10 14:30:00,19.166,33.95,143.49,54.62,26.59,55.96,11.938,10.98,4.403,3.79,0.9585,0.6131,4172.92,52.25,638.89,9.5e-05,0.7602,0,Normal Clean
2026-01-10 14:45:00,21.528,30.938,144.7,62.17,25.22,58.84,12.097,10.978,4.389,3.876,1.1194,0.5133,4352.91,58.01,600.31,0.000168,0.6907,0,Normal Clean
2026-01-10 15:00:00,16.962,30.652,146.66,54.79,31.9,61.67,12.096,11.368,4.408,3.894,0.7279,0.5139,3817.64,47.34,645.18,8.4e-05,0.8005,0,Normal Clean
2026-01-10 15:15:00,20.091,31.7,142.57,61.0,31.27,61.54,11.635,10.633,4.426,3.866,1.002,0.5603,4015.25,51.17,627.8,0.000114,0.7329,0,Normal Clean
2026-01-10 15:30:00,19.673,32.323,144.88,57.89,27.62,58.62,11.958,10.97,4.561,4.022,0.9883,0.5386,4192.53,53.46,627.36,0.000136,0.7419,0,Normal Clean
2026-01-10 15:45:00,18.422,32.374,147.46,57.55,30.24,60.2,11.94,11.054,4.527,3.978,0.8864,0.549,4058.42,51.61,629.09,0.000103,0.767,0,Normal Clean
2026-01-10 16:00:00,19.127,31.193,142.8,56.52,27.11,58.09,12.31,11.409,4.437,3.921,0.9005,0.5157,4043.05,52.27,618.83,0.000166,0.7458,0,Normal Clean
2026-01-10 16:15:00,16.48,29.096,145.02,49.29,26.01,57.76,12.421,11.756,4.294,3.846,0.6654,0.4482,3865.26,48.42,638.66,7.3e-05,0.8044,0,Normal Clean
2026-01-10 16:30:00,20.842,32.14,147.96,61.52,28.76,61.58,12.223,11.18,4.22,3.651,1.0429,0.569,4413.73,55.3,638.48,0.00013,0.7252,0,Normal Clean
2026-01-10 16:45:00,17.284,30.867,141.92,52.2,28.64,58.06,11.709,10.945,4.56,4.055,0.7641,0.5049,3799.0,47.49,639.9,0.000128,0.792,0,Normal Clean
2026-01-10 17:00:00,17.59,33.12,147.82,53.86,27.85,57.07,12.4,11.624,4.504,3.946,0.776,0.5581,4049.02,51.8,625.29,0.000138,0.7832,0,Normal Clean
2026-01-10 17:15:00,20.593,31.615,142.49,59.36,27.46,59.17,11.74,10.728,4.643,4.086,1.0117,0.5569,4194.19,53.56,626.48,0.000138,0.7227,0,Normal Clean
2026-01-10 17:30:00,19.624,31.653,143.07,57.0,27.83,59.07,11.932,11.008,4.695,4.156,0.9236,0.5394,4138.03,51.84,638.61,9.5e-05,0.7469,0,Normal Clean
2026-01-10 17:45:00,18.361,33.572,146.52,56.2,28.63,57.55,11.393,10.589,4.53,3.928,0.8045,0.6022,4063.02,52.41,620.2,0.000135,0.7661,0,Normal Clean
2026-01-10 18:00:00,18.614,35.111,146.03,55.25,28.36,56.55,12.014,11.166,4.582,3.919,0.8481,0.6625,4140.09,52.06,636.18,9.7e-05,0.7715,0,Normal Clean
2026-01-10 18:15:00,17.201,28.535,146.82,54.2,28.87,61.56,12.093,11.361,4.63,4.195,0.7322,0.4357,3902.97,49.38,632.33,9.1e-05,0.7852,0,Normal Clean
2026-01-10 18:30:00,16.297,31.206,142.16,49.66,28.35,56.64,11.869,11.217,4.611,4.057,0.6516,0.5541,3693.4,46.21,639.44,0.00013,0.8128,0,Normal Clean
2026-01-10 18:45:00,17.838,28.641,143.1,55.55,30.59,62.52,11.702,10.921,4.5,4.049,0.7809,0.4508,3826.36,47.45,645.12,6.6e-05,0.7782,0,Normal Clean
2026-01-10 19:00:00,19.788,33.565,142.98,56.79,26.12,55.88,11.943,10.957,4.657,4.056,0.9865,0.6004,4178.38,54.06,618.33,0.00015,0.7376,0,Normal Clean
2026-01-10 19:15:00,16.803,33.301,148.09,50.2,26.32,55.25,12.164,11.449,4.668,4.099,0.7157,0.5695,4030.08,50.78,634.85,9e-05,0.8039,0,Normal Clean
2026-01-10 19:30:00,16.767,32.035,144.94,51.31,28.52,57.21,12.375,11.657,4.51,3.955,0.7184,0.5556,3846.59,48.18,638.72,9.7e-05,0.8042,0,Normal Clean
2026-01-10 19:45:00,16.928,27.89,144.47,52.33,28.7,61.45,12.03,11.307,4.623,4.198,0.7236,0.4248,3821.43,47.26,646.93,9.9e-05,0.7959,0,Normal Clean
2026-01-10 20:00:00,19.006,30.172,146.56,58.03,30.46,63.11,11.965,11.068,4.387,3.885,0.8976,0.5019,4121.99,50.46,653.48,9.8e-05,0.7625,0,Normal Clean
2026-01-10 20:15:00,17.466,31.358,141.19,51.31,27.71,57.02,11.939,11.184,4.53,3.996,0.7551,0.5339,3846.09,47.63,645.95,7.9e-05,0.792,0,Normal Clean
2026-01-10 20:30:00,18.355,31.37,144.55,53.66,26.93,58.07,11.928,11.094,4.703,4.193,0.834,0.5104,4087.47,50.89,642.6,7.8e-05,0.7728,0,Normal Clean
2026-01-10 20:45:00,19.745,33.139,141.89,54.29,24.6,55.16,11.805,10.794,4.476,3.91,1.0108,0.5655,4237.68,53.21,637.08,9.8e-05,0.7468,0,Normal Clean
2026-01-10 21:00:00,18.338,30.708,142.24,54.61,28.39,59.03,12.155,11.306,4.584,4.078,0.849,0.5059,3937.29,49.34,638.34,0.000113,0.7697,0,Normal Clean
2026-01-10 21:15:00,17.766,31.106,145.18,56.45,31.66,61.34,12.06,11.288,4.439,3.919,0.7718,0.5203,3862.28,48.47,637.52,0.000119,0.7816,0,Normal Clean
2026-01-10 21:30:00,19.45,30.971,143.4,58.41,30.49,61.74,12.197,11.249,4.579,4.051,0.9476,0.5282,4049.68,50.08,646.96,0.000122,0.7527,0,Normal Clean
2026-01-10 21:45:00,16.759,30.515,142.0,51.52,29.91,59.01,11.489,10.832,4.46,3.931,0.6572,0.5283,3714.95,45.62,651.52,7.3e-05,0.8072,0,Normal Clean
2026-01-10 22:00:00,18.521,32.068,141.99,52.2,26.51,56.88,11.835,11.009,4.505,3.933,0.8261,0.5718,4074.51,49.6,657.13,6e-05,0.7776,0,Normal Clean
2026-01-10 22:15:00,16.76,30.261,142.97,50.8,27.0,56.9,11.725,11.062,4.52,4.041,0.6628,0.4798,3784.79,48.44,625.13,0.000122,0.7948,0,Normal Clean
2026-01-10 22:30:00,19.271,33.297,145.19,58.16,29.33,58.83,12.509,11.612,4.671,4.092,0.8977,0.5793,4109.3,52.44,626.95,0.000115,0.7512,0,Normal Clean
2026-01-10 22:45:00,17.083,31.869,147.1,51.49,27.85,57.86,11.811,11.099,4.617,4.072,0.712,0.5457,4001.46,49.38,648.28,7.6e-05,0.8018,0,Normal Clean
2026-01-10 23:00:00,18.058,31.266,143.47,53.92,29.18,59.47,11.871,11.046,4.585,4.071,0.825,0.5133,3961.88,48.48,653.76,7.4e-05,0.7835,0,Normal Clean
2026-01-10 23:15:00,19.134,32.984,147.89,58.96,29.45,59.66,12.098,11.15,4.387,3.801,0.9478,0.5859,4168.98,53.62,622.0,0.000109,0.7508,0,Normal Clean
2026-01-10 23:30:00,20.067,30.716,144.35,55.89,24.5,58.33,12.347,11.358,4.393,3.868,0.9885,0.5247,4348.54,54.2,641.91,0.000126,0.738,0,Normal Clean
2026-01-10 23:45:00,18.895,33.832,143.84,56.28,29.61,58.25,12.222,11.35,4.608,4.012,0.8721,0.5958,4053.22,50.53,641.66,0.000125,0.7665,0,Normal Clean
2026-01-11 00:00:00,17.808,29.612,143.49,53.99,28.33,59.84,12.135,11.322,4.516,4.036,0.8124,0.4803,3904.68,49.07,636.54,0.000112,0.7772,0,Normal Clean
2026-01-11 00:15:00,19.471,32.529,141.24,54.7,26.43,56.77,12.091,11.136,4.499,3.912,0.9552,0.5869,4128.52,51.34,643.29,0.000101,0.7538,0,Normal Clean
2026-01-11 00:30:00,17.531,31.896,142.99,54.39,30.34,58.85,12.158,11.383,4.552,4.013,0.7754,0.539,3805.35,47.98,634.43,0.000105,0.7865,0,Normal Clean
2026-01-11 00:45:00,18.774,34.421,143.5,55.4,29.06,57.2,12.032,11.17,4.336,3.721,0.862,0.6159,4052.01,50.52,641.64,0.000114,0.7698,0,Normal Clean
2026-01-11 01:00:00,18.332,35.632,145.28,53.97,27.51,55.02,12.098,11.263,4.576,3.903,0.8351,0.6731,4100.79,52.0,630.92,0.000118,0.7753,0,Normal Clean
2026-01-11 01:15:00,17.514,33.702,144.8,53.87,28.43,56.1,11.939,11.16,4.59,3.967,0.7784,0.6227,3902.02,50.65,616.29,0.000139,0.7814,0,Normal Clean
2026-01-11 01:30:00,17.248,32.664,144.04,52.5,28.65,56.96,11.991,11.246,4.507,3.952,0.7455,0.5551,3868.47,48.83,633.84,0.000116,0.7933,0,Normal Clean
2026-01-11 01:45:00,19.341,33.932,147.04,57.41,27.53,57.45,11.782,10.863,4.279,3.651,0.9191,0.6287,4247.08,54.37,624.86,0.000107,0.75,0,Normal Clean
2026-01-11 02:00:00,17.709,32.307,143.96,54.5,29.06,57.77,12.047,11.273,4.506,3.922,0.7739,0.5841,3881.28,49.79,623.62,0.000131,0.7786,0,Normal Clean
2026-01-11 02:15:00,18.945,28.335,143.64,54.4,25.1,60.04,11.934,11.062,4.301,3.876,0.8717,0.4252,4142.04,51.79,639.77,0.0001,0.7528,0,Normal Clean
2026-01-11 02:30:00,19.116,35.46,146.02,56.16,27.36,55.73,11.714,10.801,4.409,3.74,0.9129,0.6691,4208.83,53.81,625.71,0.000145,0.7573,0,Normal Clean
2026-01-11 02:45:00,18.709,30.473,145.04,56.75,28.5,60.24,12.336,11.447,4.369,3.869,0.8892,0.4999,4047.14,51.45,629.3,0.000132,0.7576,0,Normal Clean
2026-01-11 03:00:00,16.837,31.989,139.6,50.81,29.85,57.21,12.244,11.531,4.457,3.896,0.7131,0.5605,3662.3,44.88,652.76,7.4e-05,0.8089,0,Normal Clean
2026-01-11 03:15:00,19.035,30.907,148.34,57.19,25.96,58.83,11.982,11.1,4.597,4.095,0.8815,0.5014,4250.91,55.34,614.5,0.000155,0.7448,0,Normal Clean
2026-01-11 03:30:00,21.262,30.626,147.51,62.8,27.41,61.85,11.783,10.655,4.51,3.969,1.1273,0.5415,4412.84,56.87,620.76,0.000146,0.7053,0,Normal Clean
2026-01-11 03:45:00,18.181,33.667,141.76,55.23,31.55,58.91,12.171,11.373,4.332,3.71,0.7987,0.6212,3854.18,47.24,652.7,8.9e-05,0.7852,0,Normal Clean
2026-01-11 04:00:00,16.163,31.839,147.78,50.85,27.17,55.99,11.699,11.047,4.515,3.98,0.6521,0.5349,3838.56,50.27,610.92,0.000117,0.8037,0,Normal Clean
2026-01-11 04:15:00,17.074,32.349,147.57,51.91,27.68,57.24,12.054,11.34,4.527,3.953,0.7137,0.5746,4001.55,50.23,637.28,0.000117,0.7979,0,Normal Clean
2026-01-11 04:30:00,18.795,29.448,144.17,53.9,27.08,60.82,11.908,11.0,4.37,3.886,0.9077,0.4833,4156.5,49.86,666.93,5.1e-05,0.7709,0,Normal Clean
2026-01-11 04:45:00,17.736,30.599,146.61,53.15,28.34,60.06,11.985,11.186,4.63,4.097,0.7981,0.5321,4061.47,49.41,657.64,7.4e-05,0.7903,0,Normal Clean
2026-01-11 05:00:00,20.462,32.794,142.9,57.54,26.04,57.22,11.923,10.866,4.575,4.022,1.0564,0.5529,4279.43,54.15,632.24,0.000126,0.7304,0,Normal Clean
2026-01-11 05:15:00,18.004,33.709,145.69,51.77,26.21,55.58,11.514,10.73,4.463,3.865,0.7836,0.5986,4142.5,51.24,646.82,9.1e-05,0.786,0,Normal Clean
2026-01-11 05:30:00,18.134,33.03,146.22,54.35,28.71,58.25,11.923,11.108,4.467,3.873,0.8158,0.5942,4081.99,50.56,645.88,5.6e-05,0.7818,0,Normal Clean
2026-01-11 05:45:00,18.446,30.818,141.61,54.66,27.03,57.5,11.934,11.097,4.263,3.754,0.8365,0.5094,3929.37,50.74,619.54,0.000145,0.7588,0,Normal Clean
2026-01-11 06:00:00,20.348,33.743,146.3,59.22,27.26,58.01,12.15,11.123,4.331,3.711,1.0268,0.6202,4341.53,55.43,626.58,0.000132,0.7316,0,Normal Clean
2026-01-11 06:15:00,17.357,30.48,145.15,53.62,28.26,58.78,11.635,10.872,4.546,4.051,0.7631,0.495,3892.44,49.78,625.48,0.00012,0.7831,0,Normal Clean
2026-01-11 06:30:00,18.106,29.468,143.63,54.81,27.85,59.81,12.246,11.409,4.72,4.238,0.837,0.4827,3940.3,50.12,628.92,0.000103,0.7672,0,Normal Clean
2026-01-11 06:45:00,18.301,29.61,143.75,56.29,29.14,60.79,12.138,11.302,4.48,4.014,0.8362,0.466,3921.45,49.97,627.84,0.000102,0.7631,0,Normal Clean
2026-01-11 07:00:00,20.408,30.704,145.6,60.92,28.91,61.86,12.302,11.272,4.485,3.989,1.03,0.4955,4233.93,53.8,629.62,9.5e-05,0.7256,0,Normal Clean
2026-01-11 07:15:00,19.537,31.423,143.48,56.85,26.93,58.47,12.017,11.09,4.476,3.964,0.9274,0.5122,4146.88,52.76,628.82,0.000128,0.7433,0,Normal Clean
2026-01-11 07:30:00,18.871,31.617,145.58,57.0,29.01,59.97,12.059,11.204,4.435,3.873,0.8548,0.5622,4095.42,51.54,635.72,8.4e-05,0.7599,0,Normal Clean
2026-01-11 07:45:00,18.368,31.648,148.52,56.85,28.82,59.98,11.894,11.079,4.458,3.916,0.815,0.5414,4125.53,52.6,627.41,0.000122,0.7659,0,Normal Clean
2026-01-11 08:00:00,17.341,31.709,145.65,50.45,27.57,58.05,11.942,11.175,4.542,3.99,0.7667,0.5522,4044.57,48.21,671.22,5.2e-05,0.8062,0,Normal Clean
2026-01-11 08:15:00,18.686,32.632,148.44,54.55,27.67,59.15,11.919,11.094,4.553,3.995,0.8245,0.5584,4298.61,51.98,661.53,6.5e-05,0.7775,0,Normal Clean
2026-01-11 08:30:00,18.852,34.436,144.97,55.69,29.4,58.02,12.14,11.251,4.512,3.891,0.8895,0.6213,4123.66,50.71,650.54,8.8e-05,0.7725,0,Normal Clean
2026-01-11 08:45:00,17.111,32.919,142.46,49.34,26.86,55.2,11.804,11.059,4.486,3.923,0.7451,0.5631,3903.37,47.76,653.8,7.2e-05,0.8055,0,Normal Clean
2026-01-11 09:00:00,18.075,33.509,144.61,54.83,27.91,56.27,12.097,11.288,4.711,4.126,0.8087,0.5849,3975.73,51.68,615.4,0.000131,0.7693,0,Normal Clean
2026-01-11 09:15:00,19.284,30.072,148.33,60.9,29.13,61.96,12.004,11.089,4.5,4.013,0.9146,0.4866,4130.71,54.6,605.25,0.000144,0.7334,0,Normal Clean
2026-01-11 09:30:00,17.156,30.68,142.85,51.55,26.91,56.81,11.935,11.204,4.473,3.975,0.7313,0.4979,3837.5,49.1,625.22,0.000123,0.7875,0,Normal Clean
2026-01-11 09:45:00,19.89,32.915,141.02,57.45,28.79,58.36,12.121,11.189,4.457,3.892,0.9317,0.565,4072.81,50.98,639.1,9.4e-05,0.7446,0,Normal Clean
2026-01-11 10:00:00,18.395,31.58,143.96,55.47,27.87,58.06,11.779,10.964,4.457,3.922,0.8156,0.5348,3988.06,51.34,621.41,0.000113,0.7623,0,Normal Clean
2026-01-11 10:15:00,16.509,33.366,142.22,50.76,30.34,56.84,11.99,11.324,4.375,3.782,0.6659,0.5937,3699.51,45.41,651.81,0.000101,0.8175,0,Normal Clean
2026-01-11 10:30:00,20.204,32.487,140.98,58.57,28.76,58.77,11.767,10.73,4.641,4.076,1.0374,0.5644,4079.31,51.66,631.73,0.000113,0.7343,0,Normal Clean
2026-01-11 10:45:00,19.031,34.254,144.69,56.28,27.45,56.21,11.931,11.026,4.586,3.971,0.9044,0.6149,4122.18,53.2,619.92,0.00015,0.7541,0,Normal Clean
2026-01-11 11:00:00,16.666,34.803,145.19,52.38,28.73,54.76,12.335,11.642,4.556,3.937,0.6935,0.6187,3789.64,49.78,608.97,0.000154,0.797,0,Normal Clean
2026-01-11 11:15:00,19.015,31.781,144.16,55.1,28.33,59.53,11.713,10.81,4.693,4.141,0.9028,0.5519,4149.07,50.27,660.33,7.5e-05,0.7689,0,Normal Clean
2026-01-11 11:30:00,19.156,31.355,141.37,57.3,27.7,57.77,11.953,11.011,4.605,4.066,0.9421,0.5384,3945.55,52.01,606.85,0.000133,0.7396,0,Normal Clean
2026-01-11 11:45:00,16.861,34.717,145.96,52.26,28.24,54.89,12.323,11.607,4.634,4.003,0.7162,0.631,3870.28,50.31,615.41,0.000153,0.7959,0,Normal Clean
2026-01-11 12:00:00,18.06,30.856,145.34,55.75,27.51,58.22,12.1,11.291,4.338,3.838,0.8094,0.4997,3964.2,52.26,606.81,0.00017,0.7604,0,Normal Clean
2026-01-11 12:15:00,18.928,33.166,146.23,56.42,29.56,59.57,12.04,11.175,4.548,3.972,0.8649,0.5757,4164.85,51.06,652.6,9.8e-05,0.7698,0,Normal Clean
2026-01-11 12:30:00,19.907,31.832,143.99,59.44,28.19,59.15,11.929,10.933,4.503,3.962,0.9959,0.5414,4123.51,53.65,614.86,0.000122,0.7302,0,Normal Clean
2026-01-11 12:45:00,19.107,30.186,143.08,56.86,28.77,60.72,12.188,11.311,4.438,3.938,0.877,0.4997,4036.1,50.45,640.02,0.000112,0.7543,0,Normal Clean
2026-01-11 13:00:00,18.691,32.164,144.72,54.8,25.83,56.42,12.388,11.545,4.406,3.846,0.8422,0.5597,4117.38,53.24,618.73,0.000122,0.7563,0,Normal Clean
2026-01-11 13:15:00,19.694,33.467,144.24,57.72,28.07,57.89,12.082,11.124,4.324,3.738,0.9575,0.5864,4174.56,53.04,629.67,0.000113,0.7448,0,Normal Clean
2026-01-11 13:30:00,21.229,33.693,141.13,61.99,30.26,59.45,12.239,11.103,4.472,3.891,1.1354,0.5811,4115.84,52.83,623.27,0.000137,0.7138,0,Normal Clean
2026-01-11 13:45:00,21.13,29.873,145.55,59.49,25.39,61.04,11.92,10.857,4.542,4.046,1.0632,0.4963,4455.43,55.54,641.72,0.00012,0.7162,0,Normal Clean
2026-01-11 14:00:00,18.72,33.115,145.04,56.47,28.29,57.6,11.951,11.067,4.512,3.928,0.8842,0.5836,4061.8,52.34,620.84,0.000136,0.7585,0,Normal Clean
2026-01-11 14:15:00,20.023,26.991,144.78,62.13,29.71,65.61,11.727,10.755,4.54,4.162,0.9725,0.3781,4054.36,52.36,619.42,0.000167,0.7182,0,Normal Clean
2026-01-11 14:30:00,17.328,33.756,146.12,55.84,30.62,57.76,12.337,11.582,4.466,3.85,0.7547,0.6154,3832.68,50.36,608.82,0.000116,0.7816,0,Normal Clean
2026-01-11 14:45:00,17.281,31.59,145.24,51.21,26.56,56.68,11.649,10.89,4.479,3.949,0.7588,0.5298,3980.94,49.98,637.25,0.000104,0.7923,0,Normal Clean
2026-01-11 15:00:00,18.705,33.308,146.39,55.12,27.08,57.09,12.019,11.121,4.555,3.976,0.8987,0.5783,4182.12,52.89,632.59,0.000115,0.7649,0,Normal Clean
2026-01-11 15:15:00,19.078,32.294,141.33,57.25,28.69,57.77,11.78,10.902,4.594,4.035,0.8775,0.5589,3930.03,51.23,613.7,0.000132,0.7464,0,Normal Clean
2026-01-11 15:30:00,18.974,32.645,142.89,55.49,26.25,56.0,12.056,11.145,4.482,3.913,0.9118,0.5692,4062.96,52.94,614.02,0.00012,0.7493,0,Normal Clean
2026-01-11 15:45:00,20.607,30.592,143.85,58.35,26.25,59.97,11.638,10.579,4.572,4.071,1.0588,0.5011,4316.88,53.91,640.66,5.8e-05,0.7271,0,Normal Clean
2026-01-11 16:00:00,19.14,29.382,144.52,57.17,28.44,61.76,12.065,11.156,4.515,4.057,0.9095,0.458,4096.47,51.07,641.71,9.3e-05,0.7525,0,Normal Clean
2026-01-11 16:15:00,16.919,28.014,147.04,53.02,29.24,62.49,12.169,11.478,4.531,4.112,0.6911,0.419,3897.43,47.9,650.86,7e-05,0.7982,0,Normal Clean
2026-01-11 16:30:00,18.943,32.021,145.3,55.12,27.04,58.28,12.196,11.316,4.457,3.908,0.88,0.5491,4185.52,52.1,642.63,8.5e-05,0.7626,0,Normal Clean
2026-01-11 16:45:00,19.443,30.826,144.75,58.85,30.22,61.95,12.102,11.196,4.337,3.824,0.9054,0.513,4092.01,51.01,641.8,5.9e-05,0.7501,0,Normal Clean
2026-01-11 17:00:00,18.698,30.728,149.35,60.38,32.26,63.97,11.944,11.088,4.535,4.041,0.8566,0.494,4075.94,51.56,632.46,8.4e-05,0.7599,0,Normal Clean
2026-01-11 17:15:00,15.406,32.801,144.9,50.79,30.02,55.9,12.075,11.486,4.352,3.785,0.5883,0.5674,3552.17,46.89,606.0,0.000164,0.8192,0,Normal Clean
2026-01-11 17:30:00,19.86,29.615,147.41,62.11,29.08,62.58,11.596,10.636,4.632,4.135,0.9608,0.4969,4150.5,54.92,604.58,0.000154,0.7209,0,Normal Clean
2026-01-11 17:45:00,17.331,35.57,145.58,52.31,28.98,55.59,11.695,10.949,4.712,4.064,0.7451,0.6479,3960.45,49.37,641.71,0.000106,0.8,0,Normal Clean
2026-01-11 18:00:00,19.809,33.881,142.66,58.78,30.4,59.11,11.709,10.731,4.438,3.826,0.978,0.612,4070.44,51.1,637.31,9.4e-05,0.7472,0,Normal Clean
2026-01-11 18:15:00,18.778,34.064,146.98,55.82,29.18,58.61,11.77,10.921,4.552,3.943,0.8494,0.6095,4193.9,51.48,651.76,6.2e-05,0.7739,0,Normal Clean
2026-01-11 18:30:00,19.477,28.575,142.93,54.66,25.81,61.04,11.907,10.954,4.546,4.121,0.9538,0.4247,4211.99,50.84,662.75,6.6e-05,0.7536,0,Normal Clean
2026-01-11 18:45:00,17.867,34.777,141.92,52.02,28.02,55.06,12.105,11.317,4.339,3.711,0.7888,0.6277,3935.31,48.88,644.14,7.4e-05,0.7892,0,Normal Clean
2026-01-11 19:00:00,19.794,30.204,141.87,60.06,30.89,62.28,11.868,10.902,4.369,3.879,0.9668,0.49,3967.24,50.23,631.8,0.000108,0.7371,0,Normal Clean
2026-01-11 19:15:00,21.313,32.241,147.65,62.2,29.21,62.29,11.993,10.86,4.441,3.873,1.1325,0.5681,4462.01,55.09,647.91,0.000101,0.7214,0,Normal Clean
2026-01-11 19:30:00,20.735,30.867,146.75,61.94,30.01,63.37,11.821,10.795,4.451,3.922,1.0259,0.5298,4308.72,53.6,643.04,0.000112,0.7265,0,Normal Clean
2026-01-11 19:45:00,17.974,32.508,148.95,54.14,28.36,59.06,12.433,11.623,4.41,3.824,0.8107,0.5862,4175.2,51.33,650.73,7.6e-05,0.7862,0,Normal Clean
2026-01-11 20:00:00,19.057,34.07,145.17,58.55,30.52,58.89,12.48,11.595,4.553,3.935,0.8847,0.6178,4044.06,51.81,624.43,0.000138,0.7555,0,Normal Clean
2026-01-11 20:15:00,19.052,32.013,143.41,57.28,28.6,58.62,12.371,11.465,4.602,4.061,0.9059,0.5406,4020.23,51.76,621.31,0.000121,0.7502,0,Normal Clean
2026-01-11 20:30:00,19.95,31.144,142.99,59.24,30.91,62.33,11.91,10.915,4.515,3.985,0.9947,0.5308,4093.85,50.01,654.91,9.2e-05,0.7473,0,Normal Clean
2026-01-11 20:45:00,18.547,32.475,141.36,53.13,28.17,57.67,11.715,10.903,4.536,4.001,0.8122,0.5344,4009.47,48.54,660.75,6.1e-05,0.7795,0,Normal Clean
2026-01-11 21:00:00,20.025,32.59,147.18,59.14,27.75,59.43,12.536,11.595,4.44,3.874,0.9411,0.5652,4319.56,54.82,630.34,0.000123,0.7372,0,Normal Clean
2026-01-11 21:15:00,18.47,32.63,138.82,55.46,29.58,57.21,11.901,11.039,4.367,3.787,0.8619,0.58,3772.46,48.52,621.95,0.000137,0.7631,0,Normal Clean
2026-01-11 21:30:00,18.004,30.465,146.52,53.98,27.78,59.81,12.007,11.199,4.609,4.108,0.8076,0.5007,4082.25,50.56,645.98,8.6e-05,0.7794,0,Normal Clean
2026-01-11 21:45:00,17.951,33.426,145.63,53.04,26.64,55.76,12.261,11.46,4.33,3.738,0.8011,0.5926,4072.09,51.81,628.75,0.000165,0.7781,0,Normal Clean
2026-01-11 22:00:00,18.402,31.34,145.46,56.34,28.95,59.59,11.819,10.976,4.418,3.863,0.8433,0.5555,4018.23,51.18,628.1,9.8e-05,0.7649,0,Normal Clean
2026-01-11 22:15:00,19.111,33.178,147.82,57.57,27.7,58.14,12.398,11.494,4.441,3.849,0.904,0.5925,4225.93,54.4,621.46,0.000111,0.7514,0,Normal Clean
2026-01-11 22:30:00,17.981,36.394,142.9,55.78,29.77,54.98,12.171,11.397,4.499,3.822,0.7746,0.677,3838.22,50.83,604.04,0.000172,0.7701,0,Normal Clean
2026-01-11 22:45:00,16.721,34.423,146.55,52.14,29.18,56.03,12.118,11.361,4.517,3.878,0.7566,0.6392,3867.64,49.24,628.32,8.9e-05,0.8044,0,Normal Clean
2026-01-11 23:00:00,18.67,34.262,147.29,55.65,28.06,57.3,12.026,11.159,4.35,3.72,0.8671,0.6293,4191.57,52.79,635.25,0.000114,0.7685,0,Normal Clean
2026-01-11 23:15:00,16.835,33.902,148.59,53.28,29.35,57.06,11.967,11.21,4.604,3.985,0.757,0.6197,3931.09,50.39,624.05,0.0001,0.7993,0,Normal Clean
2026-01-11 23:30:00,16.574,32.305,145.95,53.56,30.3,58.06,12.262,11.566,4.586,4.036,0.6956,0.5509,3751.85,48.61,617.43,0.000107,0.7989,0,Normal Clean
2026-01-11 23:45:00,16.082,31.995,143.01,53.5,31.94,58.28,11.966,11.34,4.629,4.09,0.6263,0.5398,3526.72,46.15,611.32,0.000168,0.8059,0,Normal Clean
2026-01-12 00:00:00,18.238,31.579,149.64,57.82,28.57,59.62,12.096,11.256,4.554,4.007,0.8397,0.5474,4102.69,54.06,607.11,0.000169,0.7584,0,Normal Clean
2026-01-12 00:15:00,19.851,31.567,146.92,60.06,27.71,59.69,12.007,11.045,4.453,3.917,0.9618,0.5354,4224.67,55.32,610.9,0.000131,0.7286,0,Normal Clean
2026-01-12 00:30:00,17.505,32.039,143.93,52.74,28.12,57.29,12.024,11.235,4.404,3.833,0.7895,0.5711,3910.94,49.29,634.81,8.9e-05,0.7874,0,Normal Clean
2026-01-12 00:45:00,19.6,32.986,146.81,59.14,30.16,60.67,12.215,11.254,4.557,3.965,0.9606,0.5918,4210.35,52.47,641.95,8.9e-05,0.7516,0,Normal Clean
2026-01-12 01:00:00,16.265,31.037,143.79,47.93,25.55,54.96,12.299,11.618,4.364,3.832,0.6814,0.5316,3819.91,48.2,633.99,0.000123,0.8107,0,Normal Clean
2026-01-12 01:15:00,18.985,31.746,142.86,55.01,26.88,57.65,11.835,10.942,4.637,4.116,0.8925,0.5207,4086.26,51.5,634.79,0.000135,0.7575,0,Normal Clean
2026-01-12 01:30:00,17.506,30.641,146.22,56.5,31.58,61.59,12.201,11.452,4.627,4.13,0.7482,0.497,3847.96,48.84,630.25,6.7e-05,0.7826,0,Normal Clean
2026-01-12 01:45:00,18.29,32.237,145.91,55.96,27.98,57.86,11.884,11.052,4.304,3.748,0.8317,0.5561,4030.34,52.4,615.31,0.000166,0.7627,0,Normal Clean
2026-01-12 02:00:00,19.408,31.76,143.7,55.47,26.88,58.45,11.699,10.782,4.599,4.07,0.9169,0.5293,4195.12,51.86,647.14,5.6e-05,0.7552,0,Normal Clean
2026-01-12 02:15:00,19.781,31.374,139.37,56.92,27.72,58.16,11.969,11.019,4.478,3.941,0.9498,0.5367,3995.87,50.85,628.67,0.000122,0.7385,0,Normal Clean
2026-01-12 02:30:00,17.984,31.124,148.45,56.69,28.84,59.89,12.165,11.367,4.623,4.089,0.798,0.5339,4043.29,52.48,616.39,0.000147,0.7672,0,Normal Clean
2026-01-12 02:45:00,17.743,32.671,145.42,52.94,28.68,58.09,11.796,11.024,4.536,3.981,0.7727,0.5551,4020.21,49.24,653.18,8.7e-05,0.7922,0,Normal Clean
2026-01-12 03:00:00,18.438,30.611,142.79,55.09,28.16,59.09,11.699,10.857,4.399,3.89,0.8421,0.5096,3961.52,50.06,633.03,0.000123,0.765,0,Normal Clean
2026-01-12 03:15:00,19.672,28.331,142.36,58.86,28.25,62.2,12.066,11.098,4.409,3.966,0.9675,0.4427,4024.5,51.47,625.52,0.000121,0.7318,0,Normal Clean
2026-01-12 03:30:00,17.304,30.097,143.97,55.2,27.96,57.85,11.868,11.128,4.604,4.092,0.7404,0.5118,3763.55,51.15,588.61,0.000156,0.7652,0,Normal Clean
2026-01-12 03:45:00,17.981,34.291,144.84,53.89,28.09,56.02,12.068,11.232,4.819,4.19,0.8363,0.6283,4006.73,50.98,628.8,0.0001,0.779,0,Normal Clean
2026-01-12 04:00:00,17.151,32.146,142.88,52.01,28.23,56.62,11.828,11.106,4.503,3.943,0.722,0.5595,3818.18,48.49,629.92,0.000134,0.7926,0,Normal Clean
2026-01-12 04:15:00,20.081,33.033,145.14,59.13,28.96,59.58,12.09,11.145,4.575,4.02,0.9457,0.5558,4231.82,53.14,637.08,0.000109,0.7403,0,Normal Clean
2026-01-12 04:30:00,18.92,32.362,150.28,56.82,27.06,59.06,12.288,11.398,4.535,3.982,0.8901,0.5537,4331.97,54.87,631.63,0.000119,0.7585,0,Normal Clean
2026-01-12 04:45:00,19.411,31.597,144.8,57.2,28.42,59.93,12.053,11.092,4.357,3.81,0.9607,0.5473,4165.83,51.87,642.51,9.1e-05,0.7527,0,Normal Clean
2026-01-12 05:00:00,19.361,34.432,147.21,55.95,27.76,57.81,11.775,10.898,4.667,4.028,0.8774,0.6386,4329.07,53.03,653.04,6.4e-05,0.764,0,Normal Clean
2026-01-12 05:15:00,17.902,36.843,143.58,51.97,27.35,53.41,11.825,11.013,4.628,3.928,0.8117,0.6998,4018.01,50.49,636.6,0.000115,0.7882,0,Normal Clean
2026-01-12 05:30:00,19.265,33.566,149.27,60.94,29.81,59.5,12.088,11.186,4.59,4.0,0.9018,0.59,4169.25,55.37,602.4,0.000113,0.7394,0,Normal Clean
2026-01-12 05:45:00,19.833,32.702,147.81,58.01,26.37,58.27,12.208,11.241,4.711,4.148,0.9665,0.5624,4363.5,55.66,627.19,0.000142,0.7395,0,Normal Clean
2026-01-12 06:00:00,16.375,30.733,146.61,50.86,28.76,58.63,12.01,11.35,4.517,4.019,0.6604,0.4976,3841.09,47.69,644.38,9.5e-05,0.8124,0,Normal Clean
2026-01-12 06:15:00,15.996,31.471,142.28,50.06,28.12,55.57,11.81,11.162,4.51,4.006,0.6481,0.5044,3613.98,47.13,613.39,0.000129,0.8078,0,Normal Clean
2026-01-12 06:30:00,14.938,34.429,146.8,47.73,28.78,53.95,11.879,11.304,4.543,3.894,0.574,0.6492,3625.92,46.5,623.86,9.5e-05,0.8395,0,Normal Clean
2026-01-12 06:45:00,17.913,32.301,146.83,55.77,30.05,59.62,12.063,11.254,4.411,3.83,0.8086,0.5814,3996.41,50.36,634.87,0.000123,0.7798,0,Normal Clean
2026-01-12 07:00:00,17.952,29.561,145.17,54.88,26.77,58.88,11.789,10.987,4.428,3.95,0.8016,0.4777,3971.38,51.87,612.53,0.000117,0.7626,0,Normal Clean
2026-01-12 07:15:00,18.901,33.077,146.85,57.05,27.11,57.16,12.278,11.376,4.437,3.865,0.9018,0.5721,4158.18,54.46,610.86,0.000123,0.75,0,Normal Clean
2026-01-12 07:30:00,19.896,31.955,139.43,58.58,28.56,58.04,11.893,10.939,4.352,3.795,0.9537,0.5571,3940.82,51.5,612.11,0.000126,0.7292,0,Normal Clean
2026-01-12 07:45:00,17.931,32.04,139.89,51.79,26.02,54.9,12.122,11.271,4.538,3.97,0.851,0.568,3870.56,49.62,624.01,0.000124,0.7737,0,Normal Clean
2026-01-12 08:00:00,18.704,32.361,148.61,54.92,28.87,60.58,12.312,11.421,4.281,3.725,0.8909,0.5561,4293.47,50.9,674.81,5e-05,0.7825,0,Normal Clean
2026-01-12 08:15:00,20.343,35.21,145.19,60.59,31.71,60.33,11.994,10.949,4.479,3.827,1.0449,0.6519,4216.43,51.93,649.5,7.1e-05,0.7455,0,Normal Clean
2026-01-12 08:30:00,16.466,32.661,143.26,51.37,29.3,56.42,12.139,11.434,4.647,4.044,0.7057,0.6033,3706.87,47.28,627.16,0.000108,0.8063,0,Normal Clean
2026-01-12 08:45:00,17.674,35.24,143.63,52.06,26.72,53.61,12.059,11.273,4.572,3.931,0.7861,0.6409,3965.07,51.02,621.78,0.000102,0.7833,0,Normal Clean
2026-01-12 09:00:00,19.126,34.074,141.32,55.21,28.53,56.83,11.765,10.868,4.563,3.943,0.8962,0.62,4034.82,50.15,643.61,7.6e-05,0.7634,0,Normal Clean
2026-01-12 09:15:00,19.485,32.01,141.18,57.89,29.81,59.5,11.867,10.885,4.455,3.894,0.9817,0.5603,3976.38,50.19,633.79,0.000116,0.7479,0,Normal Clean
2026-01-12 09:30:00,18.826,31.907,148.78,55.1,26.03,58.4,12.204,11.333,4.582,4.024,0.8715,0.5585,4320.64,54.05,639.46,9.1e-05,0.7631,0,Normal Clean
2026-01-12 09:45:00,17.311,30.683,141.89,51.86,27.28,57.03,11.881,11.123,4.262,3.755,0.758,0.5077,3818.56,48.65,627.98,0.00012,0.7856,0,Normal Clean
2026-01-12 10:00:00,18.456,30.486,149.21,55.18,25.77,59.1,12.144,11.315,4.49,3.997,0.8287,0.4927,4251.35,54.21,627.34,0.000124,0.7617,0,Normal Clean
2026-01-12 10:15:00,16.358,30.339,145.23,50.4,28.45,58.39,11.604,10.926,4.486,3.99,0.6782,0.496,3800.82,47.18,644.47,6.8e-05,0.8121,0,Normal Clean
2026-01-12 10:30:00,21.269,30.661,144.2,61.75,27.92,61.41,11.863,10.74,4.61,4.096,1.1227,0.5143,4296.66,54.7,628.34,0.000101,0.7091,0,Normal Clean
2026-01-12 10:45:00,18.753,30.558,146.14,58.25,27.4,58.98,12.149,11.298,4.648,4.147,0.8506,0.5015,4038.22,54.22,595.87,0.000164,0.7402,0,Normal Clean
2026-01-12 11:00:00,19.396,31.936,142.99,56.26,26.62,57.46,12.317,11.395,4.596,4.05,0.9226,0.5459,4121.5,52.74,625.17,0.000122,0.7453,0,Normal Clean
2026-01-12 11:15:00,17.553,32.795,145.43,53.76,28.43,57.16,12.335,11.55,4.496,3.921,0.7852,0.5757,3942.0,50.41,625.55,0.000121,0.7835,0,Normal Clean
2026-01-12 11:30:00,19.099,32.494,145.06,57.44,29.54,59.7,11.758,10.859,4.663,4.091,0.8999,0.5727,4099.8,51.38,638.29,0.000132,0.7585,0,Normal Clean
2026-01-12 11:45:00,18.522,35.208,144.08,54.13,27.96,55.66,12.293,11.423,4.515,3.836,0.8697,0.6784,4081.68,51.13,638.62,7.9e-05,0.7746,0,Normal Clean
2026-01-12 12:00:00,17.313,31.255,145.28,52.01,28.07,58.32,12.256,11.491,4.654,4.105,0.7649,0.5492,3956.36,48.85,647.86,9e-05,0.7958,0,Normal Clean
2026-01-12 12:15:00,19.309,30.33,145.48,59.44,30.19,62.26,11.959,11.055,4.513,4.021,0.904,0.4923,4070.46,51.61,630.91,0.000102,0.7463,0,Normal Clean
2026-01-12 12:30:00,19.417,35.551,148.46,55.01,25.98,55.87,12.171,11.229,4.434,3.748,0.9419,0.6857,4445.49,54.79,649.04,6.8e-05,0.763,0,Normal Clean
2026-01-12 12:45:00,19.182,34.117,141.79,55.97,28.03,56.28,11.786,10.883,4.495,3.898,0.9034,0.5965,4032.98,51.47,626.88,7.4e-05,0.7544,0,Normal Clean
2026-01-12 13:00:00,17.689,34.381,142.85,55.94,30.13,56.31,12.325,11.555,4.305,3.674,0.7693,0.6308,3766.61,50.2,600.26,0.000123,0.771,0,Normal Clean
2026-01-12 13:15:00,20.923,33.625,145.81,60.39,27.97,59.09,12.337,11.28,4.715,4.114,1.0567,0.6008,4378.53,55.19,634.67,0.000104,0.7248,0,Normal Clean
2026-01-12 13:30:00,17.596,31.468,145.52,55.14,27.4,56.99,11.793,11.014,4.422,3.907,0.779,0.515,3896.19,52.38,595.03,0.000136,0.7651,0,Normal Clean
2026-01-12 13:45:00,18.919,37.914,146.74,58.76,32.1,57.81,12.114,11.236,4.437,3.685,0.8778,0.7523,4077.92,51.68,631.2,0.00012,0.7675,0,Normal Clean
2026-01-12 14:00:00,20.364,32.072,143.33,59.81,28.54,59.59,12.083,11.058,4.508,3.95,1.0253,0.5579,4166.97,53.27,625.83,0.000104,0.7276,0,Normal Clean
2026-01-12 14:15:00,19.384,32.267,143.39,57.45,28.39,58.62,11.934,10.997,4.588,4.016,0.9369,0.5725,4081.39,52.04,627.46,0.00011,0.7473,0,Normal Clean
2026-01-12 14:30:00,19.012,30.822,145.28,57.74,29.66,61.28,11.813,10.902,4.367,3.864,0.9109,0.5029,4077.24,51.03,639.14,8.7e-05,0.7571,0,Normal Clean
2026-01-12 14:45:00,18.037,32.344,145.27,54.78,27.66,57.21,11.958,11.142,4.724,4.144,0.8161,0.579,3998.84,51.74,618.33,0.000114,0.7694,0,Normal Clean
2026-01-12 15:00:00,17.874,35.455,141.89,52.17,26.42,52.9,11.932,11.15,4.494,3.839,0.7817,0.6542,3928.82,51.0,616.32,0.000144,0.777,0,Normal Clean
2026-01-12 15:15:00,19.733,28.709,149.04,58.22,27.49,64.04,11.845,10.848,4.574,4.131,0.9971,0.4429,4391.09,53.34,658.53,5.9e-05,0.7472,0,Normal Clean
2026-01-12 15:30:00,17.874,30.36,148.06,53.6,27.42,59.99,12.169,11.359,4.554,4.065,0.8104,0.4881,4136.44,51.02,648.65,7.4e-05,0.783,0,Normal Clean
2026-01-12 15:45:00,18.445,30.591,142.6,56.32,28.43,58.89,11.831,10.98,4.419,3.908,0.8509,0.5112,3898.93,50.79,614.17,0.00014,0.7557,0,Normal Clean
2026-01-12 16:00:00,19.8,30.701,142.82,57.01,26.88,59.29,11.99,11.047,4.558,4.067,0.9426,0.4906,4163.03,52.36,636.01,9.9e-05,0.7402,0,Normal Clean
2026-01-12 16:15:00,18.824,36.073,143.74,54.99,27.35,54.47,12.112,11.228,4.444,3.758,0.8836,0.6861,4092.83,52.57,622.86,0.00012,0.7625,0,Normal Clean
2026-01-12 16:30:00,20.147,29.716,143.33,57.7,27.16,61.15,11.997,10.994,4.473,4.0,1.0025,0.4728,4226.54,52.17,648.08,8.8e-05,0.7371,0,Normal Clean
2026-01-12 16:45:00,18.777,28.11,143.95,57.56,29.51,63.3,11.915,10.99,4.426,4.0,0.9249,0.4262,3974.08,49.81,638.32,0.000107,0.7549,0,Normal Clean
2026-01-12 17:00:00,17.555,31.154,144.41,52.81,27.27,57.49,11.49,10.719,4.539,4.025,0.7711,0.5134,3939.52,50.12,628.76,0.000101,0.7819,0,Normal Clean
2026-01-12 17:15:00,18.148,33.622,143.47,55.67,31.22,58.97,11.949,11.137,4.515,3.914,0.8115,0.6008,3903.71,48.43,644.85,9.7e-05,0.7821,0,Normal Clean
2026-01-12 17:30:00,18.693,33.015,146.11,54.54,26.7,57.06,11.522,10.661,4.535,3.964,0.8604,0.5709,4193.54,52.64,637.33,6.7e-05,0.7669,0,Normal Clean
2026-01-12 17:45:00,21.372,33.301,145.47,60.96,27.73,59.49,11.951,10.839,4.617,4.008,1.1116,0.6092,4424.97,55.49,637.92,0.000114,0.7177,0,Normal Clean
2026-01-12 18:00:00,19.77,31.437,145.28,61.9,30.45,61.15,11.791,10.824,4.52,3.954,0.967,0.5666,4038.11,53.54,603.41,0.000154,0.7261,0,Normal Clean
2026-01-12 18:15:00,20.781,29.141,142.83,62.99,30.24,63.58,11.625,10.578,4.339,3.874,1.0468,0.4655,4064.92,52.62,618.0,0.000133,0.7091,0,Normal Clean
2026-01-12 18:30:00,19.029,31.68,140.11,54.77,26.62,56.64,12.284,11.413,4.519,3.98,0.8709,0.5384,3978.95,50.89,625.49,0.000131,0.752,0,Normal Clean
2026-01-12 18:45:00,18.275,29.481,145.45,53.14,26.01,59.51,12.033,11.208,4.637,4.156,0.8248,0.4818,4133.08,51.01,648.21,8.6e-05,0.7728,0,Normal Clean
2026-01-12 19:00:00,19.896,31.724,146.79,58.65,27.41,59.78,12.007,11.013,4.464,3.924,0.9935,0.5399,4296.18,54.45,631.24,0.000136,0.7383,0,Normal Clean
2026-01-12 19:15:00,20.541,35.248,144.42,57.89,27.44,56.97,12.122,11.092,4.555,3.893,1.0309,0.6622,4354.6,54.02,644.86,9.7e-05,0.7397,0,Normal Clean
2026-01-12 19:30:00,19.693,32.119,143.84,57.68,27.73,58.66,11.651,10.686,4.482,3.919,0.9647,0.5624,4156.78,52.84,629.33,0.000155,0.742,0,Normal Clean
2026-01-12 19:45:00,19.451,36.217,145.36,56.09,26.43,54.51,12.17,11.25,4.687,3.982,0.9196,0.7048,4254.08,54.67,622.56,0.000139,0.7506,0,Normal Clean
2026-01-12 20:00:00,19.05,33.635,145.83,56.29,27.43,57.13,12.111,11.238,4.586,3.956,0.8732,0.6296,4179.21,53.3,627.27,9.1e-05,0.7562,0,Normal Clean
2026-01-12 20:15:00,19.114,33.092,142.31,57.17,29.11,57.9,12.055,11.12,4.342,3.758,0.9346,0.5834,3986.83,51.17,623.34,8.5e-05,0.7521,0,Normal Clean
2026-01-12 20:30:00,18.267,34.301,141.54,52.87,27.1,54.76,11.83,10.981,4.472,3.856,0.8487,0.6159,3968.41,50.25,631.84,0.000152,0.7749,0,Normal Clean
2026-01-12 20:45:00,17.592,34.656,141.38,51.3,27.5,54.28,11.861,11.094,4.384,3.749,0.7664,0.6355,3882.73,48.79,636.61,8.6e-05,0.791,0,Normal Clean
2026-01-12 21:00:00,19.472,31.733,147.06,59.65,28.88,60.29,12.114,11.149,4.639,4.099,0.9654,0.5401,4170.24,54.02,617.63,8e-05,0.7397,0,Normal Clean
2026-01-12 21:15:00,15.359,34.401,143.22,47.86,28.49,53.42,11.955,11.375,4.371,3.732,0.5802,0.6389,3588.18,45.92,625.18,0.000116,0.8312,0,Normal Clean
2026-01-12 21:30:00,20.257,34.133,146.23,58.33,28.43,58.98,11.757,10.721,4.475,3.859,1.0354,0.6167,4362.3,53.55,651.68,9.1e-05,0.7462,0,Normal Clean
2026-01-12 21:45:00,19.235,30.892,149.64,60.25,28.06,60.66,12.06,11.177,4.435,3.916,0.8839,0.5191,4212.77,55.86,603.39,0.000151,0.7353,0,Normal Clean
2026-01-12 22:00:00,17.764,31.39,148.63,53.77,26.32,57.75,11.855,11.035,4.423,3.881,0.8198,0.5418,4128.44,52.98,623.38,0.00012,0.7756,0,Normal Clean
2026-01-12 22:15:00,19.524,31.81,144.33,58.9,30.49,61.2,12.108,11.175,4.645,4.088,0.9328,0.5571,4086.43,50.96,641.48,7.4e-05,0.7505,0,Normal Clean
2026-01-12 22:30:00,17.846,32.249,145.74,53.81,27.12,56.91,12.29,11.488,4.388,3.852,0.8018,0.5367,4019.4,51.68,622.17,0.000158,0.775,0,Normal Clean
2026-01-12 22:45:00,19.349,32.675,141.8,54.97,26.72,56.83,12.228,11.332,4.531,3.953,0.8957,0.578,4115.93,51.51,639.22,7.4e-05,0.7545,0,Normal Clean
2026-01-12 23:00:00,19.665,29.708,145.34,56.67,26.65,61.02,11.948,11.012,4.466,3.975,0.9354,0.4909,4272.03,52.58,649.96,5.8e-05,0.7471,0,Normal Clean
2026-01-12 23:15:00,19.753,29.026,143.09,60.1,30.17,63.24,12.049,11.036,4.519,4.057,1.013,0.4624,4016.36,50.87,631.6,8.6e-05,0.735,0,Normal Clean
2026-01-12 23:30:00,19.849,34.183,143.96,57.33,26.58,56.04,11.99,11.017,4.413,3.796,0.973,0.6166,4213.17,54.42,619.38,0.000142,0.7381,0,Normal Clean
2026-01-12 23:45:00,15.864,32.848,147.47,50.25,28.67,56.16,11.872,11.208,4.386,3.788,0.6637,0.5986,3778.59,48.34,625.32,0.000106,0.8183,0,Normal Clean
2026-01-13 00:00:00,16.297,31.677,147.4,50.89,27.45,56.53,11.705,11.055,4.484,3.946,0.6502,0.538,3853.29,49.77,619.42,0.000163,0.8046,0,Normal Clean
2026-01-13 00:15:00,19.408,30.454,142.29,57.33,26.23,57.94,12.07,11.15,4.531,4.04,0.9206,0.491,4040.0,53.37,605.58,0.000132,0.7321,0,Normal Clean
2026-01-13 00:30:00,17.648,33.174,147.1,51.43,24.69,54.49,11.869,11.065,4.732,4.138,0.8045,0.5935,4136.57,53.02,624.1,0.000151,0.7816,0,Normal Clean
2026-01-13 00:45:00,18.114,32.31,143.53,53.08,28.02,57.71,11.766,10.944,4.421,3.868,0.8223,0.5534,4013.79,49.36,650.5,7.6e-05,0.783,0,Normal Clean
2026-01-13 01:00:00,20.102,33.689,146.26,58.8,28.23,58.79,12.064,11.078,4.619,4.01,0.9858,0.6085,4307.24,54.13,636.6,0.000132,0.741,0,Normal Clean
2026-01-13 01:15:00,18.519,33.619,147.29,54.12,27.65,57.71,11.698,10.862,4.525,3.916,0.8364,0.6086,4227.36,51.76,653.35,9.1e-05,0.7788,0,Normal Clean
2026-01-13 01:30:00,19.919,29.22,146.3,59.72,27.98,62.54,12.113,11.146,4.452,3.991,0.9672,0.4611,4225.33,53.61,630.58,0.000154,0.7318,0,Normal Clean
2026-01-13 01:45:00,16.891,28.972,148.29,52.2,26.57,59.37,11.935,11.247,4.632,4.181,0.6879,0.4515,3976.42,50.88,625.23,0.000123,0.7894,0,Normal Clean
2026-01-13 02:00:00,17.722,28.559,144.45,52.02,25.97,59.55,12.041,11.271,4.381,3.934,0.7702,0.4472,4013.18,49.81,644.5,9.7e-05,0.7801,0,Normal Clean
2026-01-13 02:15:00,14.505,32.445,144.25,44.18,26.52,52.72,12.063,11.514,4.617,4.067,0.549,0.5498,3555.88,44.9,633.63,9.2e-05,0.85,0,Normal Clean
2026-01-13 02:30:00,16.245,28.765,145.41,53.17,29.29,59.79,11.676,10.983,4.545,4.095,0.6937,0.4504,3670.76,48.35,607.37,0.000123,0.7943,0,Normal Clean
2026-01-13 02:45:00,17.38,31.541,148.78,55.8,31.31,61.31,12.025,11.273,4.6,4.06,0.7517,0.5397,3958.91,49.47,640.16,0.000126,0.7915,0,Normal Clean
2026-01-13 03:00:00,20.058,33.105,149.57,62.68,31.35,62.18,11.965,10.971,4.419,3.827,0.9939,0.592,4270.25,54.65,625.1,0.000111,0.735,0,Normal Clean
2026-01-13 03:15:00,17.07,31.625,143.67,51.51,28.89,58.02,11.99,11.281,4.563,4.008,0.7084,0.5549,3854.26,47.34,651.39,7e-05,0.803,0,Normal Clean
2026-01-13 03:30:00,18.616,35.322,147.57,56.22,26.62,54.81,12.484,11.644,4.497,3.853,0.8398,0.6438,4166.55,55.3,602.79,0.000107,0.7553,0,Normal Clean
2026-01-13 03:45:00,17.39,32.815,145.47,52.85,28.93,57.68,12.242,11.496,4.471,3.864,0.7458,0.6075,3946.49,49.12,642.74,0.000104,0.7948,0,Normal Clean
2026-01-13 04:00:00,17.975,30.38,146.05,53.61,26.99,59.01,12.099,11.31,4.417,3.932,0.7888,0.4847,4070.69,51.0,638.56,0.000123,0.7764,0,Normal Clean
2026-01-13 04:15:00,19.192,33.689,148.05,56.49,26.88,57.42,12.119,11.231,4.453,3.835,0.888,0.6179,4305.18,54.55,631.4,0.000117,0.7556,0,Normal Clean
2026-01-13 04:30:00,19.172,28.425,145.69,58.12,26.84,61.43,12.219,11.294,4.355,3.902,0.9255,0.4537,4113.67,53.46,615.54,0.000117,0.7368,0,Normal Clean
2026-01-13 04:45:00,20.132,33.574,144.97,57.22,26.07,56.89,11.887,10.868,4.659,4.055,1.0189,0.6038,4328.19,54.77,632.22,0.000104,0.7381,0,Normal Clean
2026-01-13 05:00:00,19.551,33.783,146.11,58.01,25.3,55.16,11.932,10.986,4.73,4.118,0.9459,0.6127,4220.18,56.96,592.75,0.000156,0.7292,0,Normal Clean
2026-01-13 05:15:00,20.038,32.086,140.88,58.65,28.65,58.72,11.839,10.866,4.378,3.813,0.9737,0.565,4036.85,51.78,623.66,0.000163,0.7326,0,Normal Clean
2026-01-13 05:30:00,19.068,32.182,146.74,55.15,24.37,56.15,12.022,11.117,4.396,3.831,0.9047,0.5643,4278.84,55.41,617.82,0.000149,0.7485,0,Normal Clean
2026-01-13 05:45:00,19.253,33.003,142.97,54.95,26.84,56.91,12.045,11.12,4.431,3.807,0.9247,0.6231,4151.93,51.79,641.38,9.9e-05,0.758,0,Normal Clean
2026-01-13 06:00:00,15.697,30.532,144.0,50.05,29.29,57.57,12.175,11.538,4.413,3.909,0.6375,0.5044,3612.84,46.05,627.69,0.00012,0.819,0,Normal Clean
2026-01-13 06:15:00,17.873,31.924,146.27,54.29,28.82,58.97,12.177,11.386,4.521,3.986,0.791,0.5351,4027.47,50.19,641.91,8.4e-05,0.7831,0,Normal Clean
2026-01-13 06:30:00,19.301,32.326,147.5,58.02,28.0,59.29,11.652,10.778,4.464,3.903,0.8746,0.5616,4231.46,53.99,627.0,0.000137,0.7488,0,Normal Clean
2026-01-13 06:45:00,17.748,30.687,143.98,53.58,26.93,57.55,12.137,11.361,4.427,3.933,0.7754,0.4933,3930.75,50.81,618.95,0.000127,0.7724,0,Normal Clean
2026-01-13 07:00:00,16.711,34.085,147.06,51.87,28.72,56.05,12.271,11.558,4.545,3.932,0.7131,0.6128,3897.5,49.57,629.04,0.000134,0.8044,0,Normal Clean
2026-01-13 07:15:00,19.072,29.51,144.7,57.32,28.4,61.47,11.913,10.985,4.531,4.054,0.9276,0.4779,4082.89,51.38,635.76,0.000108,0.7513,0,Normal Clean
2026-01-13 07:30:00,18.741,30.275,146.68,56.61,28.5,61.14,12.257,11.372,4.505,4.016,0.8845,0.4891,4135.5,51.61,641.07,0.0001,0.7621,0,Normal Clean
2026-01-13 07:45:00,18.384,30.442,144.96,55.33,27.12,58.82,11.926,11.079,4.468,3.942,0.8466,0.5261,4037.11,51.89,622.38,0.000133,0.7606,0,Normal Clean
2026-01-13 08:00:00,19.526,32.962,145.82,58.77,29.3,59.49,12.018,11.067,4.598,4.015,0.9513,0.5837,4164.1,52.9,629.68,0.000115,0.747,0,Normal Clean
2026-01-13 08:15:00,19.696,33.6,145.88,59.73,28.9,58.47,12.254,11.315,4.485,3.908,0.9388,0.5774,4157.49,54.29,612.62,0.000118,0.7365,0,Normal Clean
2026-01-13 08:30:00,17.6,33.059,146.8,51.81,27.02,56.64,11.973,11.209,4.413,3.84,0.7641,0.5726,4096.31,50.63,647.31,6.3e-05,0.7931,0,Normal Clean
2026-01-13 08:45:00,19.86,32.918,146.98,60.86,29.94,60.36,11.835,10.893,4.464,3.854,0.9424,0.6102,4190.53,54.07,620.0,0.000112,0.7358,0,Normal Clean
2026-01-13 09:00:00,18.428,30.18,144.65,52.89,24.66,57.47,11.992,11.139,4.582,4.058,0.8537,0.5239,4143.03,52.28,633.99,6.7e-05,0.7648,0,Normal Clean
2026-01-13 09:15:00,16.898,31.846,149.85,53.17,29.66,59.7,11.897,11.186,4.521,3.991,0.7113,0.5293,4002.66,49.59,645.74,8.1e-05,0.8044,0,Normal Clean
2026-01-13 09:30:00,18.45,35.087,145.21,54.24,27.5,55.51,12.151,11.29,4.484,3.842,0.8604,0.6418,4112.03,52.01,632.45,0.000123,0.7729,0,Normal Clean
2026-01-13 09:45:00,17.898,30.852,145.71,53.23,28.94,60.36,11.975,11.173,4.529,4.008,0.802,0.5207,4055.1,48.58,667.74,8.8e-05,0.792,0,Normal Clean
2026-01-13 10:00:00,19.026,31.527,148.23,57.51,27.56,59.62,12.211,11.339,4.467,3.94,0.8722,0.5265,4228.73,54.08,625.54,9.9e-05,0.7518,0,Normal Clean
2026-01-13 10:15:00,21.889,29.023,145.02,65.19,29.71,64.97,12.207,11.057,4.585,4.133,1.1499,0.452,4281.43,54.77,625.34,0.000134,0.6924,0,Normal Clean
2026-01-13 10:30:00,19.985,34.362,142.79,57.48,27.77,56.82,11.971,11.01,4.497,3.893,0.9612,0.6042,4176.84,52.95,631.04,0.000143,0.7417,0,Normal Clean
2026-01-13 10:45:00,17.918,31.406,148.89,55.36,29.39,60.63,12.23,11.406,4.582,4.06,0.8232,0.5221,4105.58,50.92,645.01,7.5e-05,0.7826,0,Normal Clean
2026-01-13 11:00:00,20.074,29.945,146.25,58.62,26.13,60.53,12.019,11.032,4.574,4.114,0.9871,0.4603,4309.76,54.87,628.35,0.000134,0.7295,0,Normal Clean
2026-01-13 11:15:00,19.967,32.078,141.66,56.07,26.3,57.5,12.003,11.055,4.46,3.903,0.9481,0.5566,4186.93,52.34,640.0,9.2e-05,0.742,0,Normal Clean
2026-01-13 11:30:00,19.748,32.709,144.7,57.26,29.39,60.3,11.808,10.866,4.478,3.913,0.9417,0.5649,4230.37,51.02,663.38,8e-05,0.7583,0,Normal Clean
2026-01-13 11:45:00,18.546,33.017,143.78,54.98,28.31,57.52,12.13,11.279,4.566,3.983,0.8512,0.5837,4034.64,50.77,635.81,9.1e-05,0.769,0,Normal Clean
2026-01-13 12:00:00,19.799,34.909,145.76,69.2,26.85,52.28,11.661,10.205,4.604,3.968,1.4559,0.6359,3714.03,64.58,460.12,0.000704,0.6439,1,Tube-Side Fouled
2026-01-13 12:15:00,18.518,27.987,146.83,69.92,27.17,56.97,11.569,10.357,4.419,3.968,1.2115,0.4505,3489.49,63.42,440.21,0.000782,0.6428,1,Tube-Side Fouled
2026-01-13 12:30:00,18.385,33.358,146.71,64.84,26.07,52.49,12.295,11.037,4.358,3.752,1.2572,0.6055,3687.54,62.44,472.42,0.000665,0.6786,1,Tube-Side Fouled
2026-01-13 12:45:00,18.192,33.099,144.18,71.37,30.73,54.16,12.038,10.82,4.468,3.869,1.2189,0.5992,3244.91,62.09,418.06,0.000902,0.6417,1,Tube-Side Fouled
2026-01-13 13:00:00,17.71,35.778,142.42,60.63,28.22,51.93,12.119,11.033,4.563,3.844,1.0854,0.7192,3548.89,56.57,501.86,0.000535,0.7162,1,Tube-Side Fouled
2026-01-13 13:15:00,16.626,31.158,142.13,62.49,27.0,51.88,12.007,10.778,4.536,3.958,1.2284,0.5783,3244.04,58.67,442.32,0.000851,0.6917,1,Tube-Side Fouled
2026-01-13 13:30:00,19.191,30.185,140.69,67.6,28.47,55.68,11.894,10.661,4.402,3.883,1.2331,0.5194,3436.95,59.13,464.98,0.000729,0.6513,1,Tube-Side Fouled
2026-01-13 13:45:00,18.377,29.679,146.84,67.41,26.36,55.16,12.004,10.801,4.466,3.954,1.203,0.5114,3576.07,63.01,454.01,0.000762,0.6592,1,Tube-Side Fouled
2026-01-13 14:00:00,14.138,35.766,146.38,54.37,26.85,48.14,11.775,10.908,4.45,3.72,0.8675,0.7308,3186.79,55.58,458.73,0.000672,0.7697,1,Tube-Side Fouled
2026-01-13 14:15:00,19.259,32.227,146.27,67.93,27.4,54.81,12.26,10.673,4.46,3.893,1.5866,0.5671,3695.98,62.58,472.47,0.000584,0.659,1,Tube-Side Fouled
2026-01-13 14:30:00,19.937,33.252,145.66,73.75,28.0,53.24,11.788,10.451,4.282,3.648,1.3368,0.6336,3512.59,66.37,423.39,0.000908,0.6112,1,Tube-Side Fouled
2026-01-13 14:45:00,19.979,33.727,146.89,72.27,26.06,51.95,12.133,10.429,4.538,3.89,1.7039,0.6477,3652.65,67.68,431.77,0.000867,0.6176,1,Tube-Side Fouled
2026-01-13 15:00:00,19.624,31.152,146.98,70.3,29.41,57.69,12.073,10.398,4.667,4.121,1.6748,0.5459,3686.37,61.97,475.88,0.000636,0.6522,1,Tube-Side Fouled
2026-01-13 15:15:00,17.131,32.555,144.81,63.34,28.81,53.92,11.995,10.997,4.466,3.872,0.9979,0.5937,3419.2,58.23,469.73,0.000656,0.7023,1,Tube-Side Fouled
2026-01-13 15:30:00,19.528,32.349,150.64,74.58,28.24,55.13,11.89,10.294,4.767,4.165,1.596,0.6025,3639.1,67.99,428.21,0.000884,0.6214,1,Tube-Side Fouled
2026-01-13 15:45:00,16.91,31.686,143.19,61.7,28.54,54.0,12.067,11.067,4.548,3.959,0.9998,0.5892,3375.91,56.63,476.9,0.000635,0.7107,1,Tube-Side Fouled
2026-01-13 16:00:00,17.124,29.244,143.18,66.21,29.57,55.96,12.243,11.0,4.408,3.918,1.2432,0.4892,3229.47,58.32,443.01,0.00082,0.6775,1,Tube-Side Fouled
2026-01-13 16:15:00,18.542,32.187,147.29,73.34,28.61,53.56,11.413,10.205,4.369,3.774,1.2076,0.5946,3359.3,66.24,405.73,0.000913,0.6231,1,Tube-Side Fouled
2026-01-13 16:30:00,16.994,29.361,145.0,69.13,30.69,56.4,12.34,11.31,4.556,4.076,1.0297,0.4803,3158.84,60.07,420.69,0.00083,0.6637,1,Tube-Side Fouled
2026-01-13 16:45:00,18.616,27.861,145.42,64.82,24.35,55.89,12.218,10.73,4.552,4.109,1.4877,0.4435,3676.18,61.79,475.97,0.000622,0.6657,1,Tube-Side Fouled
2026-01-13 17:00:00,18.473,31.647,148.64,67.5,26.31,54.05,11.876,10.559,4.308,3.731,1.317,0.577,3672.59,64.23,457.45,0.000736,0.6634,1,Tube-Side Fouled
2026-01-13 17:15:00,19.045,31.163,143.6,65.4,27.41,55.4,11.7,10.355,4.504,3.962,1.3451,0.5422,3648.81,59.61,489.7,0.000595,0.6731,1,Tube-Side Fouled
2026-01-13 17:30:00,16.651,32.695,144.1,64.14,27.67,51.52,12.231,11.009,4.431,3.853,1.2221,0.5777,3261.87,60.23,433.23,0.000829,0.6867,1,Tube-Side Fouled
2026-01-13 17:45:00,16.525,31.296,142.78,60.28,27.22,52.73,11.956,10.832,4.572,4.011,1.124,0.5606,3340.25,56.87,469.92,0.000644,0.714,1,Tube-Side Fouled
2026-01-13 18:00:00,16.564,32.125,143.58,66.54,29.45,52.71,11.711,10.657,4.446,3.872,1.0538,0.5734,3126.52,60.01,416.77,0.00092,0.675,1,Tube-Side Fouled
2026-01-13 18:15:00,20.357,32.308,145.33,71.64,25.46,52.65,12.072,10.598,4.616,4.016,1.4733,0.6001,3675.61,66.76,440.49,0.000839,0.6148,1,Tube-Side Fouled
2026-01-13 18:30:00,16.347,29.982,147.22,66.63,29.31,55.04,11.69,10.541,4.58,4.076,1.1497,0.5037,3227.61,60.67,425.61,0.000909,0.6835,1,Tube-Side Fouled
2026-01-13 18:45:00,17.722,34.973,144.7,60.5,26.62,51.6,11.857,10.458,4.513,3.825,1.3993,0.6873,3655.67,58.59,499.17,0.000555,0.713,1,Tube-Side Fouled
2026-01-13 19:00:00,18.87,32.84,144.76,71.77,28.03,52.59,11.97,10.492,4.602,4.019,1.478,0.5826,3374.37,64.97,415.47,0.000907,0.6253,1,Tube-Side Fouled
2026-01-13 19:15:00,18.11,31.433,144.12,64.93,29.08,55.8,11.937,10.658,4.639,4.054,1.2788,0.5859,3513.28,58.19,482.98,0.000574,0.6884,1,Tube-Side Fouled
2026-01-13 19:30:00,17.715,33.056,143.08,66.43,28.17,52.22,11.761,10.441,4.434,3.805,1.3203,0.6292,3326.78,60.81,437.65,0.000822,0.6671,1,Tube-Side Fouled
2026-01-13 19:45:00,19.024,30.843,146.18,66.01,27.56,56.52,11.602,10.176,4.594,4.04,1.4258,0.554,3736.67,60.48,494.26,0.000586,0.6759,1,Tube-Side Fouled
2026-01-13 20:00:00,19.52,34.949,144.89,69.8,27.75,52.31,11.857,10.238,4.554,3.854,1.6192,0.7001,3591.09,64.02,448.73,0.000763,0.641,1,Tube-Side Fouled
2026-01-13 20:15:00,17.772,30.939,142.8,64.19,28.83,55.27,11.8,10.395,4.608,4.082,1.405,0.526,3422.75,57.56,475.71,0.000673,0.6897,1,Tube-Side Fouled
2026-01-13 20:30:00,18.118,31.521,141.5,66.05,27.27,52.67,12.086,10.725,4.472,3.898,1.3604,0.5745,3349.08,60.39,443.68,0.000746,0.6605,1,Tube-Side Fouled
2026-01-13 20:45:00,16.234,30.074,146.99,67.44,30.92,56.06,12.073,10.864,4.61,4.095,1.2099,0.5154,3163.67,59.65,424.3,0.000881,0.6853,1,Tube-Side Fouled
2026-01-13 21:00:00,17.22,31.879,145.69,65.54,27.61,52.96,12.078,10.986,4.582,4.016,1.0918,0.5664,3381.66,61.3,441.32,0.000808,0.6788,1,Tube-Side Fouled
2026-01-13 21:15:00,19.324,33.252,145.48,72.44,28.01,52.87,11.815,10.546,4.272,3.672,1.2692,0.5994,3458.17,65.59,421.76,0.000861,0.6218,1,Tube-Side Fouled
2026-01-13 21:30:00,17.431,33.182,148.4,68.29,29.6,54.24,12.121,10.974,4.352,3.738,1.1468,0.6142,3420.87,62.37,438.77,0.000807,0.6743,1,Tube-Side Fouled
2026-01-13 21:45:00,15.729,32.178,143.03,57.94,26.82,51.18,11.929,11.09,4.487,3.889,0.8392,0.5974,3278.99,56.11,467.51,0.000668,0.7322,1,Tube-Side Fouled
2026-01-13 22:00:00,15.072,31.479,147.3,58.15,26.41,51.41,12.143,11.252,4.616,4.038,0.8909,0.5775,3292.1,58.02,453.93,0.000732,0.7375,1,Tube-Side Fouled
2026-01-13 22:15:00,18.843,30.472,148.66,70.32,25.31,53.68,11.754,10.211,4.27,3.734,1.5436,0.5365,3616.88,66.92,432.4,0.000905,0.6351,1,Tube-Side Fouled
2026-01-13 22:30:00,18.629,30.905,144.88,69.47,28.41,55.03,12.022,10.577,4.352,3.807,1.4451,0.5452,3442.03,62.3,441.97,0.000782,0.6475,1,Tube-Side Fouled
2026-01-13 22:45:00,16.732,30.482,144.44,60.89,27.0,53.86,12.259,11.2,4.518,3.994,1.0583,0.5238,3425.24,57.66,475.21,0.000692,0.7115,1,Tube-Side Fouled
2026-01-13 23:00:00,21.071,34.591,143.15,68.82,27.81,54.32,12.049,10.343,4.586,3.944,1.7061,0.6425,3837.22,61.87,496.2,0.000582,0.6445,1,Tube-Side Fouled
2026-01-13 23:15:00,19.278,31.303,147.23,73.67,31.79,58.32,11.928,10.442,4.58,4.02,1.4864,0.5601,3474.14,62.47,444.89,0.000752,0.6372,1,Tube-Side Fouled
2026-01-13 23:30:00,16.184,32.778,147.86,65.45,27.21,51.03,11.498,10.474,4.496,3.884,1.0239,0.6117,3267.28,63.06,414.48,0.000911,0.683,1,Tube-Side Fouled
2026-01-13 23:45:00,19.075,31.018,146.95,70.66,28.7,56.17,12.009,10.729,4.41,3.851,1.2792,0.5591,3565.11,63.26,450.83,0.000732,0.6451,1,Tube-Side Fouled
2026-01-14 00:00:00,19.105,32.694,144.72,65.75,28.07,55.1,11.719,10.389,4.442,3.823,1.33,0.6185,3696.73,59.94,493.35,0.000563,0.677,1,Tube-Side Fouled
2026-01-14 00:15:00,19.581,33.249,139.73,68.12,29.79,54.49,12.305,10.924,4.452,3.853,1.3818,0.5987,3435.54,58.7,468.24,0.000673,0.6514,1,Tube-Side Fouled
2026-01-14 00:30:00,17.62,31.98,143.07,69.28,28.82,52.62,12.136,10.884,4.738,4.146,1.2527,0.5917,3185.49,62.15,410.07,0.000945,0.6458,1,Tube-Side Fouled
2026-01-14 00:45:00,17.884,33.411,141.5,61.53,27.63,52.7,12.111,10.99,4.471,3.858,1.121,0.6129,3504.34,57.01,491.78,0.000557,0.7024,1,Tube-Side Fouled
2026-01-14 01:00:00,18.882,32.745,142.63,65.94,28.11,54.0,11.818,10.506,4.639,4.03,1.3125,0.6088,3547.56,59.67,475.64,0.000593,0.6696,1,Tube-Side Fouled
2026-01-14 01:15:00,19.151,32.253,143.36,71.72,29.36,54.27,11.835,10.33,4.579,3.987,1.5048,0.5919,3361.3,62.86,427.82,0.000836,0.6284,1,Tube-Side Fouled
2026-01-14 01:30:00,18.688,30.471,148.43,66.2,24.4,53.93,11.844,10.456,4.449,3.904,1.3881,0.5455,3764.77,64.61,466.15,0.000725,0.6629,1,Tube-Side Fouled
2026-01-14 01:45:00,18.876,32.119,138.36,61.93,25.91,52.21,12.02,10.521,4.562,3.978,1.4989,0.5833,3534.49,57.49,491.82,0.000572,0.6796,1,Tube-Side Fouled
2026-01-14 02:00:00,19.688,30.993,147.69,68.0,28.22,57.86,12.102,10.766,4.537,3.998,1.336,0.5381,3843.83,61.44,500.46,0.000525,0.667,1,Tube-Side Fouled
2026-01-14 02:15:00,19.572,33.327,144.25,67.9,30.08,56.34,11.929,10.274,4.651,4.017,1.6552,0.6339,3661.04,59.39,493.18,0.00057,0.6687,1,Tube-Side Fouled
2026-01-14 02:30:00,16.99,31.608,142.99,64.7,28.88,53.52,12.261,10.959,4.377,3.83,1.3019,0.5477,3258.92,58.61,444.84,0.000745,0.6861,1,Tube-Side Fouled
2026-01-14 02:45:00,18.402,31.272,142.96,65.95,29.09,55.62,11.943,10.706,4.356,3.791,1.2368,0.5651,3472.04,58.51,474.69,0.000653,0.6763,1,Tube-Side Fouled
2026-01-14 03:00:00,18.135,31.608,144.21,63.87,28.35,55.34,11.849,10.537,4.648,4.102,1.3121,0.5457,3569.73,58.18,490.87,0.000586,0.6934,1,Tube-Side Fouled
2026-01-14 03:15:00,19.721,30.216,143.48,72.44,29.33,56.48,12.007,10.614,4.32,3.805,1.3927,0.515,3432.61,62.51,439.33,0.000865,0.6224,1,Tube-Side Fouled
2026-01-14 03:30:00,20.853,29.012,147.06,74.64,29.11,59.6,11.973,10.345,4.579,4.075,1.6279,0.5036,3700.34,64.23,460.9,0.000662,0.614,1,Tube-Side Fouled
2026-01-14 03:45:00,18.13,31.943,148.58,68.31,27.55,54.23,11.764,10.57,4.458,3.881,1.1948,0.5768,3565.37,63.85,446.69,0.000814,0.6632,1,Tube-Side Fouled
2026-01-14 04:00:00,17.698,40.062,147.55,67.88,29.29,49.9,11.875,10.68,4.657,3.786,1.1957,0.8706,3454.29,63.61,434.41,0.000793,0.6737,1,Tube-Side Fouled
2026-01-14 04:15:00,18.888,30.98,150.18,70.41,30.86,59.34,11.999,10.773,4.696,4.155,1.2256,0.5404,3691.55,61.68,478.77,0.000665,0.6685,1,Tube-Side Fouled
2026-01-14 04:30:00,18.576,32.943,141.97,66.11,28.62,53.66,11.912,10.627,4.52,3.934,1.2848,0.5865,3452.2,59.32,465.59,0.000661,0.6692,1,Tube-Side Fouled
2026-01-14 04:45:00,17.834,30.722,147.73,67.98,27.26,54.37,12.092,10.679,4.698,4.17,1.413,0.5271,3484.33,63.44,439.36,0.000803,0.662,1,Tube-Side Fouled
2026-01-14 05:00:00,19.271,29.683,143.05,66.15,27.09,56.33,12.448,10.951,4.419,3.917,1.4973,0.5015,3630.46,59.76,486.02,0.00062,0.6631,1,Tube-Side Fouled
2026-01-14 05:15:00,17.531,34.458,144.49,68.05,29.78,52.56,11.97,10.82,4.403,3.748,1.1502,0.6554,3283.38,61.23,428.99,0.00085,0.6664,1,Tube-Side Fouled
2026-01-14 05:30:00,16.592,31.969,143.53,63.48,27.03,51.36,12.027,10.971,4.445,3.86,1.0553,0.585,3254.19,60.07,433.41,0.000803,0.6871,1,Tube-Side Fouled
2026-01-14 05:45:00,17.769,29.884,144.9,65.6,27.39,55.0,12.138,11.002,4.567,4.083,1.1362,0.4835,3452.31,60.41,457.22,0.000753,0.6749,1,Tube-Side Fouled
2026-01-14 06:00:00,17.986,33.924,144.07,68.44,30.35,53.83,12.11,10.784,4.461,3.829,1.3259,0.632,3332.75,60.46,440.98,0.000806,0.6651,1,Tube-Side Fouled
2026-01-14 06:15:00,19.915,32.931,146.57,74.68,27.24,52.7,12.167,10.602,4.591,3.99,1.5649,0.6015,3507.81,68.04,412.45,0.00093,0.6024,1,Tube-Side Fouled
2026-01-14 06:30:00,17.963,34.194,144.02,66.37,29.66,53.55,11.897,10.758,4.6,3.93,1.1396,0.6703,3417.3,59.6,458.68,0.000719,0.679,1,Tube-Side Fouled
2026-01-14 06:45:00,18.574,33.419,145.1,65.95,25.44,51.2,12.226,10.849,4.3,3.647,1.3778,0.6524,3602.1,63.51,453.75,0.000719,0.6615,1,Tube-Side Fouled
2026-01-14 07:00:00,17.479,29.8,145.69,63.45,27.73,55.97,11.751,10.413,4.564,4.058,1.338,0.5057,3521.42,58.64,480.43,0.000648,0.6971,1,Tube-Side Fouled
2026-01-14 07:15:00,19.178,33.583,145.1,69.09,26.63,52.05,11.908,10.339,4.534,3.909,1.5682,0.6251,3571.6,64.48,443.15,0.000848,0.6416,1,Tube-Side Fouled
2026-01-14 07:30:00,20.318,33.376,141.9,68.04,27.14,53.47,12.251,10.75,4.514,3.874,1.5017,0.6405,3676.67,61.64,477.2,0.000647,0.6436,1,Tube-Side Fouled
2026-01-14 07:45:00,21.47,33.483,144.39,74.22,26.78,53.13,11.805,10.19,4.534,3.888,1.6148,0.646,3691.42,66.98,440.9,0.000781,0.5967,1,Tube-Side Fouled
2026-01-14 08:00:00,17.824,34.02,146.19,68.75,28.08,51.83,11.859,10.644,4.491,3.867,1.2153,0.6233,3381.53,63.79,424.06,0.000889,0.6556,1,Tube-Side Fouled
2026-01-14 08:15:00,16.92,33.213,141.21,66.86,29.93,52.11,11.969,10.887,4.345,3.715,1.0816,0.6306,3081.94,59.24,416.23,0.000915,0.6681,1,Tube-Side Fouled
2026-01-14 08:30:00,18.524,33.332,144.49,65.48,26.59,52.31,11.94,10.572,4.641,4.024,1.3678,0.6178,3585.94,61.75,464.58,0.000712,0.6702,1,Tube-Side Fouled
2026-01-14 08:45:00,19.201,30.306,141.53,69.07,26.02,52.9,12.12,10.744,4.514,4.01,1.3764,0.5038,3408.62,63.12,432.03,0.000871,0.6273,1,Tube-Side Fouled
2026-01-14 09:00:00,18.415,31.079,144.47,69.03,26.55,52.73,12.078,10.6,4.608,4.052,1.4779,0.5551,3403.92,63.98,425.6,0.000819,0.6398,1,Tube-Side Fouled
2026-01-14 09:15:00,19.448,30.792,149.18,71.52,29.1,57.82,11.818,10.23,4.503,3.944,1.5885,0.5586,3700.23,63.78,464.1,0.000764,0.6468,1,Tube-Side Fouled
2026-01-14 09:30:00,20.021,31.305,147.8,74.2,31.33,58.89,12.013,10.646,4.578,4.028,1.3668,0.5509,3610.03,63.11,457.6,0.000709,0.6319,1,Tube-Side Fouled
2026-01-14 09:45:00,18.368,34.761,148.83,68.14,29.27,54.24,11.897,10.674,4.439,3.759,1.2229,0.68,3631.15,62.65,463.66,0.00066,0.6749,1,Tube-Side Fouled
2026-01-14 10:00:00,20.1,34.055,148.59,73.21,30.19,56.24,12.029,10.459,4.384,3.745,1.5696,0.6391,3712.18,64.57,459.93,0.000685,0.6367,1,Tube-Side Fouled
2026-01-14 10:15:00,18.135,29.981,144.87,67.2,26.65,54.16,11.946,10.766,4.634,4.115,1.1794,0.5189,3450.83,62.3,443.15,0.000777,0.657,1,Tube-Side Fouled
2026-01-14 10:30:00,17.912,33.635,148.02,69.21,26.84,51.42,11.865,10.76,4.571,3.95,1.1049,0.6211,3458.64,65.8,420.48,0.000895,0.6504,1,Tube-Side Fouled
2026-01-14 10:45:00,19.419,31.138,138.04,68.46,27.96,53.37,11.852,10.505,4.669,4.138,1.3465,0.5308,3310.23,59.89,442.15,0.000771,0.6321,1,Tube-Side Fouled
2026-01-14 11:00:00,16.751,35.107,146.45,61.85,27.6,51.24,11.999,11.001,4.551,3.855,0.9987,0.6958,3471.87,59.62,465.84,0.00067,0.7118,1,Tube-Side Fouled
2026-01-14 11:15:00,19.383,32.877,141.23,64.19,25.96,52.56,11.926,10.673,4.683,4.065,1.2527,0.6176,3658.41,59.95,488.17,0.000552,0.6684,1,Tube-Side Fouled
2026-01-14 11:30:00,20.181,32.821,142.99,72.26,32.13,57.6,12.016,10.484,4.442,3.818,1.5313,0.6245,3497.16,59.94,466.75,0.000718,0.638,1,Tube-Side Fouled
2026-01-14 11:45:00,20.782,29.961,148.19,69.51,25.89,57.84,11.791,9.914,4.42,3.894,1.8767,0.5254,4006.08,64.17,499.4,0.000547,0.6433,1,Tube-Side Fouled
2026-01-14 12:00:00,20.684,31.962,143.7,72.92,28.92,55.74,11.771,10.187,4.432,3.849,1.5844,0.5834,3586.59,63.46,452.12,0.000743,0.6166,1,Tube-Side Fouled
2026-01-14 12:15:00,18.633,35.616,144.74,70.06,27.79,50.67,11.487,10.167,4.455,3.733,1.3197,0.7226,3409.18,64.75,421.21,0.000934,0.6386,1,Tube-Side Fouled
2026-01-14 12:30:00,18.513,27.89,145.62,68.23,29.14,59.22,11.811,10.494,4.475,4.012,1.3165,0.4631,3510.36,59.64,470.84,0.000686,0.6644,1,Tube-Side Fouled
2026-01-14 12:45:00,19.529,31.362,144.79,67.39,28.85,57.07,12.193,10.526,4.532,3.994,1.667,0.5383,3703.44,59.8,495.48,0.000581,0.6676,1,Tube-Side Fouled
2026-01-14 13:00:00,19.037,31.269,144.59,67.44,27.46,54.96,12.304,10.815,4.626,4.07,1.489,0.5563,3598.26,61.49,468.11,0.000664,0.6587,1,Tube-Side Fouled
2026-01-14 13:15:00,17.88,32.499,149.26,66.92,26.97,53.5,11.795,10.706,4.489,3.891,1.0893,0.598,3607.1,63.84,452.03,0.000776,0.6733,1,Tube-Side Fouled
2026-01-14 13:30:00,18.295,32.307,142.75,64.27,27.52,53.54,11.903,10.617,4.49,3.921,1.2855,0.5693,3517.55,59.15,475.75,0.000637,0.6811,1,Tube-Side Fouled
2026-01-14 13:45:00,18.617,32.314,148.15,67.16,28.6,55.92,11.97,10.433,4.405,3.805,1.5371,0.6,3694.19,61.55,480.18,0.000659,0.6774,1,Tube-Side Fouled
2026-01-14 14:00:00,19.498,31.657,144.3,71.26,30.25,56.59,12.187,10.742,4.507,3.943,1.4441,0.5644,3489.04,61.43,454.38,0.000739,0.6404,1,Tube-Side Fouled
2026-01-14 14:15:00,17.411,31.733,148.48,68.63,27.33,52.99,12.193,10.868,4.419,3.865,1.3252,0.5546,3406.24,64.65,421.47,0.000929,0.6591,1,Tube-Side Fouled
2026-01-14 14:30:00,19.0,28.322,143.67,72.31,27.92,55.95,11.834,10.328,4.431,3.965,1.5067,0.4654,3321.89,63.62,417.73,0.000889,0.6165,1,Tube-Side Fouled
2026-01-14 14:45:00,15.594,32.255,147.34,62.85,29.52,53.44,11.826,10.762,4.375,3.788,1.0641,0.5868,3227.87,58.47,441.62,0.000795,0.7171,1,Tube-Side Fouled
2026-01-14 15:00:00,20.462,31.646,141.83,67.91,27.0,54.98,11.812,10.167,4.536,3.979,1.6455,0.5564,3705.76,61.03,485.79,0.000565,0.6437,1,Tube-Side Fouled
2026-01-14 15:15:00,18.678,32.932,143.32,65.09,26.83,52.81,12.08,10.907,4.652,4.023,1.1732,0.6285,3579.87,60.68,471.98,0.000649,0.6716,1,Tube-Side Fouled
2026-01-14 15:30:00,19.59,33.279,144.55,71.86,28.9,53.95,12.179,10.9,4.662,4.046,1.2786,0.6158,3488.4,63.85,437.08,0.000772,0.6285,1,Tube-Side Fouled
2026-01-14 15:45:00,19.351,34.437,144.76,71.32,31.15,55.32,11.648,10.206,4.542,3.88,1.4419,0.6617,3481.88,61.55,452.53,0.000713,0.6464,1,Tube-Side Fouled
2026-01-14 16:00:00,16.691,33.635,145.25,62.97,29.54,53.45,11.914,10.718,4.367,3.746,1.1953,0.6211,3364.46,57.78,465.84,0.000658,0.7111,1,Tube-Side Fouled
2026-01-14 16:15:00,18.716,33.203,141.38,68.57,27.69,51.73,12.143,10.857,4.207,3.591,1.2865,0.6156,3338.75,62.1,430.09,0.000901,0.6405,1,Tube-Side Fouled
2026-01-14 16:30:00,18.539,33.958,146.91,65.67,30.88,56.85,12.031,10.536,4.431,3.793,1.4952,0.6374,3689.43,58.11,507.93,0.000528,0.7001,1,Tube-Side Fouled
2026-01-14 16:45:00,20.431,31.568,147.33,75.78,28.74,55.86,12.191,10.713,4.419,3.853,1.4783,0.5658,3581.47,66.81,428.85,0.000833,0.6033,1,Tube-Side Fouled
2026-01-14 17:00:00,20.642,32.725,146.56,74.81,29.75,56.25,11.807,10.057,4.483,3.887,1.7496,0.5965,3628.46,65.09,445.95,0.000853,0.6142,1,Tube-Side Fouled
2026-01-14 17:15:00,19.656,29.339,145.78,75.37,28.22,55.84,12.066,10.597,4.425,3.928,1.4689,0.497,3390.8,66.25,409.43,0.000931,0.5989,1,Tube-Side Fouled
2026-01-14 17:30:00,20.176,33.548,142.49,72.93,27.39,51.88,12.042,10.319,4.437,3.807,1.7234,0.6293,3438.32,65.51,419.86,0.000879,0.6043,1,Tube-Side Fouled
2026-01-14 17:45:00,17.371,32.958,148.04,64.57,28.73,54.49,12.004,10.692,4.531,3.927,1.3124,0.6044,3552.53,60.14,472.54,0.00065,0.6997,1,Tube-Side Fouled
2026-01-14 18:00:00,18.241,33.013,144.64,72.41,30.74,54.1,12.016,10.819,4.734,4.118,1.1972,0.6162,3227.94,62.98,410.04,0.000935,0.6341,1,Tube-Side Fouled
2026-01-14 18:15:00,17.444,32.711,143.68,64.36,28.28,53.05,12.256,10.977,4.491,3.907,1.2793,0.5839,3390.06,59.23,457.88,0.000782,0.6873,1,Tube-Side Fouled
2026-01-14 18:30:00,17.853,33.686,139.4,64.67,25.84,49.03,11.979,10.819,4.655,4.024,1.1597,0.6307,3268.85,61.02,428.59,0.000821,0.6581,1,Tube-Side Fouled
2026-01-14 18:45:00,17.368,34.659,147.53,69.21,29.91,52.89,11.81,10.646,4.347,3.686,1.1644,0.6618,3332.68,62.96,423.43,0.000896,0.6659,1,Tube-Side Fouled
2026-01-14 19:00:00,19.527,31.145,142.97,70.28,27.09,53.77,11.711,10.139,4.504,3.938,1.5722,0.5657,3477.51,63.44,438.55,0.000822,0.6273,1,Tube-Side Fouled
2026-01-14 19:15:00,17.747,29.321,145.5,67.11,25.87,53.65,12.491,11.141,4.646,4.185,1.3501,0.4608,3408.39,63.21,431.4,0.000923,0.6553,1,Tube-Side Fouled
2026-01-14 19:30:00,17.551,29.38,148.69,67.37,30.72,59.17,11.719,10.645,4.629,4.144,1.0748,0.4851,3497.1,59.2,472.59,0.000669,0.6894,1,Tube-Side Fouled
2026-01-14 19:45:00,17.677,32.852,144.46,65.87,27.2,51.96,11.957,10.81,4.704,4.102,1.1475,0.6017,3403.53,61.72,441.14,0.000782,0.6702,1,Tube-Side Fouled
2026-01-14 20:00:00,18.047,32.288,149.33,64.15,25.48,53.36,12.055,10.624,4.709,4.125,1.4315,0.5842,3766.07,63.03,477.97,0.000602,0.6878,1,Tube-Side Fouled
2026-01-14 20:15:00,18.093,33.488,141.41,66.42,25.83,49.56,11.903,10.671,4.644,4.013,1.2324,0.6304,3324.08,62.77,423.66,0.000892,0.6488,1,Tube-Side Fouled
2026-01-14 20:30:00,20.88,30.559,142.79,70.06,28.82,57.92,12.016,10.217,4.533,3.999,1.7993,0.5337,3720.77,60.45,492.41,0.000567,0.6382,1,Tube-Side Fouled
2026-01-14 20:45:00,19.572,34.446,143.68,67.16,28.62,54.08,12.039,10.533,4.613,3.939,1.5063,0.6734,3669.21,60.52,485.04,0.000627,0.6651,1,Tube-Side Fouled
2026-01-14 21:00:00,16.687,33.9,141.32,64.41,27.67,49.84,12.049,11.063,4.604,3.99,0.9854,0.6136,3144.32,60.01,419.19,0.000918,0.6767,1,Tube-Side Fouled
2026-01-14 21:15:00,17.578,32.441,144.38,64.74,27.77,53.03,11.935,10.797,4.414,3.821,1.1384,0.593,3429.76,60.11,456.44,0.000704,0.6829,1,Tube-Side Fouled
2026-01-14 21:30:00,21.617,29.966,143.7,75.96,28.78,57.39,12.072,10.52,4.552,4.038,1.5522,0.514,3587.73,64.79,442.98,0.000795,0.5894,1,Tube-Side Fouled
2026-01-14 21:45:00,18.481,33.923,147.4,69.66,30.38,55.18,11.649,10.232,4.591,3.938,1.4165,0.6528,3520.28,62.03,453.99,0.000752,0.6643,1,Tube-Side Fouled
2026-01-14 22:00:00,19.031,33.568,142.32,67.19,27.79,52.73,12.06,10.546,4.42,3.787,1.5141,0.6334,3502.94,61.1,458.62,0.000682,0.6559,1,Tube-Side Fouled
2026-01-14 22:15:00,16.568,31.339,147.81,66.09,28.98,54.28,12.0,11.028,4.458,3.904,0.9719,0.5547,3316.92,61.03,434.78,0.000816,0.6877,1,Tube-Side Fouled
2026-01-14 22:30:00,16.879,30.491,146.03,67.46,28.01,53.48,11.938,10.847,4.409,3.874,1.0908,0.5345,3248.9,62.27,417.41,0.000934,0.6657,1,Tube-Side Fouled
2026-01-14 22:45:00,19.049,29.534,144.98,71.14,29.79,57.68,12.352,11.048,4.487,4.008,1.3047,0.4795,3446.42,61.49,448.36,0.000761,0.641,1,Tube-Side Fouled
2026-01-14 23:00:00,19.805,32.602,146.29,68.2,27.61,55.39,11.874,10.163,4.646,4.061,1.7113,0.5851,3789.18,62.4,485.79,0.000556,0.658,1,Tube-Side Fouled
2026-01-14 23:15:00,19.514,30.405,140.61,69.45,25.05,51.79,11.706,10.386,4.636,4.1,1.3197,0.5358,3402.3,64.06,424.88,0.000884,0.6158,1,Tube-Side Fouled
2026-01-14 23:30:00,20.179,33.117,143.46,67.34,27.25,54.41,11.855,10.327,4.622,3.981,1.5275,0.6409,3763.05,61.34,490.76,0.000576,0.655,1,Tube-Side Fouled
2026-01-14 23:45:00,18.532,29.465,143.75,69.3,29.07,56.49,11.766,10.589,4.714,4.229,1.1769,0.4851,3380.45,60.74,445.22,0.000776,0.6492,1,Tube-Side Fouled
2026-01-15 00:00:00,21.098,34.371,147.46,71.19,25.91,53.33,12.041,10.125,4.621,3.979,1.9161,0.6423,3942.53,66.75,472.52,0.000625,0.6275,1,Tube-Side Fouled
2026-01-15 00:15:00,20.335,28.542,146.64,73.18,26.06,56.71,11.808,10.121,4.299,3.836,1.6864,0.4629,3659.52,66.24,441.98,0.000773,0.6092,1,Tube-Side Fouled
2026-01-15 00:30:00,20.942,33.479,146.71,72.1,26.79,54.12,12.125,10.632,4.522,3.907,1.4935,0.6152,3827.75,66.15,462.89,0.00062,0.6222,1,Tube-Side Fouled
2026-01-15 00:45:00,18.629,32.599,145.82,67.99,27.58,53.62,12.054,10.851,4.547,3.942,1.2032,0.6053,3551.8,62.79,452.52,0.000764,0.6582,1,Tube-Side Fouled
2026-01-15 01:00:00,18.269,32.98,144.27,63.7,29.01,55.14,12.183,11.064,4.59,3.968,1.118,0.6219,3606.31,57.69,500.08,0.000533,0.699,1,Tube-Side Fouled
2026-01-15 01:15:00,19.214,36.408,144.15,69.49,28.68,51.75,11.889,10.303,4.403,3.656,1.5861,0.7465,3514.31,63.13,445.35,0.000752,0.6466,1,Tube-Side Fouled
2026-01-15 01:30:00,17.086,30.408,148.44,66.2,28.3,55.36,11.807,10.585,4.441,3.918,1.2218,0.5229,3442.77,61.41,448.49,0.000695,0.6846,1,Tube-Side Fouled
2026-01-15 01:45:00,19.636,32.639,146.48,72.39,28.52,54.62,11.814,10.201,4.621,4.022,1.6122,0.5994,3564.03,64.94,439.06,0.000834,0.6281,1,Tube-Side Fouled
2026-01-15 02:00:00,18.492,31.957,143.7,70.03,30.45,55.41,12.059,10.793,4.509,3.939,1.2659,0.5705,3337.66,60.72,439.77,0.000756,0.6505,1,Tube-Side Fouled
2026-01-15 02:15:00,17.942,31.028,145.36,67.86,27.25,53.49,12.062,10.708,4.611,4.062,1.3539,0.5499,3406.49,62.79,434.0,0.000857,0.6561,1,Tube-Side Fouled
2026-01-15 02:30:00,17.573,31.296,143.69,67.09,29.1,54.28,12.069,11.016,4.57,4.009,1.0531,0.5603,3297.86,60.08,439.13,0.000792,0.6684,1,Tube-Side Fouled
2026-01-15 02:45:00,21.481,31.302,144.19,75.11,27.71,55.47,11.97,10.444,4.422,3.861,1.5258,0.5605,3635.49,65.91,441.26,0.000801,0.5931,1,Tube-Side Fouled
2026-01-15 03:00:00,17.838,32.095,148.33,68.55,27.78,53.74,11.982,10.579,4.678,4.066,1.4038,0.6118,3486.4,63.95,436.13,0.000852,0.6618,1,Tube-Side Fouled
2026-01-15 03:15:00,19.088,28.424,147.08,66.4,25.61,57.34,12.09,10.536,4.329,3.863,1.554,0.4661,3773.13,62.08,486.22,0.000572,0.6642,1,Tube-Side Fouled
2026-01-15 03:30:00,17.341,31.659,145.81,64.67,26.51,52.53,11.738,10.659,4.549,3.998,1.0788,0.5512,3447.36,61.67,447.2,0.00075,0.6801,1,Tube-Side Fouled
2026-01-15 03:45:00,18.791,27.449,142.33,65.24,26.73,57.63,12.03,10.782,4.519,4.083,1.2481,0.4355,3549.03,58.6,484.53,0.000613,0.6669,1,Tube-Side Fouled
2026-01-15 04:00:00,16.99,32.599,143.51,65.21,28.21,52.11,12.211,10.951,4.713,4.085,1.26,0.6277,3259.38,60.16,433.44,0.000825,0.6791,1,Tube-Side Fouled
2026-01-15 04:15:00,18.446,30.405,140.95,64.97,28.77,55.76,12.049,10.9,4.435,3.899,1.1497,0.5362,3433.78,57.24,479.88,0.000645,0.6773,1,Tube-Side Fouled
2026-01-15 04:30:00,17.129,32.879,145.43,67.18,28.23,52.1,12.174,10.937,4.505,3.915,1.2373,0.5903,3283.93,62.23,422.19,0.000889,0.6677,1,Tube-Side Fouled
2026-01-15 04:45:00,19.065,32.147,145.99,66.51,27.97,55.57,11.679,10.207,4.503,3.928,1.4721,0.5748,3712.13,60.84,488.15,0.00058,0.6734,1,Tube-Side Fouled
2026-01-15 05:00:00,18.162,31.989,143.88,63.14,26.55,53.39,12.095,10.649,4.44,3.832,1.4453,0.6072,3592.58,59.53,482.81,0.000582,0.6881,1,Tube-Side Fouled
2026-01-15 05:15:00,17.867,33.122,149.85,70.25,29.18,54.33,11.94,10.616,4.493,3.877,1.3237,0.6163,3484.48,64.5,432.16,0.000814,0.6597,1,Tube-Side Fouled
2026-01-15 05:30:00,16.915,33.776,145.3,61.66,28.32,52.85,11.835,10.699,4.354,3.703,1.136,0.6503,3466.24,57.95,478.49,0.000648,0.715,1,Tube-Side Fouled
2026-01-15 05:45:00,19.356,33.318,146.99,71.81,27.56,53.13,12.123,10.53,4.611,3.998,1.5928,0.6125,3565.32,65.98,432.3,0.000839,0.6295,1,Tube-Side Fouled
2026-01-15 06:00:00,18.43,28.685,147.82,64.04,23.86,55.38,11.603,10.309,4.553,4.081,1.2939,0.4714,3782.94,62.72,482.51,0.000624,0.6759,1,Tube-Side Fouled
2026-01-15 06:15:00,18.525,32.888,144.93,63.99,25.19,51.88,12.439,11.268,4.62,4.041,1.1716,0.5787,3673.29,62.02,473.81,0.000599,0.6759,1,Tube-Side Fouled
2026-01-15 06:30:00,17.901,28.831,144.29,67.31,27.29,55.28,12.016,10.798,4.44,3.978,1.2177,0.4612,3375.95,61.29,440.68,0.000814,0.6579,1,Tube-Side Fouled
2026-01-15 06:45:00,17.814,31.786,146.25,68.04,24.73,50.4,12.079,10.869,4.531,3.943,1.2098,0.5881,3413.7,66.13,412.96,0.000953,0.6437,1,Tube-Side Fouled
2026-01-15 07:00:00,18.515,31.447,145.04,71.48,28.53,53.9,12.132,10.68,4.477,3.923,1.4521,0.5545,3337.14,64.05,416.81,0.000965,0.6314,1,Tube-Side Fouled
2026-01-15 07:15:00,20.511,30.577,145.88,70.35,29.1,58.77,11.898,10.198,4.509,3.961,1.7001,0.5477,3795.68,61.35,494.92,0.000578,0.6468,1,Tube-Side Fouled
2026-01-15 07:30:00,19.702,31.838,143.99,70.88,27.24,53.73,11.973,10.644,4.495,3.93,1.329,0.5649,3529.18,64.15,440.11,0.000783,0.6262,1,Tube-Side Fouled
2026-01-15 07:45:00,17.085,35.775,145.76,63.18,26.75,49.84,12.163,10.924,4.382,3.637,1.2393,0.7456,3456.48,61.45,450.01,0.000715,0.6939,1,Tube-Side Fouled
2026-01-15 08:00:00,18.197,27.605,148.03,71.01,27.54,57.27,11.63,10.368,4.468,4.04,1.2619,0.4282,3433.45,64.24,427.59,0.00087,0.6392,1,Tube-Side Fouled
2026-01-15 08:15:00,19.563,32.834,145.71,71.89,28.64,54.39,11.863,10.369,4.399,3.779,1.4938,0.6205,3537.81,64.32,440.02,0.000803,0.6305,1,Tube-Side Fouled
2026-01-15 08:30:00,17.269,32.044,141.66,62.19,27.81,52.89,12.327,11.153,4.582,3.992,1.1746,0.59,3362.4,57.34,469.15,0.000694,0.6981,1,Tube-Side Fouled
2026-01-15 08:45:00,19.931,32.367,146.69,72.97,27.7,54.28,11.774,10.027,4.631,4.047,1.7472,0.5834,3600.11,66.06,435.97,0.000858,0.6196,1,Tube-Side Fouled
2026-01-15 09:00:00,16.744,32.439,144.58,63.53,29.67,54.17,12.206,11.138,4.632,4.035,1.0684,0.5968,3324.81,57.58,461.9,0.000645,0.7053,1,Tube-Side Fouled
2026-01-15 09:15:00,20.648,32.533,145.4,71.79,27.45,54.8,12.318,10.593,4.536,3.949,1.725,0.5869,3723.53,64.74,460.1,0.00069,0.624,1,Tube-Side Fouled
2026-01-15 09:30:00,19.232,32.616,143.21,71.79,28.99,53.65,11.823,10.533,4.498,3.888,1.2894,0.6099,3365.03,63.33,425.09,0.000858,0.6253,1,Tube-Side Fouled
2026-01-15 09:45:00,19.392,34.752,147.79,71.46,29.68,54.62,12.039,10.407,4.579,3.907,1.6319,0.6721,3626.73,64.07,452.81,0.000745,0.6463,1,Tube-Side Fouled
2026-01-15 10:00:00,19.288,29.636,148.65,68.98,27.65,58.02,12.049,10.406,4.556,4.047,1.6433,0.5087,3764.9,62.78,479.74,0.00064,0.6585,1,Tube-Side Fouled
2026-01-15 10:15:00,17.6,31.399,141.75,68.99,30.58,54.47,12.297,11.111,4.545,3.966,1.1867,0.5795,3137.6,59.54,421.58,0.000893,0.6545,1,Tube-Side Fouled
2026-01-15 10:30:00,16.355,30.185,144.38,61.69,25.66,51.9,12.222,11.077,4.586,4.086,1.1453,0.4992,3313.52,59.89,442.62,0.000838,0.6965,1,Tube-Side Fouled
2026-01-15 10:45:00,21.212,33.298,145.64,74.27,30.05,56.67,12.06,10.195,4.449,3.815,1.8655,0.6348,3709.0,64.01,463.53,0.000689,0.6174,1,Tube-Side Fouled
2026-01-15 11:00:00,20.198,31.882,143.58,73.36,27.57,53.62,12.533,11.156,4.687,4.123,1.3772,0.5641,3474.67,65.41,424.97,0.000887,0.6053,1,Tube-Side Fouled
2026-01-15 11:15:00,18.596,34.38,140.5,66.99,29.24,52.52,12.275,11.06,4.444,3.79,1.2152,0.6538,3349.37,59.36,451.39,0.000801,0.6607,1,Tube-Side Fouled
2026-01-15 11:30:00,19.519,31.884,141.6,68.53,28.6,54.8,12.084,10.634,4.478,3.918,1.4508,0.5598,3494.03,60.36,463.07,0.000712,0.6466,1,Tube-Side Fouled
2026-01-15 11:45:00,19.641,32.833,145.94,70.21,29.17,55.7,11.915,10.268,4.462,3.854,1.6469,0.6086,3644.44,62.44,466.94,0.000697,0.6486,1,Tube-Side Fouled
2026-01-15 12:00:00,16.08,32.568,146.63,61.33,25.97,50.64,12.172,11.169,4.489,3.88,1.0031,0.6092,3360.93,60.71,442.9,0.000732,0.707,1,Tube-Side Fouled
2026-01-15 12:15:00,19.745,35.1,148.55,67.47,26.55,53.26,12.226,10.915,4.539,3.848,1.3113,0.6909,3922.3,64.32,487.83,0.000559,0.6646,1,Tube-Side Fouled
2026-01-15 12:30:00,19.254,31.662,148.42,74.21,27.61,54.04,11.939,10.358,4.566,4.041,1.5812,0.5254,3500.91,67.7,413.69,0.000942,0.6143,1,Tube-Side Fouled
2026-01-15 12:45:00,18.52,28.711,141.95,67.85,26.0,53.99,11.791,10.443,4.445,3.981,1.348,0.4638,3362.2,62.08,433.28,0.000821,0.6391,1,Tube-Side Fouled
2026-01-15 13:00:00,18.427,32.343,146.91,67.44,25.64,52.15,11.951,10.431,4.651,4.054,1.5204,0.5969,3587.71,64.71,443.53,0.000802,0.6553,1,Tube-Side Fouled
2026-01-15 13:15:00,18.345,30.255,144.32,69.02,32.65,59.38,11.686,10.434,4.453,3.92,1.2518,0.5325,3384.66,57.27,472.84,0.000599,0.6743,1,Tube-Side Fouled
2026-01-15 13:30:00,18.039,31.757,144.59,66.69,28.27,54.18,11.992,10.597,4.577,4.009,1.3956,0.5675,3442.87,60.75,453.37,0.000688,0.6697,1,Tube-Side Fouled
2026-01-15 13:45:00,19.096,30.7,143.55,65.95,26.86,55.12,11.827,10.362,4.569,4.039,1.4651,0.5303,3630.6,60.44,480.56,0.000573,0.665,1,Tube-Side Fouled
2026-01-15 14:00:00,16.69,30.665,146.89,63.98,31.88,58.31,11.605,10.387,4.48,3.931,1.218,0.5488,3390.33,55.64,487.44,0.000607,0.7209,1,Tube-Side Fouled
2026-01-15 14:15:00,17.874,34.195,143.31,64.09,27.47,51.72,12.189,11.043,4.397,3.739,1.1462,0.6577,3469.2,59.96,462.88,0.000692,0.6839,1,Tube-Side Fouled
2026-01-15 14:30:00,17.847,32.888,143.55,66.88,29.23,53.6,12.043,10.752,4.544,3.93,1.2913,0.6134,3352.48,60.05,446.63,0.00082,0.6707,1,Tube-Side Fouled
2026-01-15 14:45:00,20.052,32.475,144.01,71.52,28.42,54.63,12.222,10.697,4.546,3.958,1.5254,0.5877,3561.58,63.45,449.04,0.000817,0.6272,1,Tube-Side Fouled
2026-01-15 15:00:00,19.265,32.305,145.3,70.39,29.08,55.24,11.828,10.222,4.67,4.077,1.6065,0.5927,3535.56,62.55,452.17,0.000753,0.6445,1,Tube-Side Fouled
2026-01-15 15:15:00,19.471,31.408,147.59,67.71,26.37,55.37,11.999,10.602,4.584,4.017,1.3972,0.5664,3810.27,63.41,480.69,0.000641,0.6589,1,Tube-Side Fouled
2026-01-15 15:30:00,16.652,29.85,145.11,61.27,28.21,55.6,12.394,11.122,4.396,3.907,1.2715,0.4887,3420.66,56.67,482.86,0.000585,0.7172,1,Tube-Side Fouled
2026-01-15 15:45:00,19.204,32.707,144.94,69.45,28.78,54.73,11.768,10.535,4.666,4.047,1.2326,0.6191,3551.72,62.19,456.91,0.000781,0.6498,1,Tube-Side Fouled
2026-01-15 16:00:00,20.218,31.174,141.55,66.26,25.58,54.17,12.412,11.004,4.447,3.904,1.4083,0.5434,3729.15,61.08,488.42,0.000606,0.6492,1,Tube-Side Fouled
2026-01-15 16:15:00,18.859,30.085,144.55,71.21,30.1,57.02,12.086,10.655,4.513,4.0,1.4302,0.5133,3388.75,61.42,441.36,0.000802,0.6408,1,Tube-Side Fouled
2026-01-15 16:30:00,19.824,31.942,145.73,70.39,28.49,55.87,11.546,10.141,4.341,3.776,1.4042,0.5654,3659.22,62.85,465.75,0.000638,0.6427,1,Tube-Side Fouled
2026-01-15 16:45:00,18.242,29.739,144.89,61.62,24.06,53.97,11.967,10.659,4.506,4.018,1.3083,0.4885,3721.66,60.36,493.28,0.000564,0.6892,1,Tube-Side Fouled
2026-01-15 17:00:00,19.362,35.625,145.13,70.7,26.77,50.46,12.038,10.349,4.594,3.891,1.6892,0.703,3530.72,66.08,427.46,0.000891,0.6289,1,Tube-Side Fouled
2026-01-15 17:15:00,18.803,34.788,148.72,61.54,25.07,52.66,11.999,10.789,4.648,3.963,1.2105,0.6857,4015.75,61.52,522.17,0.000528,0.7051,1,Tube-Side Fouled
2026-01-15 17:30:00,17.289,35.994,146.82,61.92,26.73,50.61,11.959,10.634,4.531,3.792,1.3256,0.7385,3596.25,60.67,474.18,0.000619,0.707,1,Tube-Side Fouled
2026-01-15 17:45:00,18.09,32.839,148.56,68.89,28.33,54.03,11.977,10.566,4.519,3.933,1.4116,0.5868,3530.92,63.78,442.87,0.00079,0.6627,1,Tube-Side Fouled
2026-01-15 18:00:00,20.339,32.656,145.71,71.59,29.51,56.54,11.887,10.194,4.595,3.995,1.6925,0.6008,3693.32,62.71,471.19,0.000622,0.6378,1,Tube-Side Fouled
2026-01-15 18:15:00,20.1,32.225,145.64,69.91,26.21,53.87,12.199,10.476,4.538,3.934,1.7235,0.6042,3729.51,64.79,460.49,0.00072,0.6341,1,Tube-Side Fouled
2026-01-15 18:30:00,17.377,31.662,146.23,67.79,27.51,52.72,12.262,11.185,4.349,3.778,1.0763,0.5704,3339.7,63.2,422.74,0.000821,0.6607,1,Tube-Side Fouled
2026-01-15 18:45:00,18.433,34.093,143.45,65.71,29.06,53.67,11.857,10.419,4.403,3.761,1.4372,0.6429,3510.67,59.3,473.61,0.000637,0.6796,1,Tube-Side Fouled
2026-01-15 19:00:00,19.964,33.297,145.83,71.31,26.16,52.32,12.03,10.558,4.56,3.919,1.4721,0.6403,3645.06,66.42,439.02,0.000796,0.6227,1,Tube-Side Fouled
2026-01-15 19:15:00,18.326,31.852,146.72,69.67,26.31,52.27,12.321,10.888,4.412,3.833,1.434,0.5791,3459.35,65.62,421.73,0.000832,0.6399,1,Tube-Side Fouled
2026-01-15 19:30:00,16.646,27.933,145.49,66.13,29.97,57.66,12.069,11.121,4.562,4.105,0.9478,0.4572,3236.55,58.22,444.71,0.000774,0.687,1,Tube-Side Fouled
2026-01-15 19:45:00,19.132,30.302,142.07,72.23,29.88,55.7,11.793,10.516,4.685,4.148,1.2767,0.5374,3273.53,61.77,423.96,0.000791,0.6225,1,Tube-Side Fouled
2026-01-15 20:00:00,17.416,28.906,145.44,64.9,28.0,56.41,11.696,10.345,4.494,3.998,1.3507,0.4963,3436.64,59.19,464.49,0.000706,0.6858,1,Tube-Side Fouled
2026-01-15 20:15:00,17.634,32.664,145.16,65.44,26.0,51.2,12.08,10.865,4.686,4.086,1.2148,0.5994,3444.15,62.8,438.74,0.00081,0.669,1,Tube-Side Fouled
2026-01-15 20:30:00,19.13,31.692,144.17,69.4,27.68,54.11,12.002,10.497,4.423,3.881,1.5049,0.5413,3504.54,62.82,446.31,0.00078,0.6419,1,Tube-Side Fouled
2026-01-15 20:45:00,16.489,30.94,145.99,60.72,26.91,53.52,11.929,10.787,4.713,4.166,1.1423,0.5467,3444.9,58.3,472.71,0.000586,0.7161,1,Tube-Side Fouled
2026-01-15 21:00:00,18.446,30.729,147.92,66.53,28.08,56.69,11.93,10.741,4.519,3.976,1.1892,0.543,3678.42,61.08,481.75,0.000605,0.6792,1,Tube-Side Fouled
2026-01-15 21:15:00,19.854,31.27,146.25,76.05,28.74,54.84,12.066,10.637,4.452,3.922,1.4281,0.5298,3414.64,66.96,407.98,0.000943,0.5974,1,Tube-Side Fouled
2026-01-15 21:30:00,16.896,30.421,147.74,65.59,29.03,55.75,11.889,10.784,4.573,4.052,1.105,0.5205,3400.86,60.07,452.93,0.000734,0.6921,1,Tube-Side Fouled
2026-01-15 21:45:00,18.836,32.801,145.7,71.76,29.09,53.96,11.964,10.494,4.52,3.911,1.4699,0.6092,3411.83,64.11,425.77,0.000864,0.6341,1,Tube-Side Fouled
2026-01-15 22:00:00,17.755,30.65,145.65,62.94,25.77,53.82,11.837,10.559,4.415,3.871,1.2773,0.5442,3598.31,60.43,476.32,0.000565,0.69,1,Tube-Side Fouled
2026-01-15 22:15:00,19.152,30.815,144.39,68.05,26.88,54.66,11.916,10.404,4.379,3.853,1.5122,0.5261,3582.14,62.33,459.78,0.000701,0.6497,1,Tube-Side Fouled
2026-01-15 22:30:00,17.685,32.523,147.7,70.36,30.38,55.01,11.494,10.298,4.417,3.824,1.1967,0.593,3351.2,62.68,427.72,0.000872,0.6593,1,Tube-Side Fouled
2026-01-15 22:45:00,19.032,32.609,145.48,67.75,28.08,54.65,12.133,10.584,4.276,3.683,1.5493,0.5929,3624.66,61.76,469.53,0.000709,0.6621,1,Tube-Side Fouled
2026-01-15 23:00:00,19.451,33.79,143.26,66.69,27.55,53.36,11.877,10.348,4.461,3.798,1.5288,0.6623,3648.62,61.05,478.15,0.000636,0.6617,1,Tube-Side Fouled
2026-01-15 23:15:00,19.554,28.865,142.86,66.33,27.65,58.01,11.995,10.504,4.433,3.942,1.4915,0.4908,3666.69,58.77,499.13,0.00056,0.6643,1,Tube-Side Fouled
2026-01-15 23:30:00,16.261,32.051,147.45,59.66,27.04,53.11,11.755,10.712,4.481,3.888,1.043,0.5934,3497.22,58.12,481.36,0.000571,0.729,1,Tube-Side Fouled
2026-01-15 23:45:00,18.521,32.874,142.82,66.69,30.23,55.35,12.112,10.647,4.605,4.013,1.4649,0.592,3454.41,58.29,474.06,0.00065,0.6762,1,Tube-Side Fouled
2026-01-16 00:00:00,18.8,31.224,143.26,69.79,28.43,54.33,12.228,10.732,4.545,3.995,1.4961,0.5502,3383.69,62.14,435.6,0.000873,0.6398,1,Tube-Side Fouled
2026-01-16 00:15:00,16.653,34.211,143.41,60.71,26.17,49.75,12.139,11.091,4.536,3.9,1.0485,0.6365,3374.09,59.26,455.48,0.000692,0.7054,1,Tube-Side Fouled
2026-01-16 00:30:00,19.012,34.682,144.63,69.75,28.2,52.23,12.404,10.909,4.381,3.694,1.4944,0.687,3487.96,63.62,438.58,0.000819,0.6431,1,Tube-Side Fouled
2026-01-16 00:45:00,19.859,33.99,145.11,70.76,26.93,52.36,12.038,10.453,4.594,3.948,1.5856,0.646,3617.78,65.26,443.48,0.000819,0.6291,1,Tube-Side Fouled
2026-01-16 01:00:00,17.121,33.857,145.8,63.84,26.83,51.1,12.138,10.893,4.441,3.82,1.2454,0.6211,3438.03,61.41,447.89,0.000704,0.6889,1,Tube-Side Fouled
2026-01-16 01:15:00,20.142,33.622,149.06,73.16,30.48,57.11,11.893,10.475,4.481,3.827,1.4184,0.6538,3745.58,64.19,466.79,0.000659,0.6401,1,Tube-Side Fouled
2026-01-16 01:30:00,17.889,32.351,147.27,63.71,28.42,55.48,12.058,10.878,4.464,3.862,1.1807,0.6018,3662.16,59.1,495.68,0.000576,0.7031,1,Tube-Side Fouled
2026-01-16 01:45:00,18.075,29.783,146.45,70.74,29.39,56.3,11.912,10.712,4.572,4.076,1.2,0.4957,3352.55,62.61,428.35,0.000784,0.6467,1,Tube-Side Fouled
2026-01-16 02:00:00,18.301,31.333,145.45,63.85,27.9,55.8,12.272,10.854,4.542,3.971,1.4175,0.5714,3658.54,58.77,498.03,0.000526,0.6941,1,Tube-Side Fouled
2026-01-16 02:15:00,18.663,32.251,143.42,68.41,27.07,52.49,12.169,10.65,4.598,4.028,1.5189,0.5707,3429.48,62.91,436.12,0.000849,0.6447,1,Tube-Side Fouled
2026-01-16 02:30:00,19.952,31.327,145.92,74.44,26.79,53.45,11.868,10.215,4.476,3.928,1.6531,0.5484,3494.26,67.6,413.51,0.000899,0.6,1,Tube-Side Fouled
2026-01-16 02:45:00,16.327,31.206,145.64,66.33,28.64,52.94,11.959,10.966,4.568,4.014,0.9932,0.5537,3172.67,61.12,415.29,0.000933,0.6779,1,Tube-Side Fouled
2026-01-16 03:00:00,18.101,34.567,146.43,63.04,26.3,51.87,11.88,10.626,4.537,3.868,1.2543,0.6688,3698.15,61.16,483.73,0.000626,0.6942,1,Tube-Side Fouled
2026-01-16 03:15:00,17.432,31.503,142.28,61.27,28.18,54.43,11.959,10.592,4.536,3.98,1.367,0.5564,3459.68,56.08,493.51,0.000598,0.71,1,Tube-Side Fouled
2026-01-16 03:30:00,16.141,32.798,149.31,61.21,23.48,48.87,12.138,11.082,4.484,3.872,1.0561,0.6124,3483.84,64.04,435.19,0.000814,0.7002,1,Tube-Side Fouled
2026-01-16 03:45:00,19.548,31.303,144.27,70.16,32.23,59.34,12.216,10.724,4.615,4.058,1.492,0.5566,3549.67,58.31,487.05,0.000538,0.6615,1,Tube-Side Fouled
2026-01-16 04:00:00,20.192,31.04,149.46,75.58,27.99,56.14,12.518,10.887,4.514,3.968,1.6312,0.5467,3655.05,67.91,430.61,0.000847,0.6083,1,Tube-Side Fouled
2026-01-16 04:15:00,18.683,30.003,140.55,64.68,28.08,55.74,12.252,10.934,4.593,4.096,1.3182,0.4968,3472.67,57.37,484.25,0.000592,0.6746,1,Tube-Side Fouled
2026-01-16 04:30:00,17.083,33.47,143.41,66.58,28.69,51.65,12.329,11.105,4.39,3.746,1.2245,0.6436,3215.59,60.9,422.38,0.000887,0.6697,1,Tube-Side Fouled
2026-01-16 04:45:00,19.127,33.666,148.39,65.87,27.02,54.48,12.25,10.984,4.45,3.819,1.2661,0.6305,3866.97,62.38,495.94,0.000529,0.6799,1,Tube-Side Fouled
2026-01-16 05:00:00,17.911,33.214,144.31,64.03,27.51,52.86,12.01,10.801,4.546,3.904,1.2085,0.6426,3522.94,59.84,470.96,0.000632,0.6873,1,Tube-Side Fouled
2026-01-16 05:15:00,18.515,32.38,147.61,69.84,27.28,53.33,11.725,10.364,4.507,3.915,1.3609,0.5924,3528.1,65.03,434.05,0.000844,0.6464,1,Tube-Side Fouled
2026-01-16 05:30:00,14.497,34.311,142.43,57.17,27.24,48.33,11.966,11.04,4.541,3.863,0.9261,0.6776,3028.19,56.02,432.41,0.00087,0.7401,1,Tube-Side Fouled
2026-01-16 05:45:00,17.191,30.648,147.24,66.77,29.26,55.69,12.145,10.911,4.449,3.899,1.2334,0.5497,3389.08,60.57,447.62,0.000794,0.682,1,Tube-Side Fouled
2026-01-16 06:00:00,18.066,31.317,145.49,68.32,26.95,53.02,11.986,10.793,4.426,3.867,1.1926,0.5595,3415.81,63.52,430.18,0.000806,0.6511,1,Tube-Side Fouled
2026-01-16 06:15:00,17.485,30.683,145.48,66.88,27.44,53.67,12.446,11.315,4.484,3.938,1.1303,0.5456,3367.37,61.98,434.66,0.000842,0.6659,1,Tube-Side Fouled
2026-01-16 06:30:00,17.97,30.837,140.68,67.99,29.23,54.04,11.53,10.45,4.499,3.957,1.0801,0.5425,3200.5,59.52,430.15,0.00079,0.6523,1,Tube-Side Fouled
2026-01-16 06:45:00,18.263,31.011,144.8,67.93,26.11,52.62,12.071,10.766,4.268,3.719,1.3055,0.5486,3439.55,63.71,431.88,0.000844,0.6477,1,Tube-Side Fouled
2026-01-16 07:00:00,17.341,35.143,146.3,62.4,28.01,52.25,12.137,10.802,4.527,3.844,1.3354,0.6837,3564.46,59.31,480.83,0.000605,0.7092,1,Tube-Side Fouled
2026-01-16 07:15:00,17.446,29.625,144.61,66.1,27.21,54.28,12.067,10.849,4.428,3.937,1.2187,0.491,3355.53,61.04,439.81,0.000782,0.6687,1,Tube-Side Fouled
2026-01-16 07:30:00,19.212,30.646,147.57,75.71,31.48,57.85,11.842,10.252,4.382,3.847,1.5898,0.5345,3382.1,64.32,420.69,0.000903,0.619,1,Tube-Side Fouled
2026-01-16 07:45:00,19.218,31.267,146.52,71.14,29.75,56.88,12.048,10.716,4.497,3.956,1.3325,0.5414,3548.98,62.44,454.69,0.000756,0.6455,1,Tube-Side Fouled
2026-01-16 08:00:00,17.536,35.295,150.43,61.89,27.47,53.23,12.018,10.911,4.481,3.79,1.1077,0.6915,3803.87,60.48,503.19,0.00055,0.7201,1,Tube-Side Fouled
2026-01-16 08:15:00,19.071,29.648,149.4,74.16,28.66,57.0,11.835,10.35,4.476,3.986,1.4853,0.4903,3515.32,66.2,424.79,0.000873,0.6231,1,Tube-Side Fouled
2026-01-16 08:30:00,18.587,35.079,148.08,65.14,27.49,53.23,12.163,10.653,4.8,4.117,1.5094,0.6829,3776.95,61.91,488.07,0.000562,0.6878,1,Tube-Side Fouled
2026-01-16 08:45:00,17.701,33.365,140.61,62.99,29.35,53.47,11.598,10.533,4.327,3.707,1.0644,0.6194,3366.59,56.2,479.2,0.000601,0.6977,1,Tube-Side Fouled
2026-01-16 09:00:00,18.569,31.556,146.45,64.78,26.69,54.84,12.028,10.635,4.38,3.847,1.3925,0.5334,3715.54,60.98,487.42,0.000586,0.682,1,Tube-Side Fouled
2026-01-16 09:15:00,18.409,30.632,147.17,67.96,29.13,57.01,12.102,10.772,4.43,3.937,1.33,0.4928,3572.81,60.93,469.08,0.00069,0.6711,1,Tube-Side Fouled
2026-01-16 09:30:00,20.087,32.236,141.08,68.02,28.15,54.81,12.219,10.81,4.56,3.951,1.4081,0.6086,3595.75,60.11,478.54,0.000673,0.647,1,Tube-Side Fouled
2026-01-16 09:45:00,17.939,30.696,144.64,64.69,30.07,57.43,11.927,10.804,4.512,3.977,1.1227,0.535,3513.84,56.93,493.79,0.000557,0.6978,1,Tube-Side Fouled
2026-01-16 10:00:00,20.613,30.487,144.02,75.12,26.76,54.04,12.037,10.169,4.446,3.933,1.868,0.5132,3479.36,67.03,415.25,0.000946,0.5876,1,Tube-Side Fouled
2026-01-16 10:15:00,19.09,31.172,146.15,67.01,26.66,55.04,12.239,10.705,4.591,4.035,1.5345,0.5567,3701.54,62.33,475.12,0.000652,0.6623,1,Tube-Side Fouled
2026-01-16 10:30:00,18.112,32.903,150.25,66.29,26.94,54.0,12.014,10.799,4.605,4.011,1.2147,0.5942,3725.53,63.61,468.53,0.00071,0.6809,1,Tube-Side Fouled
2026-01-16 10:45:00,17.988,33.27,145.39,67.66,26.49,51.1,11.806,10.442,4.3,3.66,1.3638,0.6397,3425.35,64.1,427.49,0.000839,0.6537,1,Tube-Side Fouled
2026-01-16 11:00:00,18.844,35.248,144.75,66.88,30.01,54.39,12.175,10.593,4.574,3.877,1.5821,0.6969,3595.37,59.67,482.07,0.000541,0.6787,1,Tube-Side Fouled
2026-01-16 11:15:00,17.967,29.331,144.99,67.81,28.05,55.73,11.739,10.481,4.353,3.86,1.258,0.4924,3397.22,61.21,444.02,0.000798,0.66,1,Tube-Side Fouled
2026-01-16 11:30:00,16.628,35.338,147.83,58.25,25.91,50.59,12.031,11.007,4.49,3.772,1.0239,0.7176,3649.21,58.95,495.22,0.00056,0.7347,1,Tube-Side Fouled
2026-01-16 11:45:00,18.355,31.717,147.34,70.64,28.7,54.69,12.015,10.737,4.496,3.951,1.2772,0.5459,3449.4,63.98,431.28,0.00086,0.6465,1,Tube-Side Fouled
2026-01-16 12:00:00,16.612,32.114,140.76,60.05,26.05,50.5,12.151,10.898,4.48,3.897,1.2536,0.5828,3284.75,57.62,456.02,0.000684,0.7036,1,Tube-Side Fouled
2026-01-16 12:15:00,16.569,31.932,145.96,58.95,27.11,53.55,11.704,10.541,4.528,3.953,1.163,0.5753,3532.08,56.85,497.07,0.000608,0.7321,1,Tube-Side Fouled
2026-01-16 12:30:00,19.426,31.985,144.26,69.04,29.09,55.84,12.378,10.922,4.53,3.968,1.4562,0.5621,3579.93,61.01,469.46,0.000641,0.6531,1,Tube-Side Fouled
2026-01-16 12:45:00,18.936,33.178,144.01,69.32,27.98,52.94,11.766,10.568,4.513,3.888,1.1977,0.6254,3465.26,62.96,440.29,0.000817,0.6437,1,Tube-Side Fouled
2026-01-16 13:00:00,19.518,31.861,144.53,70.38,25.86,52.45,12.271,10.861,4.483,3.903,1.4102,0.5801,3545.55,65.45,433.39,0.000883,0.6248,1,Tube-Side Fouled
2026-01-16 13:15:00,17.606,29.877,145.33,71.2,31.31,56.89,11.618,10.488,4.486,3.998,1.1302,0.4884,3197.66,60.97,419.54,0.00093,0.6502,1,Tube-Side Fouled
2026-01-16 13:30:00,18.446,31.3,143.82,69.19,28.48,54.24,11.636,10.319,4.477,3.926,1.3164,0.5511,3372.91,61.97,435.42,0.00087,0.647,1,Tube-Side Fouled
2026-01-16 13:45:00,16.915,32.251,148.63,63.96,27.42,53.42,11.984,10.992,4.601,4.01,0.9921,0.5907,3509.09,61.27,458.21,0.000723,0.6985,1,Tube-Side Fouled
2026-01-16 14:00:00,15.21,32.699,144.5,54.49,25.26,49.77,11.664,10.854,4.598,4.009,0.8101,0.5882,3354.29,55.71,481.68,0.000609,0.7548,1,Tube-Side Fouled
2026-01-16 14:15:00,17.887,32.797,145.1,67.84,27.88,52.55,12.387,11.002,4.573,3.973,1.3857,0.5997,3385.72,62.62,432.52,0.000871,0.6591,1,Tube-Side Fouled
2026-01-16 14:30:00,18.693,31.967,152.35,67.71,27.0,55.98,11.865,10.447,4.569,3.996,1.4178,0.573,3876.17,64.59,480.11,0.000628,0.6752,1,Tube-Side Fouled
2026-01-16 14:45:00,16.27,30.728,144.58,59.99,26.24,52.47,11.65,10.504,4.469,3.928,1.1459,0.5414,3371.89,58.12,464.11,0.000706,0.7148,1,Tube-Side Fouled
2026-01-16 15:00:00,16.342,32.126,142.47,58.28,26.91,51.99,11.94,10.741,4.466,3.881,1.1992,0.5848,3370.43,55.8,483.22,0.000587,0.7285,1,Tube-Side Fouled
2026-01-16 15:15:00,19.623,31.661,144.8,73.55,27.44,53.3,11.968,10.589,4.422,3.839,1.3785,0.5824,3425.65,66.23,413.77,0.000914,0.6071,1,Tube-Side Fouled
2026-01-16 15:30:00,18.077,33.492,143.52,64.49,26.42,51.4,11.681,10.342,4.631,4.019,1.3394,0.612,3500.4,61.16,457.87,0.000786,0.675,1,Tube-Side Fouled
2026-01-16 15:45:00,19.428,32.923,146.94,68.04,27.14,54.4,12.398,10.965,4.512,3.9,1.4323,0.6117,3755.63,63.24,475.06,0.000596,0.6586,1,Tube-Side Fouled
2026-01-16 16:00:00,17.762,28.562,146.5,67.84,29.95,58.59,11.817,10.632,4.345,3.882,1.1847,0.4636,3422.75,59.43,460.73,0.000664,0.6749,1,Tube-Side Fouled
2026-01-16 16:15:00,17.651,32.637,138.93,67.3,30.46,53.15,12.009,10.821,4.371,3.759,1.1877,0.6117,3097.47,57.9,427.95,0.00083,0.6604,1,Tube-Side Fouled
2026-01-16 16:30:00,19.334,34.029,143.21,67.41,27.83,53.05,11.878,10.492,4.495,3.838,1.386,0.6572,3590.24,61.44,467.46,0.000659,0.6569,1,Tube-Side Fouled
2026-01-16 16:45:00,18.907,29.875,142.39,68.82,29.41,56.68,11.882,10.506,4.451,3.933,1.3762,0.5173,3407.99,59.59,457.51,0.000747,0.6512,1,Tube-Side Fouled
2026-01-16 17:00:00,17.206,32.869,143.33,61.79,29.45,54.45,11.955,10.813,4.394,3.77,1.1418,0.6241,3437.21,55.93,491.68,0.000555,0.716,1,Tube-Side Fouled
2026-01-16 17:15:00,20.495,34.266,142.78,71.09,29.48,54.59,12.305,10.852,4.653,3.987,1.4536,0.6663,3599.7,62.01,464.4,0.000715,0.6327,1,Tube-Side Fouled
2026-01-16 17:30:00,16.502,34.417,144.29,61.1,29.94,53.3,11.754,10.637,4.608,3.937,1.1171,0.6711,3363.6,55.83,481.94,0.000611,0.7275,1,Tube-Side Fouled
2026-01-16 17:45:00,18.734,30.574,143.97,73.34,30.94,56.28,12.534,11.321,4.656,4.136,1.2135,0.5204,3241.62,62.33,416.08,0.00095,0.6249,1,Tube-Side Fouled
2026-01-16 18:00:00,21.081,35.251,146.87,72.92,26.56,52.45,12.179,10.599,4.476,3.796,1.5797,0.6802,3819.14,67.56,452.21,0.000732,0.6146,1,Tube-Side Fouled
2026-01-16 18:15:00,18.401,28.624,148.8,65.51,26.52,57.88,11.81,10.458,4.467,3.987,1.3511,0.4802,3754.98,61.33,489.79,0.000568,0.6812,1,Tube-Side Fouled
2026-01-16 18:30:00,18.778,32.558,140.17,67.51,27.63,52.16,12.232,10.789,4.894,4.314,1.4436,0.5807,3342.58,60.81,439.77,0.000757,0.6456,1,Tube-Side Fouled
2026-01-16 18:45:00,18.118,31.938,147.67,65.1,26.38,53.81,12.133,10.916,4.502,3.913,1.2163,0.5893,3665.44,62.27,470.91,0.000662,0.6808,1,Tube-Side Fouled
2026-01-16 19:00:00,18.249,30.938,147.06,67.98,29.89,57.21,11.893,10.659,4.387,3.869,1.234,0.5172,3535.69,60.31,469.0,0.000648,0.675,1,Tube-Side Fouled
2026-01-16 19:15:00,17.137,33.156,141.82,63.28,27.49,51.26,12.389,11.273,4.495,3.895,1.1161,0.6,3297.87,58.99,447.21,0.000777,0.687,1,Tube-Side Fouled
2026-01-16 19:30:00,18.557,31.493,144.31,65.81,28.56,55.64,12.111,10.802,4.436,3.87,1.3089,0.566,3568.97,59.3,481.51,0.000615,0.6781,1,Tube-Side Fouled
2026-01-16 19:45:00,15.642,31.559,142.24,59.1,28.22,52.35,11.916,10.809,4.559,4.011,1.107,0.5485,3186.28,55.23,461.49,0.000696,0.7292,1,Tube-Side Fouled
2026-01-16 20:00:00,18.567,29.473,140.83,66.49,27.33,54.75,11.902,10.687,4.412,3.907,1.2152,0.5049,3381.62,59.57,454.15,0.000708,0.655,1,Tube-Side Fouled
2026-01-16 20:15:00,18.701,33.581,147.1,67.31,29.93,55.95,12.168,10.636,4.524,3.893,1.5313,0.6311,3655.79,60.32,484.86,0.000578,0.681,1,Tube-Side Fouled
2026-01-16 20:30:00,17.687,32.377,143.63,66.22,26.89,51.65,11.864,10.8,4.55,3.952,1.0642,0.5979,3354.22,61.97,433.01,0.000848,0.6631,1,Tube-Side Fouled
2026-01-16 20:45:00,17.331,31.663,141.49,63.59,27.48,52.45,11.664,10.542,4.575,4.002,1.1217,0.5723,3307.65,58.65,451.18,0.000771,0.6833,1,Tube-Side Fouled
2026-01-16 21:00:00,18.647,31.072,148.42,64.89,26.96,56.31,12.046,10.591,4.635,4.106,1.4547,0.5291,3816.22,61.07,499.95,0.000545,0.6877,1,Tube-Side Fouled
2026-01-16 21:15:00,17.631,32.521,141.44,66.21,28.2,52.08,12.108,11.006,4.599,3.999,1.1022,0.5991,3249.67,60.07,432.75,0.000792,0.6643,1,Tube-Side Fouled
2026-01-16 21:30:00,18.825,32.04,145.7,65.23,27.86,55.55,12.053,10.629,4.454,3.864,1.4238,0.5899,3711.36,59.94,495.38,0.000565,0.6829,1,Tube-Side Fouled
2026-01-16 21:45:00,18.718,29.29,144.34,65.75,27.5,56.91,11.773,10.312,4.351,3.864,1.4614,0.4873,3604.22,59.49,484.65,0.000608,0.6726,1,Tube-Side Fouled
2026-01-16 22:00:00,18.272,32.911,142.86,69.99,28.14,51.82,12.034,10.74,4.523,3.908,1.2935,0.6149,3262.06,63.29,412.31,0.000932,0.6352,1,Tube-Side Fouled
2026-01-16 22:15:00,18.724,33.91,145.71,68.12,28.09,53.18,12.226,10.904,4.627,3.968,1.322,0.6588,3559.48,62.66,454.46,0.000684,0.6597,1,Tube-Side Fouled
2026-01-16 22:30:00,19.021,33.793,149.31,74.12,28.87,53.65,11.83,10.35,4.485,3.822,1.4798,0.6635,3503.76,67.34,416.25,0.000915,0.6243,1,Tube-Side Fouled
2026-01-16 22:45:00,17.798,32.261,142.64,66.4,28.12,52.75,11.844,10.471,4.605,4.012,1.3731,0.5924,3324.4,60.45,439.94,0.000807,0.6658,1,Tube-Side Fouled
2026-01-16 23:00:00,19.428,31.238,141.85,67.09,27.94,55.16,12.246,10.91,4.613,4.059,1.3353,0.5536,3558.44,59.81,475.99,0.000617,0.6563,1,Tube-Side Fouled
2026-01-16 23:15:00,18.374,30.644,147.76,69.25,28.21,55.78,12.087,10.792,4.328,3.792,1.295,0.5356,3534.37,63.12,447.95,0.000681,0.6567,1,Tube-Side Fouled
2026-01-16 23:30:00,20.132,30.405,146.26,75.87,28.13,55.42,12.164,10.522,4.477,3.944,1.6416,0.5325,3472.16,66.99,414.63,0.000873,0.5959,1,Tube-Side Fouled
2026-01-16 23:45:00,17.007,31.836,147.2,65.92,28.05,53.47,12.033,10.878,4.461,3.905,1.155,0.5563,3386.61,61.64,439.53,0.00079,0.6821,1,Tube-Side Fouled
2026-01-17 00:00:00,17.015,31.727,143.21,61.93,25.99,51.52,12.028,10.932,4.429,3.873,1.0955,0.5559,3388.53,59.53,455.4,0.000747,0.6934,1,Tube-Side Fouled
2026-01-17 00:15:00,16.34,31.125,146.07,63.66,28.17,53.5,12.478,11.363,4.609,4.048,1.1158,0.5608,3299.04,59.54,443.26,0.000754,0.6989,1,Tube-Side Fouled
2026-01-17 00:30:00,16.722,32.283,145.18,64.36,26.64,51.16,11.892,10.814,4.652,4.08,1.0784,0.5717,3311.12,61.64,429.75,0.000802,0.6819,1,Tube-Side Fouled
2026-01-17 00:45:00,18.878,32.48,143.3,68.9,24.66,49.98,12.296,10.837,4.471,3.885,1.4587,0.5863,3441.09,65.76,418.63,0.000878,0.6271,1,Tube-Side Fouled
2026-01-17 01:00:00,17.304,30.91,146.62,65.15,29.81,56.51,12.317,11.08,4.606,4.063,1.2373,0.5425,3453.92,58.52,472.2,0.000626,0.6974,1,Tube-Side Fouled
2026-01-17 01:15:00,20.302,31.073,149.95,72.78,29.18,58.7,12.36,10.662,4.454,3.891,1.6975,0.5631,3838.41,64.51,475.98,0.000643,0.639,1,Tube-Side Fouled
2026-01-17 01:30:00,19.078,33.303,143.82,66.38,28.81,54.79,11.924,10.689,4.512,3.885,1.2354,0.6264,3619.68,59.65,485.47,0.000578,0.6733,1,Tube-Side Fouled
2026-01-17 01:45:00,18.916,29.377,146.06,73.57,28.8,56.13,11.92,10.463,4.709,4.194,1.4574,0.514,3359.3,64.75,415.03,0.000856,0.6181,1,Tube-Side Fouled
2026-01-17 02:00:00,17.629,32.539,144.54,67.71,26.36,50.73,12.143,10.75,4.444,3.84,1.3932,0.6038,3318.44,64.04,414.56,0.000887,0.6501,1,Tube-Side Fouled
2026-01-17 02:15:00,19.734,32.276,148.46,73.8,27.0,53.73,12.175,10.469,4.784,4.18,1.7055,0.6039,3609.46,67.97,424.82,0.000896,0.6147,1,Tube-Side Fouled
2026-01-17 02:30:00,16.794,33.054,145.77,64.21,27.61,51.87,11.823,10.816,4.569,3.931,1.0073,0.6384,3355.54,60.81,441.42,0.000777,0.6902,1,Tube-Side Fouled
2026-01-17 02:45:00,17.438,31.791,143.66,62.24,28.75,54.9,11.896,10.597,4.386,3.831,1.2991,0.5548,3478.57,56.7,490.79,0.000561,0.7086,1,Tube-Side Fouled
2026-01-17 03:00:00,17.945,32.098,141.66,66.29,30.44,55.11,12.174,10.947,4.643,4.042,1.2262,0.6012,3313.7,57.52,460.85,0.000674,0.6777,1,Tube-Side Fouled
2026-01-17 03:15:00,19.764,33.631,144.22,71.18,27.51,52.64,12.069,10.555,4.487,3.856,1.514,0.6312,3536.71,64.7,437.34,0.000846,0.6258,1,Tube-Side Fouled
2026-01-17 03:30:00,17.595,29.615,146.16,64.43,27.47,55.9,12.115,10.85,4.433,3.918,1.2654,0.5144,3523.1,59.7,472.12,0.000657,0.6886,1,Tube-Side Fouled
2026-01-17 03:45:00,18.971,32.429,147.61,71.09,30.14,56.35,11.75,10.359,4.395,3.776,1.3906,0.6186,3556.23,62.78,453.14,0.00071,0.6514,1,Tube-Side Fouled
2026-01-17 04:00:00,18.669,32.617,147.89,64.68,27.82,55.7,12.412,11.082,4.455,3.841,1.3302,0.6139,3805.79,60.36,504.45,0.000527,0.693,1,Tube-Side Fouled
2026-01-17 04:15:00,17.926,32.524,143.37,69.52,29.41,53.24,11.869,10.796,4.668,4.055,1.0731,0.6138,3243.38,61.79,419.93,0.000875,0.648,1,Tube-Side Fouled
2026-01-17 04:30:00,17.79,31.987,144.19,65.63,26.03,51.62,11.985,10.803,4.626,4.044,1.1812,0.5824,3424.14,62.39,439.09,0.000796,0.6649,1,Tube-Side Fouled
2026-01-17 04:45:00,18.204,29.839,139.8,63.43,29.23,56.51,12.049,10.739,4.59,4.098,1.3094,0.4923,3405.88,55.15,494.03,0.00054,0.6907,1,Tube-Side Fouled
2026-01-17 05:00:00,19.462,30.189,144.6,69.34,27.89,56.31,12.245,10.615,4.521,3.977,1.6303,0.5439,3588.62,61.94,463.5,0.000707,0.6449,1,Tube-Side Fouled
2026-01-17 05:15:00,18.516,30.043,144.96,70.44,27.53,54.42,12.557,11.226,4.605,4.09,1.3303,0.5146,3380.57,63.79,424.0,0.00089,0.6346,1,Tube-Side Fouled
2026-01-17 05:30:00,16.927,33.584,150.62,62.35,28.84,54.89,12.22,11.139,4.68,4.065,1.0807,0.6152,3660.58,59.27,494.05,0.000573,0.7248,1,Tube-Side Fouled
2026-01-17 05:45:00,18.406,33.31,144.63,65.15,26.82,52.54,11.955,10.495,4.498,3.878,1.4603,0.6196,3583.95,61.33,467.46,0.000607,0.6746,1,Tube-Side Fouled
2026-01-17 06:00:00,19.715,31.264,143.64,69.12,28.44,55.96,11.827,10.459,4.528,3.971,1.3678,0.5566,3599.53,61.2,470.51,0.000614,0.6469,1,Tube-Side Fouled
2026-01-17 06:15:00,18.702,32.59,145.14,70.01,28.91,54.16,12.019,10.706,4.299,3.694,1.3137,0.6052,3442.67,62.77,438.76,0.000749,0.6464,1,Tube-Side Fouled
2026-01-17 06:30:00,21.459,32.456,143.66,74.68,25.52,52.23,12.395,10.706,4.484,3.88,1.6886,0.6037,3626.73,68.12,425.9,0.000861,0.5839,1,Tube-Side Fouled
2026-01-17 06:45:00,17.311,34.096,144.6,63.67,28.78,52.84,12.082,10.824,4.564,3.914,1.2582,0.6496,3432.85,58.81,466.96,0.000621,0.6988,1,Tube-Side Fouled
2026-01-17 07:00:00,18.093,32.526,146.11,70.08,28.93,53.7,11.824,10.493,4.682,4.093,1.3316,0.5887,3370.6,63.36,425.59,0.000843,0.6489,1,Tube-Side Fouled
2026-01-17 07:15:00,18.998,31.695,144.9,69.65,29.81,56.22,11.909,10.503,4.475,3.906,1.4057,0.5688,3502.7,61.04,459.09,0.000708,0.6539,1,Tube-Side Fouled
2026-01-17 07:30:00,17.786,32.073,142.31,68.15,28.0,52.08,12.586,11.422,4.685,4.104,1.1641,0.5804,3231.88,61.85,418.04,0.000935,0.6488,1,Tube-Side Fouled
2026-01-17 07:45:00,20.384,32.599,145.25,72.54,25.48,52.1,12.15,10.692,4.386,3.812,1.4578,0.574,3631.17,67.51,430.32,0.000839,0.6071,1,Tube-Side Fouled
2026-01-17 08:00:00,17.738,29.096,146.71,67.67,28.59,56.81,12.112,10.944,4.405,3.933,1.1679,0.4713,3434.78,61.0,450.44,0.00071,0.6691,1,Tube-Side Fouled
2026-01-17 08:15:00,18.323,31.479,149.28,69.07,28.64,55.98,12.394,11.151,4.627,4.072,1.2432,0.5554,3600.69,63.22,455.62,0.00078,0.6649,1,Tube-Side Fouled
2026-01-17 08:30:00,17.234,31.254,143.01,64.2,26.96,52.41,11.956,10.647,4.673,4.097,1.3089,0.5756,3327.68,60.02,443.56,0.000813,0.6791,1,Tube-Side Fouled
2026-01-17 08:45:00,18.516,34.315,146.42,63.11,25.5,51.83,12.059,10.783,4.578,3.919,1.2767,0.6596,3779.4,61.78,489.42,0.000564,0.689,1,Tube-Side Fouled
2026-01-17 09:00:00,15.512,30.8,143.09,60.17,27.58,52.03,11.629,10.679,4.54,4.016,0.9498,0.5247,3151.25,56.9,443.04,0.000787,0.7179,1,Tube-Side Fouled
2026-01-17 09:15:00,17.987,32.617,146.17,66.54,26.85,52.56,12.085,10.892,4.619,4.02,1.1932,0.5989,3509.04,62.84,446.76,0.000791,0.6674,1,Tube-Side Fouled
2026-01-17 09:30:00,21.843,33.767,142.07,70.62,26.85,53.91,12.456,10.605,4.479,3.829,1.8508,0.6498,3823.75,63.4,482.51,0.000578,0.6201,1,Tube-Side Fouled
2026-01-17 09:45:00,18.553,33.498,146.37,70.95,27.6,52.06,11.891,10.53,4.484,3.867,1.3609,0.6171,3428.28,65.55,418.37,0.0009,0.6351,1,Tube-Side Fouled
2026-01-17 10:00:00,18.055,30.485,144.12,68.71,28.36,54.52,12.017,10.877,4.542,3.994,1.1398,0.5478,3335.72,61.74,432.25,0.000834,0.6514,1,Tube-Side Fouled
2026-01-17 10:15:00,20.885,33.171,147.15,74.43,28.38,55.18,12.073,10.577,4.34,3.719,1.4964,0.6216,3720.63,66.38,448.38,0.000757,0.6122,1,Tube-Side Fouled
2026-01-17 10:30:00,19.6,32.512,144.33,69.46,30.51,56.94,11.994,10.727,4.533,3.952,1.267,0.5809,3595.37,59.94,479.87,0.000614,0.6578,1,Tube-Side Fouled
2026-01-17 10:45:00,18.92,34.823,145.87,70.18,26.92,51.0,11.711,10.443,4.578,3.919,1.2687,0.6591,3508.54,65.72,427.08,0.000851,0.6363,1,Tube-Side Fouled
2026-01-17 11:00:00,18.96,31.785,143.41,68.96,26.55,52.56,11.523,10.087,4.482,3.894,1.4363,0.5875,3458.52,63.58,435.16,0.000835,0.6371,1,Tube-Side Fouled
2026-01-17 11:15:00,18.357,34.835,142.55,63.52,26.88,51.26,11.831,10.383,4.352,3.7,1.4476,0.6518,3554.42,59.86,475.01,0.000605,0.6832,1,Tube-Side Fouled
2026-01-17 11:30:00,13.872,33.934,140.79,54.65,28.88,49.51,12.006,11.167,4.712,4.073,0.839,0.6385,2927.78,51.79,452.22,0.000692,0.7698,1,Tube-Side Fouled
2026-01-17 11:45:00,18.088,32.636,145.47,66.62,28.69,54.28,12.028,10.849,4.542,3.953,1.1785,0.589,3494.32,60.72,460.35,0.000705,0.6752,1,Tube-Side Fouled
2026-01-17 12:00:00,18.542,33.649,143.75,70.34,28.3,51.98,12.024,10.514,4.439,3.801,1.5092,0.6386,3335.04,63.71,418.8,0.000892,0.6358,1,Tube-Side Fouled
2026-01-17 12:15:00,16.499,33.548,144.71,63.16,27.55,51.03,11.891,10.719,4.687,4.069,1.1722,0.6177,3296.51,60.04,439.24,0.000818,0.696,1,Tube-Side Fouled
2026-01-17 12:30:00,19.542,32.894,145.27,66.34,28.71,56.17,11.926,10.647,4.502,3.874,1.2789,0.6279,3779.15,59.71,506.3,0.00054,0.6772,1,Tube-Side Fouled
2026-01-17 12:45:00,19.553,28.8,144.44,67.39,27.75,58.38,12.078,10.51,4.401,3.927,1.5685,0.4737,3690.97,59.88,493.08,0.000558,0.6603,1,Tube-Side Fouled
2026-01-17 13:00:00,19.457,31.607,145.13,73.18,29.75,55.68,11.859,10.274,4.44,3.87,1.5851,0.5703,3429.83,63.7,430.77,0.000896,0.6236,1,Tube-Side Fouled
2026-01-17 13:15:00,19.483,34.796,145.96,69.45,27.93,53.02,12.229,10.831,4.57,3.909,1.3981,0.6609,3651.95,63.82,457.81,0.000787,0.6482,1,Tube-Side Fouled
2026-01-17 13:30:00,19.611,31.993,147.55,73.33,28.51,55.15,11.919,10.585,4.509,3.916,1.3346,0.5923,3566.21,65.77,433.76,0.00082,0.6235,1,Tube-Side Fouled
2026-01-17 13:45:00,16.731,27.739,145.19,67.79,29.34,56.68,11.896,10.846,4.602,4.169,1.0496,0.4329,3172.83,60.04,422.75,0.000897,0.6681,1,Tube-Side Fouled
2026-01-17 14:00:00,20.791,33.249,146.57,69.51,27.93,56.14,12.175,10.442,4.468,3.827,1.7331,0.6403,3925.22,62.88,499.41,0.000591,0.6495,1,Tube-Side Fouled
2026-01-17 14:15:00,18.582,30.297,147.26,68.56,28.32,56.58,12.108,10.682,4.673,4.134,1.4253,0.5392,3583.06,62.08,461.7,0.000669,0.6617,1,Tube-Side Fouled
2026-01-17 14:30:00,17.059,30.492,144.71,67.45,27.17,52.48,12.178,11.024,4.529,3.995,1.154,0.534,3229.09,62.71,411.95,0.000952,0.6573,1,Tube-Side Fouled
2026-01-17 14:45:00,20.293,32.973,139.12,74.74,29.77,52.97,12.183,10.726,4.595,3.978,1.4564,0.6171,3200.84,63.35,404.24,0.000932,0.5887,1,Tube-Side Fouled
2026-01-17 15:00:00,18.486,31.934,146.38,70.18,28.85,54.68,11.333,9.989,4.435,3.865,1.3437,0.5704,3451.14,63.2,436.85,0.000747,0.6484,1,Tube-Side Fouled
2026-01-17 15:15:00,20.191,33.294,141.66,75.84,29.89,53.26,12.145,10.654,4.488,3.855,1.4908,0.6331,3255.99,64.88,401.49,0.000944,0.5889,1,Tube-Side Fouled
2026-01-17 15:30:00,20.346,31.774,144.96,70.0,30.37,58.48,11.868,10.055,4.581,4.014,1.8134,0.5671,3736.79,60.04,497.89,0.000579,0.6542,1,Tube-Side Fouled
2026-01-17 15:45:00,17.315,31.426,142.05,62.76,27.67,53.25,11.932,10.641,4.573,4.011,1.2904,0.5621,3363.32,57.85,465.14,0.000608,0.6932,1,Tube-Side Fouled
2026-01-17 16:00:00,18.772,31.769,147.61,70.58,28.89,55.54,12.024,10.74,4.445,3.869,1.2846,0.5758,3542.47,63.58,445.7,0.000732,0.6488,1,Tube-Side Fouled
2026-01-17 16:15:00,17.311,30.967,140.41,64.24,30.07,55.0,11.74,10.658,4.554,4.005,1.0825,0.5497,3230.37,55.94,462.0,0.000693,0.6903,1,Tube-Side Fouled
2026-01-17 16:30:00,16.358,31.589,147.53,60.54,29.12,55.5,11.867,10.724,4.341,3.779,1.1432,0.562,3486.23,56.4,494.51,0.000532,0.7346,1,Tube-Side Fouled
2026-01-17 16:45:00,19.186,34.211,141.9,67.51,25.75,50.18,12.468,10.971,4.482,3.818,1.4968,0.6641,3496.87,63.49,440.59,0.000808,0.6405,1,Tube-Side Fouled
2026-01-17 17:00:00,18.185,32.417,146.16,65.12,28.34,54.96,11.743,10.619,4.531,3.922,1.1238,0.6094,3610.41,59.93,481.95,0.000569,0.6878,1,Tube-Side Fouled
2026-01-17 17:15:00,19.167,31.79,143.33,66.72,23.69,50.73,11.854,10.446,4.572,3.995,1.4085,0.5767,3597.75,64.68,445.0,0.000808,0.6403,1,Tube-Side Fouled
2026-01-17 17:30:00,17.443,30.19,142.34,67.33,28.99,54.36,11.851,10.59,4.397,3.867,1.2613,0.5295,3205.25,59.77,429.05,0.000834,0.6617,1,Tube-Side Fouled
2026-01-17 17:45:00,17.397,30.012,143.3,69.0,31.05,56.27,11.917,10.547,4.623,4.113,1.37,0.5108,3166.83,59.13,428.48,0.000847,0.6619,1,Tube-Side Fouled
2026-01-17 18:00:00,20.153,32.681,149.28,73.44,25.57,52.96,12.07,10.718,4.528,3.935,1.3517,0.593,3744.86,69.3,432.33,0.000791,0.6131,1,Tube-Side Fouled
2026-01-17 18:15:00,20.37,31.583,150.42,75.69,29.2,57.43,12.09,10.561,4.441,3.863,1.5287,0.578,3729.55,67.07,444.85,0.000742,0.6165,1,Tube-Side Fouled
2026-01-17 18:30:00,21.156,32.369,145.37,72.08,27.5,55.55,11.813,10.138,4.638,4.047,1.6754,0.5909,3798.89,64.59,470.55,0.000652,0.6218,1,Tube-Side Fouled
2026-01-17 18:45:00,19.923,29.638,146.17,75.79,29.09,56.79,11.972,10.25,4.589,4.118,1.7211,0.4717,3435.23,65.74,418.03,0.000927,0.6011,1,Tube-Side Fouled
2026-01-17 19:00:00,18.081,31.871,138.32,62.35,26.37,51.61,11.837,10.63,4.595,4.033,1.2077,0.562,3365.46,57.67,466.84,0.000605,0.6786,1,Tube-Side Fouled
2026-01-17 19:15:00,16.808,33.032,147.19,63.63,29.18,54.08,12.222,10.988,4.624,4.003,1.2333,0.621,3441.24,58.99,466.68,0.000604,0.7081,1,Tube-Side Fouled
2026-01-17 19:30:00,17.603,33.009,140.67,59.29,25.37,50.79,12.127,10.826,4.549,3.931,1.3007,0.6174,3509.79,57.43,488.93,0.000577,0.7058,1,Tube-Side Fouled
2026-01-17 19:45:00,19.505,34.389,144.18,67.96,27.63,52.94,11.968,10.466,4.527,3.875,1.5013,0.6522,3642.42,62.37,467.23,0.000651,0.6539,1,Tube-Side Fouled
2026-01-17 20:00:00,17.22,31.753,144.53,66.74,29.49,54.2,12.011,10.719,4.421,3.863,1.2914,0.5574,3282.14,59.92,438.22,0.000778,0.6763,1,Tube-Side Fouled
2026-01-17 20:15:00,19.352,28.563,143.02,74.6,30.34,57.49,12.166,10.773,4.445,3.968,1.3932,0.4776,3244.08,62.65,414.27,0.000925,0.6072,1,Tube-Side Fouled
2026-01-17 20:30:00,17.951,29.659,145.74,64.0,27.68,56.65,12.061,10.83,4.411,3.909,1.2318,0.5011,3595.02,58.81,489.0,0.000628,0.6924,1,Tube-Side Fouled
2026-01-17 20:45:00,20.2,38.485,145.1,68.12,30.13,53.79,12.203,10.732,4.6,3.752,1.4705,0.8476,3810.26,60.8,501.36,0.000577,0.6696,1,Tube-Side Fouled
2026-01-17 21:00:00,17.926,31.452,145.44,68.8,27.66,53.23,11.617,10.265,4.442,3.896,1.3524,0.546,3365.79,63.28,425.54,0.000839,0.6507,1,Tube-Side Fouled
2026-01-17 21:15:00,16.009,31.199,140.66,58.96,30.05,54.6,11.846,10.964,4.665,4.128,0.8824,0.5377,3204.5,52.39,489.36,0.000607,0.7387,1,Tube-Side Fouled
2026-01-17 21:30:00,18.915,30.602,146.87,66.67,28.4,57.42,11.932,10.355,4.429,3.89,1.5766,0.5389,3716.49,60.28,493.23,0.000565,0.6769,1,Tube-Side Fouled
2026-01-17 21:45:00,19.706,32.413,144.4,71.16,27.82,53.9,11.988,10.384,4.528,3.92,1.6038,0.6083,3536.2,64.05,441.65,0.000761,0.6283,1,Tube-Side Fouled
2026-01-17 22:00:00,19.356,33.418,142.85,65.21,26.35,52.69,11.922,10.632,4.498,3.884,1.2899,0.6141,3681.95,60.95,483.26,0.000652,0.6665,1,Tube-Side Fouled
2026-01-17 22:15:00,19.993,27.779,143.72,72.7,27.42,57.35,11.933,10.543,4.483,4.053,1.3896,0.4295,3478.8,63.63,437.37,0.000865,0.6106,1,Tube-Side Fouled
2026-01-17 22:30:00,18.932,32.057,144.47,68.74,27.45,53.64,12.402,10.818,4.418,3.835,1.5845,0.5829,3512.82,62.84,447.19,0.000764,0.6472,1,Tube-Side Fouled
2026-01-17 22:45:00,18.213,33.439,145.91,69.18,28.01,52.48,12.041,10.564,4.431,3.81,1.4764,0.6207,3423.72,63.77,429.52,0.000847,0.6508,1,Tube-Side Fouled
2026-01-17 23:00:00,17.632,26.241,143.76,69.78,28.06,57.17,11.973,10.846,4.698,4.313,1.1269,0.3849,3196.17,61.45,416.1,0.000873,0.6394,1,Tube-Side Fouled
2026-01-17 23:15:00,17.557,30.56,140.48,65.56,26.09,51.29,12.175,10.807,4.486,3.961,1.3681,0.5243,3222.65,60.99,422.71,0.000877,0.6549,1,Tube-Side Fouled
2026-01-17 23:30:00,18.925,35.407,148.57,70.28,28.87,53.38,12.03,10.598,4.64,3.965,1.4321,0.6754,3630.4,64.61,449.53,0.000694,0.6541,1,Tube-Side Fouled
2026-01-17 23:45:00,18.193,31.483,144.28,67.47,29.24,55.23,11.947,10.827,4.462,3.909,1.1202,0.5528,3423.24,60.11,455.63,0.00068,0.6676,1,Tube-Side Fouled
2026-01-18 00:00:00,17.58,31.053,145.65,64.93,27.51,54.27,12.462,11.324,4.493,3.942,1.1379,0.5507,3476.56,60.44,460.2,0.000671,0.6833,1,Tube-Side Fouled
2026-01-18 00:15:00,18.914,31.592,143.42,71.31,29.67,54.95,12.414,10.9,4.514,3.956,1.5144,0.5573,3341.61,62.14,430.19,0.000887,0.634,1,Tube-Side Fouled
2026-01-18 00:30:00,17.103,31.121,145.99,68.88,29.82,54.63,11.836,10.826,4.297,3.734,1.0102,0.563,3230.79,61.55,419.9,0.000854,0.6637,1,Tube-Side Fouled
2026-01-18 00:45:00,18.361,33.07,141.93,66.03,27.51,52.19,12.239,11.103,4.381,3.763,1.1361,0.618,3414.03,60.56,450.96,0.000796,0.6633,1,Tube-Side Fouled
2026-01-18 01:00:00,17.904,32.981,144.98,65.58,29.68,54.92,12.287,10.949,4.382,3.778,1.3386,0.6039,3482.8,58.89,473.11,0.000661,0.6886,1,Tube-Side Fouled
2026-01-18 01:15:00,20.185,35.434,145.65,70.42,24.01,49.11,12.059,10.563,4.593,3.895,1.4963,0.6989,3720.53,68.44,434.9,0.000837,0.6185,1,Tube-Side Fouled
2026-01-18 01:30:00,17.581,32.821,145.76,67.51,30.38,54.92,11.992,10.733,4.325,3.729,1.2583,0.5958,3370.45,60.03,449.15,0.00078,0.6782,1,Tube-Side Fouled
2026-01-18 01:45:00,17.356,35.606,144.18,63.63,27.01,50.0,11.968,10.646,4.468,3.762,1.3226,0.7059,3425.48,60.94,449.72,0.000805,0.6875,1,Tube-Side Fouled
2026-01-18 02:00:00,18.122,32.119,144.76,64.56,25.51,52.01,12.31,11.014,4.525,3.942,1.2969,0.5829,3560.96,62.07,458.94,0.000688,0.6726,1,Tube-Side Fouled
2026-01-18 02:15:00,17.881,32.984,145.24,67.33,27.87,52.6,11.685,10.403,4.418,3.796,1.2829,0.6218,3412.96,62.31,438.2,0.000832,0.6638,1,Tube-Side Fouled
2026-01-18 02:30:00,17.859,32.36,150.03,63.25,27.21,55.26,11.792,10.361,4.387,3.795,1.4308,0.5921,3797.26,60.74,500.12,0.000579,0.7066,1,Tube-Side Fouled
2026-01-18 02:45:00,18.142,29.948,141.73,64.59,26.64,54.0,12.07,10.724,4.552,4.063,1.3456,0.4891,3428.46,59.4,461.71,0.000715,0.6702,1,Tube-Side Fouled
2026-01-18 03:00:00,19.662,36.21,147.09,70.62,27.76,52.07,11.937,10.492,4.479,3.762,1.4443,0.717,3683.27,65.52,449.72,0.00076,0.6408,1,Tube-Side Fouled
2026-01-18 03:15:00,16.961,32.522,142.52,63.5,27.79,51.92,12.353,11.238,4.565,3.969,1.1146,0.596,3283.69,58.96,445.57,0.000728,0.6888,1,Tube-Side Fouled
2026-01-18 03:30:00,19.041,32.473,144.84,65.54,27.01,54.23,12.103,10.786,4.653,4.063,1.3171,0.5897,3698.97,60.91,485.85,0.000594,0.6729,1,Tube-Side Fouled
2026-01-18 03:45:00,19.273,28.763,142.55,69.39,28.12,56.83,11.971,10.61,4.552,4.083,1.3617,0.469,3454.78,60.81,454.49,0.000725,0.6394,1,Tube-Side Fouled
2026-01-18 04:00:00,19.26,33.104,139.95,68.48,26.29,50.64,11.796,10.215,4.418,3.811,1.581,0.6073,3372.56,62.83,429.4,0.0009,0.6288,1,Tube-Side Fouled
2026-01-18 04:15:00,17.653,32.161,145.51,66.39,29.21,54.64,12.16,11.091,4.27,3.685,1.0688,0.5852,3421.83,60.08,455.65,0.000719,0.6803,1,Tube-Side Fouled
2026-01-18 04:30:00,18.71,29.954,142.25,68.27,29.09,56.15,12.176,10.776,4.503,3.981,1.4003,0.5221,3391.06,59.6,455.18,0.000716,0.6537,1,Tube-Side Fouled
2026-01-18 04:45:00,18.169,33.697,145.7,63.25,26.67,52.71,12.012,10.788,4.631,4.004,1.2239,0.6273,3670.19,60.46,485.62,0.000584,0.6927,1,Tube-Side Fouled
2026-01-18 05:00:00,19.484,29.982,148.88,69.55,25.99,56.18,12.466,11.19,4.673,4.171,1.2758,0.5017,3787.09,65.06,465.64,0.000636,0.6456,1,Tube-Side Fouled
2026-01-18 05:15:00,17.642,31.633,143.56,69.9,31.12,55.17,11.893,10.5,4.544,3.985,1.3932,0.5593,3184.02,60.22,423.01,0.000899,0.6551,1,Tube-Side Fouled
2026-01-18 05:30:00,18.77,32.105,144.65,68.57,26.63,52.68,11.988,10.537,4.524,3.934,1.4511,0.5899,3498.66,63.72,439.27,0.000798,0.6446,1,Tube-Side Fouled
2026-01-18 05:45:00,18.876,31.602,145.45,69.91,29.5,55.92,11.858,10.479,4.56,3.986,1.3795,0.5734,3493.52,61.75,452.63,0.00074,0.6515,1,Tube-Side Fouled
2026-01-18 06:00:00,19.557,31.221,139.45,63.81,27.95,55.7,11.782,10.259,4.513,3.956,1.5225,0.557,3624.0,56.46,513.48,0.000522,0.6784,1,Tube-Side Fouled
2026-01-18 06:15:00,17.247,30.769,142.68,59.1,26.04,53.47,12.273,11.174,4.291,3.762,1.0997,0.5285,3531.57,56.57,499.45,0.000573,0.7165,1,Tube-Side Fouled
2026-01-18 06:30:00,17.163,29.152,143.63,67.13,28.94,55.31,12.001,10.768,4.396,3.917,1.2323,0.4788,3216.65,59.79,430.36,0.0008,0.667,1,Tube-Side Fouled
2026-01-18 06:45:00,18.926,31.086,144.31,72.48,27.33,52.94,11.944,10.664,4.542,4.01,1.2801,0.5321,3330.9,65.57,406.4,0.000917,0.6141,1,Tube-Side Fouled
2026-01-18 07:00:00,18.507,32.232,139.75,66.22,28.98,53.7,11.942,10.448,4.693,4.109,1.4943,0.5842,3334.17,58.27,457.73,0.00065,0.6638,1,Tube-Side Fouled
2026-01-18 07:15:00,17.362,34.466,143.87,63.97,26.65,50.22,12.122,10.859,4.661,4.006,1.2627,0.6551,3398.63,61.22,444.1,0.000795,0.6816,1,Tube-Side Fouled
2026-01-18 07:30:00,16.672,32.765,144.82,66.27,29.86,53.27,12.234,11.225,4.557,3.943,1.0091,0.6141,3208.64,59.8,429.27,0.000909,0.6833,1,Tube-Side Fouled
2026-01-18 07:45:00,18.785,32.147,140.97,66.61,27.5,52.94,12.32,11.071,4.425,3.822,1.2488,0.6033,3422.4,60.3,454.04,0.000802,0.6553,1,Tube-Side Fouled
2026-01-18 08:00:00,17.763,33.91,141.56,65.28,26.2,49.6,12.38,11.084,4.499,3.845,1.2967,0.6541,3319.58,61.79,429.79,0.000836,0.6613,1,Tube-Side Fouled
2026-01-18 08:15:00,19.333,31.085,145.43,68.19,28.4,56.53,12.257,10.96,4.575,4.022,1.297,0.5538,3658.66,61.08,479.16,0.000569,0.66,1,Tube-Side Fouled
2026-01-18 08:30:00,18.622,31.517,145.17,70.98,28.31,53.98,11.872,10.489,4.378,3.807,1.3826,0.5709,3384.83,63.89,423.84,0.000906,0.6349,1,Tube-Side Fouled
2026-01-18 08:45:00,16.993,28.876,145.96,61.81,28.44,57.44,11.654,10.586,4.536,4.075,1.0681,0.4612,3503.55,56.53,495.81,0.000534,0.7161,1,Tube-Side Fouled
2026-01-18 09:00:00,17.655,33.003,144.6,64.5,28.96,54.05,11.49,10.328,4.416,3.809,1.1626,0.6068,3464.77,58.82,471.21,0.000675,0.6927,1,Tube-Side Fouled
2026-01-18 09:15:00,19.689,34.091,147.59,74.08,31.06,55.92,12.253,10.769,4.42,3.77,1.4847,0.6503,3546.07,64.3,441.16,0.000801,0.6308,1,Tube-Side Fouled
2026-01-18 09:30:00,18.8,30.312,140.78,65.93,29.18,56.36,12.182,10.863,4.546,4.019,1.3187,0.5265,3447.73,57.32,481.21,0.0006,0.6707,1,Tube-Side Fouled
2026-01-18 09:45:00,16.522,30.752,143.2,60.32,24.2,50.28,12.113,10.908,4.475,3.944,1.2056,0.5314,3354.75,60.11,446.46,0.000765,0.6965,1,Tube-Side Fouled
2026-01-18 10:00:00,19.327,31.738,144.8,67.35,28.17,55.79,11.849,10.199,4.443,3.873,1.6505,0.5701,3667.26,60.72,483.14,0.000642,0.6641,1,Tube-Side Fouled
2026-01-18 10:15:00,16.912,29.444,142.02,61.93,28.2,55.14,11.438,10.182,4.441,3.959,1.2566,0.4822,3318.54,56.18,472.58,0.00069,0.7037,1,Tube-Side Fouled
2026-01-18 10:30:00,18.219,30.981,141.67,67.6,27.67,53.18,11.941,10.469,4.374,3.863,1.4718,0.5109,3306.29,61.02,433.44,0.000861,0.6497,1,Tube-Side Fouled
2026-01-18 10:45:00,19.061,30.805,142.77,68.43,26.11,53.05,11.945,10.589,4.658,4.098,1.3564,0.5599,3471.56,63.08,440.27,0.000784,0.6372,1,Tube-Side Fouled
2026-01-18 11:00:00,15.379,29.776,137.88,59.24,27.89,51.67,12.198,11.22,4.511,4.01,0.9784,0.5009,2962.93,54.24,437.04,0.000804,0.7149,1,Tube-Side Fouled
2026-01-18 11:15:00,18.223,32.111,144.79,67.2,30.01,55.8,11.934,10.512,4.407,3.828,1.422,0.5789,3464.18,59.37,466.82,0.000644,0.676,1,Tube-Side Fouled
2026-01-18 11:30:00,18.457,30.147,142.86,68.52,27.71,54.36,12.054,10.693,4.595,4.083,1.361,0.5116,3361.52,61.61,436.49,0.000863,0.6456,1,Tube-Side Fouled
2026-01-18 11:45:00,19.122,29.586,144.27,68.26,29.16,57.93,12.283,10.869,4.475,3.988,1.4136,0.4862,3561.22,59.64,477.72,0.000602,0.6603,1,Tube-Side Fouled
2026-01-18 12:00:00,17.499,30.691,143.13,62.45,25.57,52.51,12.068,10.772,4.589,4.046,1.2961,0.5437,3459.02,59.78,462.91,0.00071,0.6863,1,Tube-Side Fouled
2026-01-18 12:15:00,18.468,31.538,144.0,65.51,25.66,52.57,12.132,10.787,4.489,3.938,1.3454,0.551,3551.65,62.11,457.48,0.000732,0.6633,1,Tube-Side Fouled
2026-01-18 12:30:00,18.977,33.415,142.63,67.72,27.55,52.46,12.295,10.756,4.428,3.805,1.5397,0.623,3482.94,61.84,450.58,0.000699,0.6509,1,Tube-Side Fouled
2026-01-18 12:45:00,16.866,32.134,144.06,66.18,29.43,53.36,11.756,10.495,4.543,3.97,1.2612,0.5735,3218.07,59.72,431.11,0.000826,0.6794,1,Tube-Side Fouled
2026-01-18 13:00:00,18.072,32.14,145.56,62.97,26.52,53.71,11.93,10.555,4.394,3.796,1.3747,0.5982,3656.69,59.94,488.02,0.00055,0.6938,1,Tube-Side Fouled
2026-01-18 13:15:00,18.29,30.689,142.27,67.05,29.28,55.53,12.181,10.711,4.479,3.935,1.4693,0.5441,3370.75,58.9,457.87,0.000739,0.6658,1,Tube-Side Fouled
2026-01-18 13:30:00,18.115,34.512,142.35,63.33,30.21,54.5,12.079,10.902,4.562,3.887,1.1776,0.6748,3507.23,56.1,500.14,0.000557,0.7047,1,Tube-Side Fouled
2026-01-18 13:45:00,18.267,31.245,148.47,72.79,30.87,56.78,12.002,10.542,4.425,3.862,1.4599,0.5627,3386.99,63.6,426.06,0.000905,0.6435,1,Tube-Side Fouled
2026-01-18 14:00:00,17.661,32.865,143.78,66.58,27.58,51.87,11.918,10.547,4.574,3.972,1.3709,0.602,3340.43,61.72,432.99,0.000835,0.6644,1,Tube-Side Fouled
2026-01-18 14:15:00,19.615,27.158,144.32,73.94,27.66,57.43,12.134,10.512,4.493,4.074,1.6214,0.4193,3382.41,64.46,419.77,0.000937,0.6033,1,Tube-Side Fouled
2026-01-18 14:30:00,19.58,29.346,151.28,75.54,29.79,59.38,12.0,10.397,4.417,3.936,1.6031,0.4813,3633.71,66.17,439.35,0.000789,0.6234,1,Tube-Side Fouled
2026-01-18 14:45:00,18.004,32.678,146.73,69.09,26.87,51.92,11.912,10.579,4.646,4.085,1.3329,0.561,3424.7,65.01,421.47,0.000943,0.6478,1,Tube-Side Fouled
2026-01-18 15:00:00,21.513,31.964,144.22,72.3,27.22,55.56,12.075,10.22,4.539,3.973,1.8551,0.566,3790.69,64.43,470.65,0.000661,0.6147,1,Tube-Side Fouled
2026-01-18 15:15:00,19.107,33.856,147.19,68.09,27.61,53.75,12.072,10.503,4.667,4.021,1.569,0.6462,3702.8,63.31,467.93,0.000701,0.6615,1,Tube-Side Fouled
2026-01-18 15:30:00,18.184,32.188,143.64,65.66,29.94,55.73,12.03,10.676,4.412,3.826,1.3537,0.5857,3473.85,57.95,479.54,0.000658,0.6858,1,Tube-Side Fouled
2026-01-18 15:45:00,18.601,31.848,143.37,62.93,27.17,54.68,11.927,10.628,4.383,3.823,1.2984,0.5602,3665.58,58.28,503.21,0.000537,0.6922,1,Tube-Side Fouled
2026-01-18 16:00:00,19.233,32.293,138.06,66.58,30.69,55.62,12.137,10.738,4.423,3.83,1.3988,0.5934,3368.11,55.98,481.33,0.000591,0.6657,1,Tube-Side Fouled
2026-01-18 16:15:00,20.144,35.221,144.0,70.25,28.57,53.27,12.016,10.398,4.402,3.703,1.6184,0.6987,3639.92,63.06,461.76,0.000774,0.6389,1,Tube-Side Fouled
2026-01-18 16:30:00,20.315,30.297,149.18,73.11,27.66,57.53,12.305,10.831,4.499,4.002,1.4744,0.4974,3786.17,65.87,459.82,0.000749,0.626,1,Tube-Side Fouled
2026-01-18 16:45:00,17.629,30.059,148.77,68.11,29.89,57.59,12.118,10.771,4.436,3.913,1.3474,0.5229,3484.09,60.91,457.57,0.000759,0.6785,1,Tube-Side Fouled
2026-01-18 17:00:00,17.985,30.068,149.81,71.82,29.18,56.5,12.243,11.095,4.378,3.87,1.1479,0.5075,3436.59,64.7,424.92,0.000921,0.6466,1,Tube-Side Fouled
2026-01-18 17:15:00,16.274,33.092,151.13,60.43,26.48,52.6,12.034,10.915,4.611,4.0,1.1189,0.6114,3616.27,60.61,477.31,0.000585,0.7276,1,Tube-Side Fouled
2026-01-18 17:30:00,17.969,30.865,142.56,68.96,27.85,52.94,12.115,10.724,4.549,3.993,1.3911,0.5559,3240.15,62.25,416.44,0.000928,0.6416,1,Tube-Side Fouled
2026-01-18 17:45:00,17.8,29.575,145.93,65.19,27.08,55.54,12.046,10.636,4.585,4.112,1.4097,0.4727,3520.77,60.53,465.3,0.000648,0.6793,1,Tube-Side Fouled
2026-01-18 18:00:00,17.882,34.409,144.41,62.24,26.2,51.21,12.143,10.736,4.569,3.945,1.4062,0.6244,3600.22,60.16,478.77,0.000604,0.6952,1,Tube-Side Fouled
2026-01-18 18:15:00,18.282,35.211,142.76,63.59,27.12,51.2,11.763,10.349,4.561,3.864,1.4141,0.6977,3546.17,59.85,474.04,0.000677,0.6847,1,Tube-Side Fouled
2026-01-18 18:30:00,17.934,32.396,148.09,67.92,28.49,54.48,11.75,10.633,4.454,3.848,1.1177,0.6067,3522.4,62.67,449.67,0.000793,0.6703,1,Tube-Side Fouled
2026-01-18 18:45:00,20.231,31.354,143.75,68.89,27.77,56.05,12.008,10.404,4.643,4.095,1.6039,0.5477,3710.46,61.5,482.65,0.000638,0.6454,1,Tube-Side Fouled
2026-01-18 19:00:00,20.798,30.052,141.98,70.39,27.0,56.02,11.86,10.293,4.553,4.034,1.5662,0.5187,3647.9,62.27,468.68,0.000629,0.6227,1,Tube-Side Fouled
2026-01-18 19:15:00,18.723,35.45,147.28,72.22,30.16,53.38,12.058,10.573,4.402,3.727,1.4847,0.6751,3443.4,64.55,426.77,0.000877,0.6409,1,Tube-Side Fouled
2026-01-18 19:30:00,17.161,32.044,142.06,64.68,27.36,51.63,12.181,10.999,4.397,3.826,1.182,0.5715,3253.25,60.0,433.73,0.000844,0.6746,1,Tube-Side Fouled
2026-01-18 19:45:00,19.209,34.052,144.8,66.27,27.23,53.17,11.863,10.392,4.531,3.895,1.4715,0.6352,3695.67,61.64,479.68,0.000602,0.668,1,Tube-Side Fouled
2026-01-18 20:00:00,19.312,30.954,149.81,75.63,28.03,55.13,11.688,10.398,4.472,3.937,1.2901,0.5346,3509.66,68.46,410.11,0.000928,0.6091,1,Tube-Side Fouled
2026-01-18 20:15:00,17.138,30.681,146.65,68.17,30.47,56.14,12.151,11.039,4.631,4.089,1.1126,0.5416,3295.11,60.3,437.18,0.00085,0.6755,1,Tube-Side Fouled
2026-01-18 20:30:00,18.237,32.123,146.78,70.16,28.63,54.11,11.968,10.71,4.506,3.934,1.2579,0.5717,3423.54,63.72,429.85,0.000894,0.6485,1,Tube-Side Fouled
2026-01-18 20:45:00,18.184,31.525,146.39,69.32,26.34,52.37,12.005,10.8,4.525,3.972,1.2045,0.5526,3433.58,65.21,421.24,0.000917,0.642,1,Tube-Side Fouled
2026-01-18 21:00:00,18.279,33.22,148.99,63.86,27.18,54.61,11.8,10.384,4.376,3.772,1.4161,0.6043,3812.43,61.05,499.6,0.000579,0.6989,1,Tube-Side Fouled
2026-01-18 21:15:00,17.327,29.393,144.27,65.74,26.59,53.7,11.862,10.83,4.701,4.208,1.0315,0.4922,3333.63,61.31,435.01,0.000843,0.6673,1,Tube-Side Fouled
2026-01-18 21:30:00,17.817,32.234,143.23,64.44,27.74,53.25,11.933,10.718,4.373,3.791,1.2145,0.5824,3439.69,59.41,463.18,0.000714,0.6823,1,Tube-Side Fouled
2026-01-18 21:45:00,16.875,31.636,151.05,65.35,28.69,55.46,12.339,11.303,4.475,3.912,1.0363,0.5625,3543.12,61.49,460.94,0.000743,0.7004,1,Tube-Side Fouled
2026-01-18 22:00:00,20.937,29.669,145.15,70.79,25.28,56.0,11.915,10.07,4.531,4.021,1.8447,0.5106,3814.16,64.9,470.13,0.000669,0.6203,1,Tube-Side Fouled
2026-01-18 22:15:00,17.243,28.667,143.63,63.42,27.8,56.05,12.251,11.004,4.49,4.016,1.2467,0.4738,3388.71,57.76,469.39,0.000654,0.6925,1,Tube-Side Fouled
2026-01-18 22:30:00,18.904,34.842,144.63,66.74,29.02,53.76,11.773,10.473,4.469,3.792,1.2997,0.677,3607.1,60.45,477.36,0.000687,0.6737,1,Tube-Side Fouled
2026-01-18 22:45:00,19.109,32.713,148.46,68.63,27.22,54.53,12.146,10.723,4.608,4.04,1.4239,0.568,3737.35,64.13,466.25,0.000713,0.6584,1,Tube-Side Fouled
2026-01-18 23:00:00,21.104,33.112,145.3,73.5,28.55,55.34,12.029,10.505,4.6,3.972,1.5247,0.6281,3712.49,64.88,457.79,0.000756,0.615,1,Tube-Side Fouled
2026-01-18 23:15:00,18.638,34.94,142.4,64.34,26.37,50.76,11.819,10.468,4.513,3.823,1.3508,0.6908,3564.5,60.91,468.17,0.000715,0.6728,1,Tube-Side Fouled
2026-01-18 23:30:00,18.452,32.151,145.18,68.12,26.82,52.72,12.086,10.817,4.477,3.903,1.2689,0.5742,3483.78,63.48,439.04,0.000743,0.6511,1,Tube-Side Fouled
2026-01-18 23:45:00,18.906,35.21,143.59,62.53,27.06,52.55,11.974,10.397,4.503,3.823,1.5765,0.6801,3755.07,58.95,509.57,0.000547,0.6957,1,Tube-Side Fouled
2026-01-19 00:00:00,20.239,31.679,145.75,73.08,27.55,54.73,11.742,10.286,4.62,4.059,1.4561,0.5615,3603.47,65.67,439.0,0.000774,0.6148,1,Tube-Side Fouled
2026-01-19 00:15:00,18.239,31.812,143.29,64.9,26.55,52.87,11.678,10.557,4.485,3.911,1.1206,0.5744,3503.2,60.71,461.64,0.000716,0.6715,1,Tube-Side Fouled
2026-01-19 00:30:00,20.207,31.306,144.75,71.08,27.76,55.6,11.646,9.962,4.601,4.029,1.6835,0.5716,3647.02,63.5,459.46,0.000671,0.6297,1,Tube-Side Fouled
2026-01-19 00:45:00,19.056,33.208,142.37,70.84,27.43,51.47,11.966,10.44,4.414,3.786,1.5268,0.6285,3339.76,64.26,415.8,0.000874,0.6223,1,Tube-Side Fouled
2026-01-19 01:00:00,18.715,30.624,148.19,71.36,28.32,55.82,12.192,10.694,4.393,3.874,1.498,0.5194,3523.11,64.6,436.31,0.000831,0.641,1,Tube-Side Fouled
2026-01-19 01:15:00,19.234,32.422,146.5,73.35,29.52,54.93,11.87,10.336,4.384,3.8,1.5339,0.5846,3447.33,64.79,425.64,0.000878,0.6254,1,Tube-Side Fouled
2026-01-19 01:30:00,18.573,30.618,143.64,66.53,27.39,54.78,12.289,10.937,4.493,3.958,1.3513,0.5345,3509.01,60.64,462.91,0.000737,0.6633,1,Tube-Side Fouled
2026-01-19 01:45:00,17.838,32.407,140.83,62.51,28.5,53.75,11.648,10.333,4.602,4.033,1.315,0.5696,3423.29,56.44,485.21,0.000618,0.6973,1,Tube-Side Fouled
2026-01-19 02:00:00,17.263,31.39,146.75,64.0,28.07,54.71,12.29,11.239,4.577,4.026,1.051,0.5505,3499.56,59.65,469.32,0.000654,0.6972,1,Tube-Side Fouled
2026-01-19 02:15:00,19.773,32.855,147.52,68.27,25.6,53.53,12.012,10.536,4.597,3.993,1.4751,0.6038,3839.11,64.99,472.59,0.000693,0.65,1,Tube-Side Fouled
2026-01-19 02:30:00,17.362,28.96,145.15,67.01,29.34,56.77,11.748,10.539,4.526,4.058,1.2087,0.4679,3323.63,59.46,447.2,0.000764,0.6748,1,Tube-Side Fouled
2026-01-19 02:45:00,18.604,32.918,150.98,67.49,28.17,55.8,12.302,11.027,4.536,3.925,1.2749,0.6106,3805.34,63.19,481.78,0.000602,0.6798,1,Tube-Side Fouled
2026-01-19 03:00:00,19.933,34.575,144.41,67.89,28.23,54.06,12.197,10.848,4.367,3.698,1.3487,0.669,3736.82,61.56,485.61,0.000602,0.6587,1,Tube-Side Fouled
2026-01-19 03:15:00,18.918,32.309,149.64,64.23,25.71,55.0,12.339,11.095,4.471,3.879,1.2444,0.5922,3958.64,62.43,507.31,0.000517,0.6892,1,Tube-Side Fouled
2026-01-19 03:30:00,19.068,31.024,154.03,72.38,29.8,59.18,12.187,10.845,4.465,3.909,1.3413,0.5552,3814.26,65.26,467.56,0.000634,0.6572,1,Tube-Side Fouled
2026-01-19 03:45:00,17.576,30.036,148.59,69.71,28.54,55.57,11.727,10.634,4.371,3.885,1.0937,0.4853,3396.94,63.62,427.18,0.000858,0.6571,1,Tube-Side Fouled
2026-01-19 04:00:00,18.769,34.567,148.33,69.88,28.54,53.48,12.47,11.201,4.561,3.921,1.2689,0.6394,3607.52,64.43,447.9,0.000768,0.6549,1,Tube-Side Fouled
2026-01-19 04:15:00,17.269,31.427,146.82,65.96,27.98,53.99,11.986,10.842,4.401,3.85,1.1433,0.5516,3421.25,61.37,445.98,0.000772,0.6804,1,Tube-Side Fouled
2026-01-19 04:30:00,18.411,30.897,146.26,66.69,27.55,55.31,11.963,10.731,4.415,3.888,1.2317,0.5266,3589.21,61.44,467.32,0.000725,0.6703,1,Tube-Side Fouled
2026-01-19 04:45:00,17.538,32.86,141.7,62.82,27.8,52.46,12.085,10.772,4.482,3.889,1.3134,0.5921,3389.42,57.96,467.81,0.000684,0.6926,1,Tube-Side Fouled
2026-01-19 05:00:00,19.401,28.456,149.39,73.91,28.73,58.87,11.81,10.24,4.578,4.106,1.5696,0.4724,3587.96,65.24,439.94,0.000809,0.6256,1,Tube-Side Fouled
2026-01-19 05:15:00,17.783,33.905,145.89,64.14,25.88,50.99,11.861,10.611,4.734,4.123,1.2501,0.6107,3561.61,62.35,456.99,0.000729,0.6812,1,Tube-Side Fouled
2026-01-19 05:30:00,17.296,33.274,144.05,62.27,28.04,52.93,12.047,10.92,4.531,3.894,1.1274,0.6374,3465.21,58.11,477.06,0.000644,0.7049,1,Tube-Side Fouled
2026-01-19 05:45:00,16.804,32.459,149.29,67.56,27.85,52.63,12.097,10.954,4.578,3.995,1.1429,0.5829,3364.76,64.02,420.46,0.000871,0.673,1,Tube-Side Fouled
2026-01-19 06:00:00,19.453,32.912,149.06,67.66,27.53,55.71,11.802,10.515,4.432,3.833,1.2876,0.5988,3879.4,63.04,492.29,0.0006,0.6698,1,Tube-Side Fouled
2026-01-19 06:15:00,18.029,28.732,146.74,69.73,30.48,58.78,11.873,10.759,4.488,4.02,1.1133,0.4679,3401.54,60.37,450.79,0.000762,0.6624,1,Tube-Side Fouled
2026-01-19 06:30:00,16.79,29.396,142.98,63.5,29.52,56.1,11.933,10.821,4.447,3.929,1.1123,0.5179,3269.35,56.35,464.12,0.000659,0.7005,1,Tube-Side Fouled
2026-01-19 06:45:00,17.897,29.874,143.75,65.68,28.19,55.58,12.138,10.979,4.601,4.094,1.1585,0.5068,3423.19,59.26,462.16,0.000659,0.6756,1,Tube-Side Fouled
2026-01-19 07:00:00,19.63,32.951,147.26,70.84,30.01,56.67,11.939,10.57,4.381,3.789,1.3688,0.5925,3675.27,62.44,470.87,0.000678,0.6518,1,Tube-Side Fouled
2026-01-19 07:15:00,18.361,30.13,147.56,67.94,26.82,55.23,11.772,10.521,4.582,4.07,1.2506,0.5114,3581.84,63.31,452.62,0.000758,0.6595,1,Tube-Side Fouled
2026-01-19 07:30:00,19.035,31.91,143.94,66.36,28.62,55.71,11.976,10.532,4.681,4.125,1.4444,0.5551,3617.73,59.45,486.79,0.000624,0.6727,1,Tube-Side Fouled
2026-01-19 07:45:00,17.38,30.089,145.63,69.84,31.46,57.09,12.108,10.996,4.341,3.847,1.1115,0.4935,3227.16,60.01,430.22,0.000829,0.6638,1,Tube-Side Fouled
2026-01-19 08:00:00,18.035,32.665,146.7,67.24,29.64,55.33,12.105,10.679,4.305,3.7,1.4262,0.6047,3511.22,60.56,463.83,0.000687,0.6788,1,Tube-Side Fouled
2026-01-19 08:15:00,18.194,32.156,147.81,67.93,27.87,54.34,11.994,10.746,4.497,3.913,1.2482,0.5838,3560.7,63.04,451.86,0.000786,0.666,1,Tube-Side Fouled
2026-01-19 08:30:00,16.816,30.033,145.69,66.88,31.52,57.36,12.249,11.234,4.475,3.962,1.015,0.5135,3247.12,57.86,448.94,0.000728,0.6903,1,Tube-Side Fouled
2026-01-19 08:45:00,20.747,34.73,146.64,73.26,28.13,53.8,11.868,10.346,4.498,3.836,1.5215,0.662,3730.08,66.14,451.18,0.0008,0.6192,1,Tube-Side Fouled
2026-01-19 09:00:00,18.976,33.765,146.29,67.71,29.29,55.15,12.032,10.676,4.475,3.828,1.3558,0.6467,3653.28,61.04,478.84,0.000588,0.6716,1,Tube-Side Fouled
2026-01-19 09:15:00,18.311,32.435,145.68,70.43,30.38,55.26,11.885,10.456,4.478,3.883,1.4285,0.5943,3376.16,61.85,436.67,0.000816,0.6527,1,Tube-Side Fouled
2026-01-19 09:30:00,19.914,32.878,143.16,71.79,29.5,54.81,11.958,10.257,4.467,3.839,1.7012,0.6282,3482.25,62.52,445.59,0.000747,0.6279,1,Tube-Side Fouled
2026-01-19 09:45:00,17.352,32.81,142.93,65.37,29.53,53.55,12.202,10.848,4.465,3.836,1.3542,0.6281,3297.12,58.59,450.23,0.000824,0.6839,1,Tube-Side Fouled
2026-01-19 10:00:00,17.305,32.35,145.96,63.08,27.4,53.36,12.093,10.968,4.623,4.036,1.1245,0.5871,3513.83,59.68,471.0,0.000677,0.699,1,Tube-Side Fouled
2026-01-19 10:15:00,17.316,31.666,147.74,64.61,28.0,54.62,12.006,10.683,4.521,3.956,1.3232,0.5652,3526.77,60.53,466.11,0.000635,0.6943,1,Tube-Side Fouled
2026-01-19 10:30:00,18.29,31.366,145.0,63.82,26.64,54.36,12.201,10.979,4.583,4.031,1.2218,0.5525,3637.5,59.99,485.08,0.000548,0.6859,1,Tube-Side Fouled
2026-01-19 10:45:00,18.862,34.942,144.25,68.8,27.46,51.31,11.918,10.396,4.468,3.782,1.5229,0.6866,3486.96,63.69,437.96,0.00079,0.6461,1,Tube-Side Fouled
2026-01-19 11:00:00,19.17,33.371,149.64,70.56,29.14,55.74,11.883,10.323,4.539,3.92,1.5604,0.6191,3714.09,64.12,463.39,0.000628,0.6563,1,Tube-Side Fouled
2026-01-19 11:15:00,18.924,29.556,144.68,72.84,29.73,56.67,12.014,10.512,4.594,4.114,1.5021,0.4797,3330.8,62.92,423.52,0.00087,0.6249,1,Tube-Side Fouled
2026-01-19 11:30:00,17.539,34.816,142.69,64.4,29.4,52.5,11.904,10.675,4.5,3.852,1.2289,0.6477,3364.13,58.3,461.59,0.000672,0.6911,1,Tube-Side Fouled
2026-01-19 11:45:00,19.178,29.523,144.12,69.09,26.4,54.94,12.38,10.872,4.366,3.854,1.5088,0.5119,3525.53,63.1,446.97,0.000763,0.6374,1,Tube-Side Fouled
2026-01-19 12:00:00,18.763,32.237,146.41,67.94,27.26,54.01,11.957,10.523,4.581,3.998,1.4342,0.5832,3607.41,63.04,457.79,0.000692,0.6586,1,Tube-Side Fouled
2026-01-19 12:15:00,16.948,34.254,145.64,63.81,30.0,53.71,11.964,10.715,4.57,3.917,1.2486,0.653,3397.68,58.1,467.84,0.00061,0.7077,1,Tube-Side Fouled
2026-01-19 12:30:00,17.472,33.593,148.27,65.99,29.52,54.58,11.931,10.8,4.287,3.662,1.1311,0.6251,3522.44,60.65,464.66,0.000728,0.6929,1,Tube-Side Fouled
2026-01-19 12:45:00,18.762,31.357,146.61,70.39,30.45,57.15,11.941,10.63,4.476,3.931,1.3106,0.5442,3503.59,61.41,456.44,0.000741,0.6562,1,Tube-Side Fouled
2026-01-19 13:00:00,19.322,31.561,144.29,69.63,27.99,54.75,11.826,10.39,4.655,4.087,1.4361,0.5685,3534.46,62.56,451.94,0.000796,0.642,1,Tube-Side Fouled
2026-01-19 13:15:00,17.778,32.941,143.09,67.17,27.77,51.76,11.68,10.397,4.548,3.933,1.2831,0.6153,3306.85,61.78,428.24,0.000811,0.6583,1,Tube-Side Fouled
2026-01-19 13:30:00,17.573,31.348,141.22,65.45,28.38,53.25,12.01,10.87,4.407,3.838,1.1398,0.5683,3261.76,58.9,443.01,0.000787,0.6714,1,Tube-Side Fouled
2026-01-19 13:45:00,20.422,31.633,143.74,71.43,28.95,56.29,11.747,10.314,4.592,4.005,1.4334,0.5872,3618.07,62.28,464.75,0.000639,0.63,1,Tube-Side Fouled
2026-01-19 14:00:00,18.684,29.841,142.76,64.5,26.91,55.6,11.621,10.31,4.613,4.119,1.3112,0.4941,3582.5,58.94,486.26,0.000594,0.6755,1,Tube-Side Fouled
2026-01-19 14:15:00,16.863,31.193,147.25,62.95,28.52,55.2,12.028,10.83,4.299,3.745,1.1981,0.5536,3482.37,58.59,475.46,0.000673,0.71,1,Tube-Side Fouled
2026-01-19 14:30:00,17.296,33.78,141.59,64.74,30.92,53.96,12.006,10.835,4.394,3.751,1.1708,0.6428,3256.55,56.51,460.99,0.000658,0.6944,1,Tube-Side Fouled
2026-01-19 14:45:00,19.207,31.902,144.05,70.59,26.07,51.97,11.94,10.704,4.459,3.888,1.2364,0.5708,3456.99,65.45,422.55,0.000907,0.6226,1,Tube-Side Fouled
2026-01-19 15:00:00,19.689,30.315,142.23,68.1,27.94,56.13,12.06,10.568,4.447,3.918,1.4925,0.529,3576.17,60.24,474.92,0.000604,0.6486,1,Tube-Side Fouled
2026-01-19 15:15:00,18.785,32.871,145.31,70.25,26.74,51.85,11.915,10.652,4.573,3.985,1.2631,0.588,3454.4,65.34,422.97,0.000853,0.633,1,Tube-Side Fouled
2026-01-19 15:30:00,18.007,29.62,146.31,66.95,29.98,58.23,12.513,11.059,4.539,4.026,1.4542,0.5123,3501.42,58.87,475.8,0.000572,0.6822,1,Tube-Side Fouled
2026-01-19 15:45:00,20.025,34.01,145.61,69.49,28.54,54.78,11.515,10.125,4.576,3.915,1.3901,0.6611,3734.57,62.62,477.14,0.000607,0.6502,1,Tube-Side Fouled
2026-01-19 16:00:00,18.072,30.708,145.03,64.64,27.16,54.87,12.02,10.71,4.351,3.824,1.3096,0.5274,3559.44,60.02,474.45,0.000586,0.682,1,Tube-Side Fouled
2026-01-19 16:15:00,16.804,35.2,148.01,63.64,27.26,50.84,11.843,10.637,4.52,3.835,1.206,0.6856,3473.74,61.87,449.14,0.000708,0.6987,1,Tube-Side Fouled
2026-01-19 16:30:00,16.706,29.951,146.22,61.37,26.26,53.97,11.76,10.675,4.512,4.033,1.0849,0.479,3472.59,59.15,469.64,0.000636,0.7073,1,Tube-Side Fouled
2026-01-19 16:45:00,18.667,29.755,144.58,69.42,27.23,54.84,11.959,10.599,4.485,3.981,1.3597,0.5035,3437.27,63.0,436.46,0.000827,0.6405,1,Tube-Side Fouled
2026-01-19 17:00:00,17.33,30.545,142.48,66.56,28.9,54.12,11.852,10.799,4.526,3.992,1.0527,0.5332,3223.76,59.45,433.83,0.000784,0.6685,1,Tube-Side Fouled
2026-01-19 17:15:00,15.847,30.715,145.74,62.2,27.2,52.44,12.194,11.18,4.344,3.831,1.0137,0.5133,3243.72,59.46,436.43,0.000844,0.7048,1,Tube-Side Fouled
2026-01-19 17:30:00,18.003,30.371,147.3,70.27,28.77,55.51,11.77,10.522,4.428,3.917,1.2472,0.5106,3397.7,63.36,429.04,0.000895,0.6499,1,Tube-Side Fouled
2026-01-19 17:45:00,18.187,28.808,148.23,65.44,27.33,57.93,12.311,10.932,4.52,4.033,1.3788,0.4867,3688.82,60.5,487.77,0.000642,0.6847,1,Tube-Side Fouled
2026-01-19 18:00:00,17.451,31.321,141.58,64.4,28.01,53.19,12.047,10.915,4.4,3.84,1.1323,0.5598,3299.84,58.6,450.5,0.000751,0.6795,1,Tube-Side Fouled
2026-01-19 18:15:00,18.328,29.851,149.18,69.19,28.65,57.41,11.949,10.515,4.516,4.023,1.4337,0.4932,3591.5,62.7,458.21,0.000727,0.6636,1,Tube-Side Fouled
2026-01-19 18:30:00,20.495,34.216,136.76,68.97,29.74,53.51,11.985,10.506,4.429,3.779,1.4793,0.6506,3404.03,58.51,465.44,0.000634,0.6334,1,Tube-Side Fouled
2026-01-19 18:45:00,18.56,33.001,144.83,64.44,26.04,52.52,12.099,10.854,4.4,3.799,1.2451,0.6008,3655.6,61.47,475.77,0.000652,0.6767,1,Tube-Side Fouled
2026-01-19 19:00:00,18.711,32.036,149.71,66.81,25.24,53.6,11.792,10.269,4.392,3.832,1.5235,0.5602,3800.53,65.07,467.23,0.000692,0.6661,1,Tube-Side Fouled
2026-01-19 19:15:00,16.433,30.566,143.85,61.38,28.96,54.92,11.665,10.537,4.454,3.934,1.1283,0.5207,3320.17,56.0,474.35,0.000672,0.7178,1,Tube-Side Fouled
2026-01-19 19:30:00,20.315,30.608,143.73,71.12,26.95,55.16,12.189,10.793,4.482,3.947,1.3967,0.5348,3613.66,63.82,453.0,0.000797,0.6217,1,Tube-Side Fouled
2026-01-19 19:45:00,18.952,34.078,148.47,68.18,27.79,53.94,12.106,10.661,4.676,4.04,1.4451,0.6363,3728.14,63.66,468.47,0.000662,0.6653,1,Tube-Side Fouled
2026-01-19 20:00:00,16.555,33.839,140.56,58.58,25.68,49.17,11.964,10.772,4.525,3.889,1.1925,0.6364,3325.04,57.25,464.63,0.000738,0.7136,1,Tube-Side Fouled
2026-01-19 20:15:00,19.444,29.673,144.58,69.8,31.18,59.88,11.899,10.582,4.433,3.922,1.317,0.5106,3562.15,58.67,485.7,0.000594,0.6594,1,Tube-Side Fouled
2026-01-19 20:30:00,18.336,29.609,141.22,69.09,31.31,57.47,11.955,10.693,4.543,4.016,1.2623,0.5273,3240.4,57.75,448.9,0.000772,0.6563,1,Tube-Side Fouled
2026-01-19 20:45:00,18.822,31.257,144.26,70.84,27.23,53.12,11.908,10.658,4.255,3.726,1.2506,0.5297,3385.71,64.47,420.11,0.000906,0.6274,1,Tube-Side Fouled
2026-01-19 21:00:00,18.672,28.649,147.8,68.99,29.03,59.11,11.815,10.567,4.566,4.115,1.2479,0.4515,3605.43,61.13,471.87,0.000584,0.6635,1,Tube-Side Fouled
2026-01-19 21:15:00,19.814,32.025,143.25,70.97,30.7,56.88,12.115,10.399,4.134,3.551,1.7163,0.5831,3508.73,60.42,464.58,0.000666,0.6422,1,Tube-Side Fouled
2026-01-19 21:30:00,19.264,33.035,145.5,71.35,29.93,55.25,11.937,10.469,4.471,3.853,1.4676,0.6179,3499.71,62.7,446.54,0.000755,0.6416,1,Tube-Side Fouled
2026-01-19 21:45:00,17.178,32.645,145.09,63.33,27.54,52.74,12.235,11.022,4.41,3.816,1.2128,0.5936,3440.77,59.66,461.34,0.000706,0.6956,1,Tube-Side Fouled
2026-01-19 22:00:00,19.463,30.977,141.09,70.77,30.06,55.93,11.779,10.24,4.745,4.198,1.5395,0.5475,3353.02,60.23,445.38,0.000791,0.6333,1,Tube-Side Fouled
2026-01-19 22:15:00,17.903,29.644,144.87,67.38,28.33,55.74,11.906,10.784,4.528,4.039,1.1216,0.4891,3398.93,60.68,448.09,0.000772,0.665,1,Tube-Side Fouled
2026-01-19 22:30:00,17.952,32.13,148.44,64.41,28.29,55.78,12.106,10.966,4.47,3.894,1.1395,0.576,3695.86,60.01,492.7,0.0006,0.6994,1,Tube-Side Fouled
2026-01-19 22:45:00,21.791,31.411,148.28,78.25,30.11,58.56,12.189,10.436,4.48,3.936,1.7527,0.5444,3738.9,66.79,447.83,0.000772,0.5926,1,Tube-Side Fouled
2026-01-19 23:00:00,17.712,34.51,147.38,68.11,28.48,52.3,11.92,10.564,4.606,3.929,1.3559,0.6775,3439.56,63.36,434.3,0.000828,0.6667,1,Tube-Side Fouled
2026-01-19 23:15:00,21.133,34.809,147.19,77.26,28.88,53.75,11.899,10.035,4.53,3.843,1.8639,0.6867,3620.94,68.45,423.17,0.00086,0.5911,1,Tube-Side Fouled
2026-01-19 23:30:00,18.998,31.849,145.9,72.69,25.99,51.56,11.845,10.424,4.603,4.028,1.4213,0.5754,3407.13,67.76,402.29,0.000929,0.6105,1,Tube-Side Fouled
2026-01-19 23:45:00,17.222,30.307,146.1,65.19,30.21,57.13,12.0,10.96,4.377,3.858,1.0395,0.5194,3414.11,57.83,472.28,0.00064,0.6982,1,Tube-Side Fouled
2026-01-20 00:00:00,18.758,29.437,145.99,71.18,27.43,55.34,12.144,10.677,4.578,4.089,1.4669,0.4889,3438.23,64.38,427.26,0.000842,0.631,1,Tube-Side Fouled
2026-01-20 00:15:00,17.28,33.622,143.46,60.63,25.45,50.38,11.424,10.153,4.412,3.802,1.2706,0.6106,3506.94,59.51,471.46,0.000694,0.7019,1,Tube-Side Fouled
2026-01-20 00:30:00,16.9,30.292,147.45,65.16,28.76,55.64,12.055,10.867,4.366,3.851,1.1877,0.5155,3407.24,59.9,455.07,0.000683,0.6933,1,Tube-Side Fouled
2026-01-20 00:45:00,19.136,32.999,141.9,70.19,27.94,52.29,11.673,10.093,4.215,3.599,1.5797,0.6162,3362.18,62.99,427.04,0.000834,0.6293,1,Tube-Side Fouled
2026-01-20 01:00:00,17.384,29.795,143.52,63.57,28.11,55.42,11.885,10.65,4.468,3.963,1.2358,0.5044,3404.84,57.84,470.94,0.000661,0.6927,1,Tube-Side Fouled
2026-01-20 01:15:00,19.048,32.052,150.98,71.02,26.07,53.9,11.883,10.514,4.597,3.999,1.3687,0.5974,3731.65,67.7,440.97,0.000802,0.6402,1,Tube-Side Fouled
2026-01-20 01:30:00,17.048,33.135,144.89,64.88,27.09,51.2,11.622,10.337,4.399,3.794,1.2856,0.6051,3341.92,61.57,434.23,0.000865,0.6792,1,Tube-Side Fouled
2026-01-20 01:45:00,19.029,32.877,146.68,71.06,29.3,54.93,11.728,10.41,4.449,3.851,1.3173,0.5979,3525.83,63.51,444.12,0.000717,0.6443,1,Tube-Side Fouled
2026-01-20 02:00:00,19.429,32.212,144.53,66.55,27.59,55.14,11.872,10.349,4.63,4.065,1.5235,0.564,3712.08,60.72,489.09,0.000602,0.6669,1,Tube-Side Fouled
2026-01-20 02:15:00,18.528,33.572,141.58,68.34,28.76,52.43,11.907,10.685,4.468,3.822,1.2224,0.6451,3324.59,61.05,435.66,0.000894,0.6492,1,Tube-Side Fouled
2026-01-20 02:30:00,17.2,29.004,147.57,64.49,26.47,55.32,11.845,10.76,4.697,4.212,1.0859,0.4852,3500.7,61.18,457.76,0.000685,0.686,1,Tube-Side Fouled
2026-01-20 02:45:00,18.816,33.053,144.66,69.94,28.43,53.34,12.187,10.791,4.4,3.807,1.3954,0.5932,3444.44,63.17,436.21,0.000831,0.6429,1,Tube-Side Fouled
2026-01-20 03:00:00,20.363,30.693,144.4,72.08,28.66,56.75,11.969,10.287,4.52,3.979,1.682,0.5407,3607.65,62.97,458.37,0.000728,0.6248,1,Tube-Side Fouled
2026-01-20 03:15:00,16.912,33.162,142.54,63.51,28.01,51.61,11.985,10.702,4.338,3.691,1.2829,0.6468,3274.63,58.93,444.55,0.000751,0.6901,1,Tube-Side Fouled
2026-01-20 03:30:00,18.025,31.835,147.48,63.8,27.4,55.14,11.851,10.745,4.275,3.685,1.1055,0.5897,3695.22,60.09,491.95,0.000628,0.6969,1,Tube-Side Fouled
2026-01-20 03:45:00,18.764,33.452,146.87,67.44,24.67,50.76,11.998,10.564,4.474,3.85,1.4337,0.6237,3651.41,65.87,443.45,0.000746,0.65,1,Tube-Side Fouled
2026-01-20 04:00:00,17.005,32.129,144.19,62.09,27.09,52.53,12.138,10.965,4.664,4.072,1.1731,0.5915,3420.33,58.85,464.97,0.000732,0.7011,1,Tube-Side Fouled
2026-01-20 04:15:00,18.229,30.903,145.29,68.32,27.5,54.09,12.133,10.884,4.597,4.053,1.2486,0.5438,3437.45,62.67,438.8,0.000844,0.6534,1,Tube-Side Fouled
2026-01-20 04:30:00,18.756,31.842,146.08,63.66,27.14,55.56,12.226,11.019,4.547,3.98,1.2064,0.5677,3787.24,59.49,509.29,0.000517,0.6929,1,Tube-Side Fouled
2026-01-20 04:45:00,18.432,33.132,146.38,66.19,28.73,54.85,12.019,10.84,4.603,3.977,1.1781,0.6254,3621.35,60.52,478.71,0.000657,0.6816,1,Tube-Side Fouled
2026-01-20 05:00:00,20.844,32.507,150.32,79.3,27.82,54.49,11.948,10.477,4.493,3.889,1.471,0.6034,3626.74,71.37,406.51,0.000947,0.5797,1,Tube-Side Fouled
2026-01-20 05:15:00,21.434,31.219,144.12,75.29,26.84,54.51,12.225,10.289,4.581,4.043,1.9361,0.5389,3614.29,66.93,432.0,0.000814,0.5869,1,Tube-Side Fouled
2026-01-20 05:30:00,17.45,33.238,150.28,65.67,27.36,53.37,12.455,11.273,4.583,3.958,1.1825,0.6246,3617.35,63.14,458.31,0.000732,0.6883,1,Tube-Side Fouled
2026-01-20 05:45:00,18.426,31.689,144.42,63.57,26.24,53.76,11.862,10.469,4.458,3.874,1.3931,0.5844,3649.76,60.11,485.77,0.000592,0.6841,1,Tube-Side Fouled
2026-01-20 06:00:00,17.956,32.114,147.44,65.41,27.09,53.95,11.766,10.539,4.485,3.893,1.2264,0.5927,3608.41,61.86,466.68,0.000689,0.6816,1,Tube-Side Fouled
2026-01-20 06:15:00,18.759,33.324,147.98,65.34,27.8,55.04,12.0,10.526,4.343,3.726,1.4734,0.6171,3797.66,61.11,497.16,0.000578,0.6876,1,Tube-Side Fouled
2026-01-20 06:30:00,17.985,33.635,143.91,68.11,26.92,50.65,11.917,10.676,4.299,3.65,1.241,0.649,3339.62,63.72,419.32,0.000904,0.6479,1,Tube-Side Fouled
2026-01-20 06:45:00,19.284,31.906,141.6,70.77,28.86,53.93,12.1,10.617,4.521,3.939,1.4824,0.5816,3346.4,61.99,431.83,0.000882,0.6283,1,Tube-Side Fouled
2026-01-20 07:00:00,19.987,29.304,144.02,68.35,27.49,57.71,11.827,10.133,4.587,4.119,1.6943,0.4684,3705.28,60.78,487.66,0.000599,0.6493,1,Tube-Side Fouled
2026-01-20 07:15:00,17.644,32.785,147.35,69.28,27.27,51.87,12.109,10.742,4.658,4.052,1.3673,0.6065,3374.73,65.13,414.55,0.000896,0.6501,1,Tube-Side Fouled
2026-01-20 07:30:00,18.22,33.759,147.11,63.44,24.22,50.66,11.999,10.835,4.461,3.833,1.1647,0.6276,3734.71,63.6,469.81,0.000681,0.6809,1,Tube-Side Fouled
2026-01-20 07:45:00,16.824,32.036,144.93,66.65,29.76,53.83,11.754,10.736,4.446,3.867,1.018,0.5795,3226.28,59.97,430.37,0.000778,0.6796,1,Tube-Side Fouled
2026-01-20 08:00:00,17.171,32.187,150.11,66.98,27.48,53.45,11.808,10.657,4.538,3.947,1.1503,0.5909,3497.15,63.87,438.01,0.000782,0.6779,1,Tube-Side Fouled
2026-01-20 08:15:00,18.96,33.871,142.41,66.62,29.52,54.36,12.124,10.8,4.449,3.802,1.3235,0.6476,3520.76,58.95,477.8,0.000588,0.6714,1,Tube-Side Fouled
2026-01-20 08:30:00,17.827,31.815,147.7,63.47,26.21,53.85,11.918,10.782,4.425,3.85,1.1356,0.5744,3678.82,61.26,480.42,0.000556,0.6933,1,Tube-Side Fouled
2026-01-20 08:45:00,18.796,32.382,144.29,68.11,27.92,53.82,11.914,10.543,4.553,3.967,1.3715,0.5859,3508.27,61.97,452.91,0.000741,0.6547,1,Tube-Side Fouled
2026-01-20 09:00:00,17.066,32.005,146.45,62.65,30.25,56.42,11.692,10.59,4.598,4.013,1.1016,0.5848,3503.88,56.38,497.15,0.000563,0.7212,1,Tube-Side Fouled
2026-01-20 09:15:00,19.632,34.674,144.91,64.86,23.82,50.36,11.96,10.557,4.503,3.811,1.4032,0.6921,3850.65,64.11,480.47,0.000603,0.6611,1,Tube-Side Fouled
2026-01-20 09:30:00,17.404,30.356,146.03,65.56,26.22,53.23,11.901,10.856,4.61,4.084,1.0455,0.5261,3431.21,62.29,440.68,0.0008,0.6716,1,Tube-Side Fouled
2026-01-20 09:45:00,18.471,30.323,145.71,67.26,25.89,53.87,11.857,10.625,4.488,3.956,1.2312,0.532,3549.96,63.29,448.73,0.000682,0.6547,1,Tube-Side Fouled
2026-01-20 10:00:00,21.138,32.21,140.04,71.12,29.43,55.91,11.954,10.468,4.507,3.938,1.4858,0.5685,3569.18,60.45,472.36,0.000685,0.6231,1,Tube-Side Fouled
2026-01-20 10:15:00,20.015,32.809,141.13,67.95,28.08,54.23,12.207,10.572,4.379,3.79,1.6347,0.5883,3588.72,60.36,475.64,0.000675,0.6474,1,Tube-Side Fouled
2026-01-20 10:30:00,19.034,33.19,146.67,69.68,27.59,53.45,12.051,10.576,4.435,3.802,1.4747,0.6333,3590.21,64.3,446.67,0.000786,0.6465,1,Tube-Side Fouled
2026-01-20 10:45:00,18.637,34.274,147.02,66.56,28.83,54.45,11.663,10.156,4.491,3.843,1.5075,0.6479,3673.96,61.1,481.01,0.000591,0.6808,1,Tube-Side Fouled
2026-01-20 11:00:00,16.677,30.502,146.64,65.38,26.15,52.17,12.249,11.137,4.597,4.062,1.1117,0.5358,3319.96,62.86,422.55,0.00094,0.6744,1,Tube-Side Fouled
2026-01-20 11:15:00,18.579,30.602,142.33,67.78,29.49,55.99,11.88,10.565,4.49,3.965,1.3151,0.5246,3393.16,59.09,459.39,0.000676,0.6607,1,Tube-Side Fouled
2026-01-20 11:30:00,20.183,37.297,144.1,68.87,25.42,49.25,12.023,10.544,4.479,3.697,1.4794,0.7829,3719.87,65.84,451.97,0.000764,0.6338,1,Tube-Side Fouled
2026-01-20 11:45:00,16.63,33.911,145.27,62.77,27.85,51.54,11.88,10.799,4.421,3.788,1.0808,0.6321,3361.29,59.56,451.45,0.000755,0.7026,1,Tube-Side Fouled
2026-01-20 12:00:00,17.633,34.042,149.64,67.22,25.7,50.7,11.809,10.686,4.412,3.757,1.1227,0.6547,3560.37,66.13,430.73,0.000813,0.665,1,Tube-Side Fouled
2026-01-20 12:15:00,18.903,29.711,144.7,70.32,27.83,55.54,11.937,10.72,4.538,4.027,1.2174,0.5116,3444.36,62.97,437.61,0.00078,0.6364,1,Tube-Side Fouled
2026-01-20 12:30:00,19.104,33.365,147.08,68.99,26.57,52.75,11.845,10.602,4.431,3.836,1.243,0.595,3654.8,64.95,450.14,0.000766,0.648,1,Tube-Side Fouled
2026-01-20 12:45:00,20.826,32.863,146.81,70.95,25.35,53.5,12.156,10.486,4.464,3.866,1.6702,0.5985,3870.59,66.63,464.74,0.000638,0.6246,1,Tube-Side Fouled
2026-01-20 13:00:00,20.511,31.767,139.39,72.48,27.64,52.93,12.239,10.478,4.491,3.956,1.7608,0.5356,3362.06,63.39,424.29,0.00094,0.5987,1,Tube-Side Fouled
2026-01-20 13:15:00,18.631,32.535,147.7,68.16,30.73,57.4,12.182,10.651,4.544,3.933,1.5305,0.6106,3630.88,60.03,483.85,0.000617,0.68,1,Tube-Side Fouled
2026-01-20 13:30:00,19.706,29.531,148.41,73.65,27.54,56.75,11.844,10.408,4.608,4.122,1.4367,0.486,3609.65,66.3,435.55,0.000816,0.6185,1,Tube-Side Fouled
2026-01-20 13:45:00,16.904,32.412,141.34,61.59,28.46,52.81,11.932,10.806,4.549,3.938,1.1259,0.6118,3302.64,56.37,468.74,0.000619,0.7065,1,Tube-Side Fouled
2026-01-20 14:00:00,17.111,33.588,141.44,61.43,25.94,49.81,12.393,11.09,4.611,3.985,1.3025,0.6259,3353.98,59.18,453.36,0.000735,0.6927,1,Tube-Side Fouled
2026-01-20 14:15:00,18.757,30.08,142.26,71.44,28.59,54.45,11.981,10.759,4.594,4.085,1.2221,0.5088,3254.42,62.67,415.45,0.000921,0.623,1,Tube-Side Fouled
2026-01-20 14:30:00,17.526,30.815,143.45,65.28,27.69,53.72,12.354,11.127,4.362,3.837,1.2276,0.5258,3356.56,59.93,448.05,0.000809,0.6753,1,Tube-Side Fouled
2026-01-20 14:45:00,17.077,32.648,140.75,60.69,28.92,53.45,11.573,10.38,4.615,4.023,1.1927,0.5918,3349.9,54.93,487.86,0.000569,0.716,1,Tube-Side Fouled
2026-01-20 15:00:00,19.294,31.296,145.72,71.02,29.14,56.11,12.111,10.769,4.634,4.08,1.3421,0.5543,3531.16,62.75,450.17,0.000778,0.6407,1,Tube-Side Fouled
2026-01-20 15:15:00,18.163,30.527,142.25,66.63,29.01,55.36,11.997,10.699,4.659,4.138,1.2984,0.521,3365.09,58.86,457.38,0.000674,0.6678,1,Tube-Side Fouled
2026-01-20 15:30:00,20.307,29.654,145.84,70.43,27.03,57.27,12.086,10.479,4.543,4.021,1.607,0.5223,3752.02,63.33,474.0,0.000632,0.6347,1,Tube-Side Fouled
2026-01-20 15:45:00,17.864,30.466,141.85,61.87,28.05,55.51,11.715,10.446,4.51,3.979,1.2698,0.5312,3500.33,56.04,499.73,0.000567,0.7028,1,Tube-Side Fouled
2026-01-20 16:00:00,18.894,32.367,149.54,72.08,28.13,54.61,12.047,10.742,4.569,3.974,1.305,0.5951,3585.67,66.2,433.33,0.00082,0.638,1,Tube-Side Fouled
2026-01-20 16:15:00,19.491,35.397,142.06,69.79,29.71,53.01,11.934,10.256,4.594,3.907,1.6778,0.6862,3450.87,61.35,450.02,0.00075,0.6432,1,Tube-Side Fouled
2026-01-20 16:30:00,18.889,34.049,146.12,70.96,31.71,56.13,11.978,10.444,4.49,3.84,1.5337,0.6503,3478.39,61.15,455.08,0.000729,0.657,1,Tube-Side Fouled
2026-01-20 16:45:00,18.05,34.055,148.39,67.67,27.88,52.94,11.812,10.476,4.492,3.844,1.3355,0.6483,3569.6,63.61,448.92,0.000827,0.6698,1,Tube-Side Fouled
2026-01-20 17:00:00,17.866,33.057,145.4,69.89,29.13,53.03,11.899,10.721,4.637,4.028,1.1775,0.6095,3305.18,63.08,419.17,0.000913,0.6495,1,Tube-Side Fouled
2026-01-20 17:15:00,19.838,32.649,147.05,69.44,30.61,58.22,12.103,10.63,4.427,3.827,1.4732,0.6005,3771.97,60.42,499.45,0.000549,0.6665,1,Tube-Side Fouled
2026-01-20 17:30:00,19.888,30.65,141.24,66.85,28.25,56.52,12.076,10.738,4.509,3.984,1.3382,0.525,3624.49,58.67,494.25,0.000585,0.6584,1,Tube-Side Fouled
2026-01-20 17:45:00,20.569,31.516,146.39,75.3,27.75,54.92,12.326,10.619,4.509,3.923,1.7073,0.5861,3582.89,67.13,426.97,0.000876,0.5993,1,Tube-Side Fouled
2026-01-20 18:00:00,19.548,31.211,141.55,68.69,27.38,54.1,12.083,10.74,4.56,4.008,1.3424,0.5514,3489.38,61.52,453.72,0.000689,0.6382,1,Tube-Side Fouled
2026-01-20 18:15:00,19.426,30.293,142.98,66.15,25.33,54.18,12.043,10.691,4.427,3.914,1.3523,0.5125,3656.59,61.73,473.89,0.000692,0.6531,1,Tube-Side Fouled
2026-01-20 18:30:00,17.661,30.201,145.94,67.02,28.77,55.8,11.908,10.829,4.694,4.182,1.0791,0.5116,3415.13,60.53,451.35,0.000722,0.6736,1,Tube-Side Fouled
2026-01-20 18:45:00,18.03,29.662,140.95,63.78,27.57,55.04,11.92,10.577,4.48,3.985,1.3427,0.4949,3409.02,57.53,474.04,0.000635,0.6806,1,Tube-Side Fouled
2026-01-20 19:00:00,17.631,30.667,145.06,66.5,27.85,54.29,11.908,10.703,4.472,3.927,1.2056,0.5445,3393.51,61.05,444.69,0.000791,0.6702,1,Tube-Side Fouled
2026-01-20 19:15:00,19.336,32.37,144.9,71.79,27.35,52.92,11.847,10.211,4.49,3.901,1.6362,0.5896,3463.49,65.35,423.97,0.000843,0.6219,1,Tube-Side Fouled
2026-01-20 19:30:00,18.749,31.457,142.97,67.69,26.57,52.84,12.169,10.676,4.521,3.974,1.4929,0.5469,3457.74,62.45,442.93,0.000777,0.6467,1,Tube-Side Fouled
2026-01-20 19:45:00,17.237,30.568,143.14,63.22,26.74,53.13,11.885,10.637,4.586,4.061,1.2486,0.5246,3375.23,59.27,455.6,0.000783,0.6866,1,Tube-Side Fouled
2026-01-20 20:00:00,16.094,32.565,145.64,60.45,28.29,52.94,11.853,10.838,4.555,3.941,1.0147,0.6137,3359.22,57.19,469.92,0.000674,0.726,1,Tube-Side Fouled
2026-01-20 20:15:00,19.19,31.284,141.92,70.75,28.41,53.98,12.238,10.951,4.53,3.982,1.2869,0.548,3345.82,62.38,429.06,0.000871,0.627,1,Tube-Side Fouled
2026-01-20 20:30:00,18.277,31.183,147.76,64.72,27.2,55.71,12.178,10.977,4.611,4.061,1.2006,0.5496,3718.74,60.76,489.66,0.000572,0.6889,1,Tube-Side Fouled
2026-01-20 20:45:00,18.671,33.385,143.85,66.35,27.74,53.13,11.952,10.643,4.616,4.003,1.3091,0.6129,3545.46,61.0,464.98,0.000672,0.6675,1,Tube-Side Fouled
2026-01-20 21:00:00,19.302,29.604,143.65,67.03,26.0,55.26,12.087,10.588,4.565,4.061,1.499,0.5035,3623.47,61.71,469.74,0.000604,0.6513,1,Tube-Side Fouled
2026-01-20 21:15:00,18.284,29.321,143.48,68.3,27.05,54.51,12.428,11.039,4.667,4.182,1.3892,0.4842,3367.98,62.08,434.02,0.000859,0.6458,1,Tube-Side Fouled
2026-01-20 21:30:00,19.867,31.195,141.84,70.23,29.47,56.17,11.983,10.346,4.56,4.02,1.6373,0.5406,3485.67,60.46,461.24,0.000719,0.6373,1,Tube-Side Fouled
2026-01-20 21:45:00,17.866,30.671,145.59,66.62,28.12,55.05,12.056,10.855,4.416,3.884,1.201,0.5319,3456.75,60.86,454.4,0.000728,0.6722,1,Tube-Side Fouled
2026-01-20 22:00:00,19.463,32.286,146.01,70.51,28.1,54.75,12.266,10.721,4.535,3.96,1.545,0.5743,3600.18,63.75,451.79,0.000729,0.6403,1,Tube-Side Fouled
2026-01-20 22:15:00,18.567,33.915,143.96,64.04,25.03,50.65,11.927,10.466,4.337,3.663,1.4612,0.6741,3635.45,62.27,467.07,0.000684,0.672,1,Tube-Side Fouled
2026-01-20 22:30:00,17.213,32.022,146.45,64.84,30.23,55.91,12.156,10.834,4.609,4.027,1.322,0.5825,3441.74,58.16,473.43,0.000653,0.7022,1,Tube-Side Fouled
2026-01-20 22:45:00,17.804,30.554,146.93,63.15,27.9,56.48,11.936,10.636,4.372,3.853,1.2995,0.5193,3654.74,58.58,499.13,0.000531,0.7039,1,Tube-Side Fouled
2026-01-20 23:00:00,17.973,29.751,141.68,67.63,26.23,52.43,11.959,10.589,4.512,4.015,1.37,0.4975,3260.86,62.29,418.81,0.000901,0.6414,1,Tube-Side Fouled
2026-01-20 23:15:00,18.951,31.614,145.98,71.55,27.99,54.12,12.163,10.672,4.418,3.867,1.4907,0.5516,3456.0,64.74,427.08,0.000809,0.6308,1,Tube-Side Fouled
2026-01-20 23:30:00,17.273,30.424,143.99,64.77,28.67,55.0,12.11,11.026,4.558,4.028,1.0846,0.53,3352.39,58.63,457.46,0.000716,0.6869,1,Tube-Side Fouled
2026-01-20 23:45:00,18.597,31.011,147.31,65.33,24.67,53.46,11.987,10.625,4.324,3.763,1.3624,0.5603,3735.56,63.59,469.93,0.000628,0.6685,1,Tube-Side Fouled
2026-01-21 00:00:00,18.293,31.055,146.42,69.56,30.0,56.52,11.771,10.403,4.449,3.891,1.3678,0.5583,3444.77,61.32,449.42,0.000815,0.6602,1,Tube-Side Fouled
2026-01-21 00:15:00,18.886,31.744,147.12,67.26,28.36,56.18,12.158,10.623,4.594,4.052,1.5343,0.5427,3695.07,61.29,482.33,0.000616,0.6724,1,Tube-Side Fouled
2026-01-21 00:30:00,17.819,32.043,142.8,65.51,26.77,51.93,12.095,10.844,4.658,4.082,1.2515,0.5763,3374.14,61.15,441.44,0.00081,0.6661,1,Tube-Side Fouled
2026-01-21 00:45:00,20.614,32.052,148.28,68.48,27.03,57.08,12.012,10.166,4.379,3.799,1.8459,0.58,4030.23,63.09,511.07,0.000513,0.6582,1,Tube-Side Fouled
2026-01-21 01:00:00,18.977,30.21,142.66,70.58,27.96,54.47,12.132,10.699,4.686,4.171,1.4324,0.5157,3351.39,62.66,427.86,0.000888,0.6284,1,Tube-Side Fouled
2026-01-21 01:15:00,17.171,30.522,149.78,68.56,26.52,53.27,11.798,10.716,4.43,3.905,1.0827,0.5251,3416.92,65.54,417.06,0.000884,0.6589,1,Tube-Side Fouled
2026-01-21 01:30:00,19.703,31.182,144.35,68.46,27.78,55.85,12.018,10.381,4.461,3.905,1.6365,0.5556,3663.22,61.53,476.31,0.000656,0.651,1,Tube-Side Fouled
2026-01-21 01:45:00,18.466,29.592,140.87,70.96,29.83,55.37,11.925,10.703,4.379,3.872,1.222,0.5068,3162.87,60.63,417.33,0.000844,0.6296,1,Tube-Side Fouled
2026-01-21 02:00:00,16.828,30.845,148.03,61.36,28.74,56.43,12.036,10.991,4.435,3.898,1.045,0.5367,3573.25,57.12,500.44,0.000551,0.7266,1,Tube-Side Fouled
2026-01-21 02:15:00,18.682,32.794,144.36,66.12,27.28,53.38,11.837,10.416,4.359,3.765,1.4209,0.5932,3581.07,61.26,467.64,0.000632,0.6682,1,Tube-Side Fouled
2026-01-21 02:30:00,21.226,29.033,147.44,74.15,27.83,59.21,12.157,10.499,4.511,4.021,1.6582,0.4897,3811.28,65.04,468.8,0.000725,0.6128,1,Tube-Side Fouled
2026-01-21 02:45:00,17.101,33.243,147.72,67.11,28.38,52.66,11.998,10.778,4.411,3.805,1.2197,0.6057,3377.71,62.73,430.74,0.000843,0.6755,1,Tube-Side Fouled
2026-01-21 03:00:00,19.239,30.733,146.63,73.02,28.83,55.81,11.946,10.525,4.616,4.084,1.4209,0.5323,3469.64,64.73,428.84,0.000884,0.6249,1,Tube-Side Fouled
2026-01-21 03:15:00,18.265,29.547,142.66,67.88,28.89,55.95,11.897,10.542,4.571,4.052,1.3553,0.5194,3346.04,59.71,448.33,0.00077,0.6572,1,Tube-Side Fouled
2026-01-21 03:30:00,19.303,32.378,145.51,70.39,28.81,55.03,11.866,10.499,4.429,3.842,1.3664,0.5871,3552.57,62.9,451.85,0.00078,0.6437,1,Tube-Side Fouled
2026-01-21 03:45:00,19.576,31.567,145.82,73.63,28.38,54.59,11.828,10.255,4.532,3.985,1.5737,0.5461,3462.4,65.58,422.38,0.000941,0.6147,1,Tube-Side Fouled
2026-01-21 04:00:00,19.312,30.776,148.33,69.76,28.94,57.81,11.813,10.31,4.67,4.12,1.5029,0.5498,3717.46,62.41,476.52,0.000572,0.6581,1,Tube-Side Fouled
2026-01-21 04:15:00,15.909,32.153,145.39,62.41,26.22,50.27,12.054,11.114,4.501,3.933,0.9406,0.5673,3234.39,60.98,424.31,0.000844,0.6964,1,Tube-Side Fouled
2026-01-21 04:30:00,16.183,32.876,142.97,63.75,27.42,50.25,12.292,11.345,4.487,3.87,0.9462,0.6162,3140.88,60.19,417.49,0.000923,0.6856,1,Tube-Side Fouled
2026-01-21 04:45:00,18.847,36.657,142.06,67.74,29.47,51.85,12.237,10.747,4.549,3.798,1.4898,0.7518,3431.83,60.57,453.24,0.000714,0.6601,1,Tube-Side Fouled
2026-01-21 05:00:00,16.686,29.998,143.67,65.77,28.63,54.0,11.956,10.918,4.451,3.934,1.0376,0.5174,3184.75,59.6,427.51,0.000793,0.6772,1,Tube-Side Fouled
2026-01-21 05:15:00,18.576,31.872,142.99,66.47,28.98,55.1,12.336,10.94,4.278,3.701,1.396,0.577,3482.32,59.15,470.95,0.00065,0.6712,1,Tube-Side Fouled
2026-01-21 05:30:00,18.511,28.835,144.4,70.2,25.92,53.81,11.759,10.263,4.558,4.083,1.4958,0.4751,3365.29,64.7,416.14,0.000918,0.6263,1,Tube-Side Fouled
2026-01-21 05:45:00,18.252,32.382,144.96,70.69,30.39,54.91,12.049,10.88,4.5,3.914,1.1691,0.5857,3321.09,61.87,429.42,0.00085,0.6483,1,Tube-Side Fouled
2026-01-21 06:00:00,20.119,31.55,143.51,70.57,25.36,52.6,12.303,10.636,4.557,4.003,1.6664,0.5543,3595.73,65.42,439.7,0.000854,0.6174,1,Tube-Side Fouled
2026-01-21 06:15:00,19.545,33.157,144.68,71.61,27.95,53.17,12.156,10.813,4.578,3.976,1.3429,0.6016,3499.08,64.66,432.93,0.00088,0.626,1,Tube-Side Fouled
2026-01-21 06:30:00,18.475,34.482,148.05,68.82,28.45,53.31,11.941,10.5,4.488,3.825,1.4405,0.6628,3586.26,63.74,450.14,0.000757,0.6625,1,Tube-Side Fouled
2026-01-21 06:45:00,19.665,30.186,144.5,74.14,27.63,54.47,12.09,10.549,4.563,4.047,1.5412,0.5158,3390.14,65.89,411.63,0.000939,0.6021,1,Tube-Side Fouled
2026-01-21 07:00:00,18.342,32.292,149.13,74.0,32.56,57.55,11.673,10.289,4.598,3.997,1.3841,0.6011,3376.17,63.23,427.15,0.000881,0.6445,1,Tube-Side Fouled
2026-01-21 07:15:00,18.642,31.579,143.81,66.4,29.51,56.27,12.321,11.118,4.38,3.839,1.2025,0.5415,3535.65,58.61,482.6,0.000621,0.6773,1,Tube-Side Fouled
2026-01-21 07:30:00,16.607,30.593,142.43,62.29,27.03,52.5,11.735,10.495,4.46,3.944,1.2394,0.5166,3260.54,58.39,446.72,0.000788,0.6944,1,Tube-Side Fouled
2026-01-21 07:45:00,18.185,30.493,142.97,65.84,29.06,55.99,11.648,10.19,4.492,3.974,1.4576,0.518,3436.12,58.33,471.27,0.000641,0.677,1,Tube-Side Fouled
2026-01-21 08:00:00,18.39,32.925,145.46,65.46,28.84,55.0,11.784,10.373,4.341,3.747,1.4109,0.5939,3604.1,59.54,484.29,0.0006,0.686,1,Tube-Side Fouled
2026-01-21 08:15:00,19.245,32.382,141.96,66.69,25.08,51.28,12.376,11.055,4.378,3.787,1.3216,0.5905,3549.3,62.99,450.75,0.000766,0.644,1,Tube-Side Fouled
2026-01-21 08:30:00,20.241,31.288,143.61,68.73,29.05,57.41,11.863,10.389,4.527,3.981,1.4743,0.5467,3713.17,59.97,495.36,0.000548,0.6536,1,Tube-Side Fouled
2026-01-21 08:45:00,19.811,30.346,147.74,72.89,28.96,57.57,11.7,10.127,4.554,4.02,1.5728,0.5335,3632.8,64.31,451.94,0.000725,0.6301,1,Tube-Side Fouled
2026-01-21 09:00:00,21.46,29.871,147.18,79.04,28.02,56.69,11.829,9.934,4.495,4.001,1.8948,0.4944,3582.63,68.88,416.09,0.000883,0.5718,1,Tube-Side Fouled
2026-01-21 09:15:00,16.639,32.911,142.59,59.44,25.82,50.44,11.784,10.558,4.718,4.124,1.2262,0.5938,3389.78,58.04,467.2,0.000606,0.7121,1,Tube-Side Fouled
2026-01-21 09:30:00,16.871,33.12,146.38,62.72,27.57,52.53,12.088,10.892,4.455,3.81,1.1966,0.6451,3458.14,59.77,462.88,0.000706,0.7042,1,Tube-Side Fouled
2026-01-21 09:45:00,18.089,31.786,141.7,66.51,27.71,52.77,12.106,10.942,4.576,4.004,1.1643,0.5721,3332.62,60.44,441.12,0.000849,0.6597,1,Tube-Side Fouled
2026-01-21 10:00:00,17.208,33.302,146.63,61.74,26.33,52.01,12.108,11.0,4.395,3.756,1.1078,0.6391,3578.63,60.24,475.25,0.000724,0.7056,1,Tube-Side Fouled
2026-01-21 10:15:00,19.016,31.206,147.32,72.31,28.54,55.31,12.063,10.554,4.438,3.894,1.5091,0.5433,3494.79,64.93,430.58,0.000797,0.6315,1,Tube-Side Fouled
2026-01-21 10:30:00,17.328,32.347,143.4,62.74,25.69,50.99,11.967,10.751,4.654,4.075,1.2161,0.5787,3424.14,60.57,452.27,0.000724,0.6852,1,Tube-Side Fouled
2026-01-21 10:45:00,19.869,30.439,144.07,69.0,25.23,53.92,12.177,10.643,4.616,4.094,1.5335,0.5221,3654.3,64.2,455.39,0.000753,0.6317,1,Tube-Side Fouled
2026-01-21 11:00:00,19.142,31.986,140.09,70.1,28.8,53.33,12.02,10.544,4.41,3.843,1.4756,0.5667,3282.37,61.25,428.75,0.000905,0.6289,1,Tube-Side Fouled
2026-01-21 11:15:00,15.48,33.376,145.92,62.43,27.44,50.11,12.225,11.338,4.585,3.961,0.8871,0.6233,3166.21,60.38,419.51,0.000919,0.7047,1,Tube-Side Fouled
2026-01-21 11:30:00,20.104,32.958,143.28,69.19,28.12,54.59,11.829,10.226,4.65,4.026,1.6032,0.6249,3649.37,61.85,472.0,0.000698,0.6434,1,Tube-Side Fouled
2026-01-21 11:45:00,19.97,31.99,145.18,75.97,29.4,54.7,12.129,10.67,4.424,3.856,1.4596,0.568,3386.06,66.11,409.74,0.00089,0.5978,1,Tube-Side Fouled
2026-01-21 12:00:00,17.818,33.477,147.59,65.01,28.76,54.5,12.127,10.947,4.566,3.972,1.18,0.5932,3604.85,60.27,478.49,0.000541,0.6949,1,Tube-Side Fouled
2026-01-21 12:15:00,19.111,28.232,144.55,72.82,28.82,57.25,11.776,10.278,4.596,4.15,1.498,0.4463,3358.56,63.19,425.18,0.000899,0.6198,1,Tube-Side Fouled
2026-01-21 12:30:00,17.694,29.763,144.16,64.06,27.41,55.3,11.853,10.563,4.585,4.066,1.2896,0.5195,3472.31,58.95,471.23,0.00069,0.6861,1,Tube-Side Fouled
2026-01-21 12:45:00,17.224,31.503,144.55,64.36,27.14,52.81,11.928,10.855,4.451,3.873,1.073,0.5778,3384.01,60.43,447.96,0.000729,0.683,1,Tube-Side Fouled
2026-01-21 13:00:00,18.566,32.167,144.24,68.37,30.13,55.77,12.152,10.697,4.502,3.905,1.4553,0.5968,3450.63,59.89,460.93,0.000654,0.6648,1,Tube-Side Fouled
2026-01-21 13:15:00,16.716,31.674,142.34,64.49,28.65,52.7,11.928,10.7,4.487,3.906,1.2287,0.5811,3188.03,58.69,434.55,0.000816,0.6847,1,Tube-Side Fouled
2026-01-21 13:30:00,19.187,31.528,149.25,70.57,26.15,54.18,11.655,10.095,4.319,3.752,1.5594,0.5667,3698.48,66.57,444.48,0.000744,0.6391,1,Tube-Side Fouled
2026-01-21 13:45:00,18.7,33.126,143.11,73.15,31.88,55.01,12.266,11.024,4.447,3.826,1.2419,0.6213,3205.26,61.75,415.24,0.000898,0.629,1,Tube-Side Fouled
2026-01-21 14:00:00,18.843,29.248,146.09,72.19,27.84,55.72,12.387,11.177,4.345,3.86,1.2103,0.4851,3411.53,64.66,422.11,0.000947,0.6249,1,Tube-Side Fouled
2026-01-21 14:15:00,16.487,32.451,142.07,61.62,25.98,49.91,12.041,10.829,4.545,3.961,1.2119,0.5842,3249.4,59.49,436.94,0.000819,0.6929,1,Tube-Side Fouled
2026-01-21 14:30:00,19.16,30.82,144.77,68.84,28.46,56.1,11.612,10.131,4.339,3.814,1.4806,0.5248,3564.63,61.39,464.52,0.00067,0.6529,1,Tube-Side Fouled
2026-01-21 14:45:00,18.738,30.737,145.48,70.86,29.66,56.3,11.886,10.314,4.592,4.055,1.572,0.537,3425.73,62.14,441.03,0.000795,0.6442,1,Tube-Side Fouled
2026-01-21 15:00:00,19.074,31.337,148.93,69.56,28.96,57.25,12.016,10.579,4.488,3.94,1.4363,0.5473,3708.89,62.71,473.14,0.000681,0.6616,1,Tube-Side Fouled
2026-01-21 15:15:00,18.552,32.935,144.34,67.33,28.77,54.18,11.983,10.617,4.601,3.993,1.3657,0.6078,3500.4,60.75,460.98,0.000722,0.6664,1,Tube-Side Fouled
2026-01-21 15:30:00,18.384,32.206,143.03,65.46,27.56,53.49,11.967,10.633,4.506,3.931,1.3336,0.5751,3493.57,60.07,465.28,0.000712,0.6718,1,Tube-Side Fouled
2026-01-21 15:45:00,17.019,31.378,146.49,65.62,28.72,54.41,12.197,11.13,4.49,3.903,1.0673,0.587,3371.73,60.34,447.01,0.000754,0.6867,1,Tube-Side Fouled
2026-01-21 16:00:00,16.705,25.709,146.92,63.25,29.37,61.2,12.083,10.888,4.37,3.975,1.1952,0.3949,3424.38,55.85,490.5,0.000536,0.7117,1,Tube-Side Fouled
2026-01-21 16:15:00,18.958,34.234,146.41,70.37,28.64,53.3,12.073,10.466,4.561,3.888,1.6073,0.6736,3531.87,64.01,441.38,0.000782,0.6457,1,Tube-Side Fouled
2026-01-21 16:30:00,17.842,29.196,145.21,67.17,25.98,53.9,11.702,10.616,4.498,4.022,1.0867,0.476,3411.54,62.96,433.47,0.000777,0.6545,1,Tube-Side Fouled
2026-01-21 16:45:00,17.03,31.408,142.13,61.63,27.75,53.32,12.048,10.747,4.417,3.846,1.3007,0.5717,3358.93,57.0,471.45,0.000664,0.7039,1,Tube-Side Fouled
2026-01-21 17:00:00,18.048,31.77,142.42,63.36,26.12,52.42,12.046,10.957,4.422,3.845,1.0886,0.5774,3495.95,59.79,467.78,0.000683,0.6798,1,Tube-Side Fouled
2026-01-21 17:15:00,19.147,30.783,143.71,70.31,26.78,53.52,12.357,10.983,4.438,3.922,1.3736,0.5158,3443.3,64.05,430.07,0.000856,0.6278,1,Tube-Side Fouled
2026-01-21 17:30:00,19.807,34.134,146.52,69.5,28.1,54.27,11.402,9.861,4.542,3.89,1.5411,0.6529,3737.22,63.46,471.11,0.000606,0.6504,1,Tube-Side Fouled
2026-01-21 17:45:00,17.937,34.189,143.13,63.83,28.9,53.26,11.739,10.492,4.603,3.96,1.2469,0.6434,3484.78,58.14,479.51,0.000642,0.6942,1,Tube-Side Fouled
2026-01-21 18:00:00,16.636,29.975,148.13,64.41,28.73,55.94,11.753,10.62,4.323,3.799,1.1328,0.5246,3412.5,59.53,458.6,0.000658,0.7012,1,Tube-Side Fouled
2026-01-21 18:15:00,19.399,31.732,144.63,66.54,26.27,54.22,11.946,10.439,4.524,3.962,1.5074,0.5624,3711.53,62.0,478.89,0.000652,0.6597,1,Tube-Side Fouled
2026-01-21 18:30:00,17.096,32.264,143.31,67.08,29.52,53.17,11.968,10.682,4.348,3.782,1.2858,0.5655,3192.56,60.07,425.2,0.00089,0.6699,1,Tube-Side Fouled
2026-01-21 18:45:00,17.315,31.289,142.86,66.9,29.46,54.07,11.82,10.58,4.512,3.957,1.2397,0.5554,3222.21,59.47,433.44,0.000838,0.6698,1,Tube-Side Fouled
2026-01-21 19:00:00,17.485,33.353,145.18,65.34,29.3,53.81,12.201,10.833,4.427,3.786,1.3672,0.6413,3420.3,59.48,460.06,0.000692,0.689,1,Tube-Side Fouled
2026-01-21 19:15:00,18.562,32.024,142.99,69.06,29.01,54.11,11.799,10.491,4.545,3.951,1.3077,0.5949,3362.35,61.25,439.13,0.000823,0.6487,1,Tube-Side Fouled
2026-01-21 19:30:00,18.656,32.108,142.24,68.84,27.77,52.74,12.053,10.723,4.51,3.942,1.3296,0.5677,3354.8,62.17,431.68,0.000835,0.6412,1,Tube-Side Fouled
2026-01-21 19:45:00,19.234,32.319,148.08,69.45,28.36,55.76,11.834,10.218,4.453,3.867,1.6156,0.5862,3705.2,63.28,468.41,0.000684,0.6568,1,Tube-Side Fouled
2026-01-21 20:00:00,19.773,32.13,141.17,72.7,27.99,52.66,11.876,10.506,4.592,4.034,1.3702,0.5574,3317.19,64.13,413.78,0.000892,0.605,1,Tube-Side Fouled
2026-01-21 20:15:00,17.878,32.416,142.36,66.88,29.49,53.87,12.238,11.001,4.398,3.806,1.2369,0.5923,3306.01,59.32,445.88,0.000762,0.6687,1,Tube-Side Fouled
2026-01-21 20:30:00,19.227,31.435,145.36,64.53,26.04,54.99,11.849,10.233,4.655,4.116,1.6159,0.5395,3807.47,60.78,501.12,0.000532,0.6774,1,Tube-Side Fouled
2026-01-21 20:45:00,18.274,34.961,147.39,70.37,29.99,53.56,11.999,10.707,4.446,3.747,1.2913,0.6997,3448.47,63.39,435.2,0.000792,0.6561,1,Tube-Side Fouled
2026-01-21 21:00:00,19.655,33.715,142.34,72.67,28.41,52.19,11.666,10.284,4.513,3.87,1.3823,0.6429,3354.49,64.51,416.01,0.000918,0.6115,1,Tube-Side Fouled
2026-01-21 21:15:00,18.166,29.89,144.86,69.29,25.52,52.42,11.953,10.754,4.456,3.94,1.1999,0.5157,3363.68,65.1,413.35,0.000944,0.6333,1,Tube-Side Fouled
2026-01-21 21:30:00,20.014,36.391,149.23,73.11,26.2,50.72,11.918,10.369,4.498,3.768,1.549,0.7298,3732.35,69.55,429.33,0.000834,0.6187,1,Tube-Side Fouled
2026-01-21 21:45:00,18.972,33.862,146.22,68.35,28.29,53.83,12.188,10.893,4.411,3.75,1.2951,0.6608,3619.38,62.62,462.38,0.000676,0.6603,1,Tube-Side Fouled
2026-01-21 22:00:00,18.684,29.065,141.78,66.42,27.4,55.77,12.161,10.663,4.292,3.812,1.4983,0.4807,3449.59,59.45,464.16,0.000693,0.6588,1,Tube-Side Fouled
2026-01-21 22:15:00,15.717,31.189,145.38,63.92,27.48,51.52,11.635,10.545,4.576,4.021,1.0901,0.5552,3136.74,60.69,413.47,0.000903,0.6909,1,Tube-Side Fouled
2026-01-21 22:30:00,18.433,33.103,148.48,67.82,28.21,54.51,12.156,10.654,4.646,4.037,1.5026,0.6088,3642.89,62.93,463.12,0.000722,0.6707,1,Tube-Side Fouled
2026-01-21 22:45:00,19.182,32.496,146.08,70.69,28.38,54.44,12.059,10.697,4.484,3.911,1.3616,0.573,3543.51,63.82,444.16,0.000772,0.6406,1,Tube-Side Fouled
2026-01-21 23:00:00,16.722,29.465,140.68,58.43,26.05,53.38,11.764,10.742,4.639,4.174,1.0215,0.465,3369.62,55.37,486.87,0.000539,0.7176,1,Tube-Side Fouled
2026-01-21 23:15:00,18.057,35.716,146.66,66.27,27.69,51.48,12.14,11.044,4.448,3.723,1.0953,0.725,3556.15,62.68,453.86,0.000706,0.6757,1,Tube-Side Fouled
2026-01-21 23:30:00,17.377,33.171,144.23,60.53,29.0,54.67,12.117,10.94,4.476,3.834,1.1774,0.642,3563.45,55.59,512.82,0.000519,0.7264,1,Tube-Side Fouled
2026-01-21 23:45:00,18.709,30.581,150.19,68.55,27.5,56.74,11.837,10.319,4.481,3.953,1.5182,0.5278,3741.99,63.7,469.94,0.000626,0.6654,1,Tube-Side Fouled
2026-01-22 00:00:00,18.705,32.022,143.92,65.84,28.0,54.71,12.098,10.839,4.487,3.91,1.2589,0.5771,3578.52,59.9,477.93,0.000604,0.6736,1,Tube-Side Fouled
2026-01-22 00:15:00,17.208,32.787,144.02,61.22,26.98,52.42,11.703,10.589,4.597,3.981,1.1142,0.6163,3490.98,58.29,479.11,0.000574,0.7075,1,Tube-Side Fouled
2026-01-22 00:30:00,18.863,32.023,144.89,67.73,27.22,53.84,11.685,10.502,4.388,3.818,1.183,0.5702,3565.81,62.41,457.09,0.000695,0.6557,1,Tube-Side Fouled
2026-01-22 00:45:00,17.656,33.598,143.61,64.61,28.6,52.91,11.879,10.463,4.564,3.926,1.4168,0.6382,3417.39,59.2,461.82,0.000683,0.6869,1,Tube-Side Fouled
2026-01-22 01:00:00,19.084,31.753,145.76,66.72,28.48,56.29,11.992,10.623,4.544,3.982,1.3694,0.5622,3695.6,60.27,490.53,0.000592,0.6739,1,Tube-Side Fouled
2026-01-22 01:15:00,18.16,30.093,144.4,62.38,26.47,55.45,11.783,10.405,4.621,4.112,1.3779,0.5089,3649.39,58.48,499.24,0.00052,0.6955,1,Tube-Side Fouled
2026-01-22 01:30:00,19.013,31.576,143.27,71.21,28.71,54.12,11.935,10.406,4.508,3.953,1.5292,0.5544,3356.63,62.97,426.45,0.000835,0.629,1,Tube-Side Fouled
2026-01-22 01:45:00,18.955,31.465,150.21,70.46,26.65,54.78,12.194,10.74,4.397,3.834,1.4542,0.5633,3703.31,66.31,446.79,0.000785,0.6454,1,Tube-Side Fouled
2026-01-22 02:00:00,17.453,30.999,145.71,63.93,27.62,54.58,11.98,10.794,4.607,4.04,1.1856,0.5667,3497.05,59.58,469.57,0.000603,0.6925,1,Tube-Side Fouled
2026-01-22 02:15:00,19.218,33.713,144.8,66.98,29.14,55.11,11.647,10.083,4.604,3.979,1.5632,0.6253,3663.86,60.08,487.84,0.000554,0.6728,1,Tube-Side Fouled
2026-01-22 02:30:00,16.864,32.18,147.4,64.52,27.2,52.64,12.263,11.042,4.413,3.841,1.221,0.5721,3424.59,61.64,444.45,0.000846,0.6896,1,Tube-Side Fouled
2026-01-22 02:45:00,17.573,34.348,148.19,68.95,30.17,53.91,11.993,10.823,4.604,3.939,1.1704,0.665,3411.8,62.47,436.94,0.000816,0.6715,1,Tube-Side Fouled
2026-01-22 03:00:00,19.647,29.959,145.57,73.48,27.11,54.8,12.14,10.68,4.42,3.916,1.4603,0.5041,3470.12,66.1,419.99,0.000877,0.6086,1,Tube-Side Fouled
2026-01-22 03:15:00,17.829,32.607,140.57,63.95,24.14,48.68,11.532,10.463,4.633,4.018,1.0692,0.6147,3346.91,62.26,430.05,0.000852,0.6581,1,Tube-Side Fouled
2026-01-22 03:30:00,18.531,31.152,145.74,67.7,29.16,56.34,11.963,10.748,4.454,3.901,1.2149,0.553,3542.67,60.45,468.87,0.000682,0.6694,1,Tube-Side Fouled
2026-01-22 03:45:00,19.34,30.332,145.92,71.33,28.4,56.25,11.963,10.575,4.407,3.887,1.3885,0.5206,3534.59,63.45,445.62,0.000794,0.6347,1,Tube-Side Fouled
2026-01-22 04:00:00,16.6,30.985,143.99,60.11,27.88,54.19,11.74,10.775,4.478,3.915,0.9646,0.5633,3411.44,56.19,485.71,0.000585,0.7224,1,Tube-Side Fouled
2026-01-22 04:15:00,17.438,32.162,142.98,61.95,27.1,52.83,12.059,10.682,4.523,3.923,1.3774,0.6004,3461.63,58.19,475.93,0.000617,0.6992,1,Tube-Side Fouled
2026-01-22 04:30:00,19.282,29.129,143.51,69.25,27.5,56.28,11.614,10.154,4.589,4.12,1.4602,0.4692,3508.08,61.72,454.68,0.000772,0.6401,1,Tube-Side Fouled
2026-01-22 04:45:00,16.261,34.039,144.95,62.44,26.91,49.99,12.057,10.919,4.515,3.865,1.1377,0.6501,3287.26,60.46,435.0,0.000834,0.699,1,Tube-Side Fouled
2026-01-22 05:00:00,18.364,33.753,145.28,65.95,26.6,51.88,11.807,10.434,4.542,3.886,1.3732,0.6558,3569.38,62.53,456.67,0.000695,0.6685,1,Tube-Side Fouled
2026-01-22 05:15:00,19.721,27.918,145.83,71.55,29.26,59.99,12.34,10.69,4.354,3.903,1.6496,0.4505,3589.02,61.51,466.77,0.000711,0.6372,1,Tube-Side Fouled
2026-01-22 05:30:00,19.301,30.893,144.46,73.82,29.22,55.06,12.351,11.091,4.554,4.031,1.2597,0.5232,3340.31,64.42,414.79,0.000945,0.613,1,Tube-Side Fouled
2026-01-22 05:45:00,19.831,31.724,147.88,72.49,27.51,55.1,11.87,10.208,4.542,3.993,1.6626,0.5491,3662.89,66.02,443.85,0.00078,0.6263,1,Tube-Side Fouled
2026-01-22 06:00:00,17.297,31.457,142.84,68.22,30.59,54.61,11.96,10.645,4.589,4.042,1.3145,0.547,3161.95,59.38,426.0,0.000848,0.6647,1,Tube-Side Fouled
2026-01-22 06:15:00,19.438,29.471,144.21,71.83,28.14,56.09,11.903,10.608,4.482,3.998,1.2944,0.4842,3446.77,63.33,435.4,0.000778,0.6236,1,Tube-Side Fouled
2026-01-22 06:30:00,18.066,31.09,146.54,67.72,28.07,54.89,11.978,10.839,4.316,3.784,1.1395,0.5318,3488.62,62.06,449.72,0.000723,0.6653,1,Tube-Side Fouled
2026-01-22 06:45:00,17.235,34.665,146.6,67.26,27.51,50.61,12.249,11.031,4.545,3.876,1.2183,0.6692,3350.36,63.79,420.19,0.000918,0.6663,1,Tube-Side Fouled
2026-01-22 07:00:00,17.016,31.907,149.66,63.44,29.48,56.4,11.891,10.868,4.503,3.911,1.0237,0.592,3594.43,58.7,489.88,0.000531,0.7174,1,Tube-Side Fouled
2026-01-22 07:15:00,17.907,30.12,146.22,69.03,27.88,54.75,11.686,10.445,4.292,3.779,1.2412,0.5132,3386.72,63.0,430.08,0.000835,0.6523,1,Tube-Side Fouled
2026-01-22 07:30:00,18.181,31.661,142.16,64.6,28.62,54.69,11.974,10.766,4.424,3.872,1.208,0.5523,3454.57,57.96,476.8,0.000613,0.6831,1,Tube-Side Fouled
2026-01-22 07:45:00,18.777,33.698,146.48,71.92,29.43,53.76,11.83,10.56,4.449,3.813,1.2709,0.6362,3429.95,64.37,426.25,0.000898,0.637,1,Tube-Side Fouled
2026-01-22 08:00:00,19.077,31.953,141.54,67.27,27.35,53.31,12.436,11.047,4.52,3.935,1.3895,0.5851,3471.3,60.91,455.9,0.000723,0.6504,1,Tube-Side Fouled
2026-01-22 08:15:00,17.541,33.87,143.67,66.04,27.75,51.29,11.913,10.759,4.386,3.732,1.1544,0.6546,3335.9,61.41,434.57,0.000885,0.6697,1,Tube-Side Fouled
2026-01-22 08:30:00,17.251,32.808,142.44,63.29,30.41,54.78,12.163,11.043,4.493,3.919,1.1198,0.5737,3345.35,55.86,479.06,0.000687,0.7065,1,Tube-Side Fouled
2026-01-22 08:45:00,16.767,33.631,143.51,60.79,27.76,51.91,12.153,10.899,4.484,3.869,1.2533,0.6152,3398.39,57.42,473.5,0.000648,0.7147,1,Tube-Side Fouled
2026-01-22 09:00:00,14.875,33.223,147.32,61.22,28.3,50.87,12.054,11.048,4.444,3.833,1.0055,0.6104,3137.87,59.1,424.76,0.000886,0.7234,1,Tube-Side Fouled
2026-01-22 09:15:00,18.696,29.886,147.2,65.13,25.63,55.69,11.733,10.506,4.437,3.929,1.2272,0.5073,3759.06,61.91,485.76,0.000596,0.6751,1,Tube-Side Fouled
2026-01-22 09:30:00,18.111,35.775,146.23,62.34,26.55,51.41,12.051,10.93,4.554,3.846,1.1217,0.708,3722.11,60.59,491.46,0.000609,0.7009,1,Tube-Side Fouled
2026-01-22 09:45:00,19.011,34.281,141.52,63.47,26.47,51.81,11.998,10.461,4.504,3.819,1.5363,0.6845,3635.07,59.52,488.61,0.000574,0.6784,1,Tube-Side Fouled
2026-01-22 10:00:00,20.853,34.393,146.56,72.48,31.01,57.31,11.942,10.056,4.417,3.749,1.8859,0.6682,3784.33,62.34,485.66,0.000595,0.6411,1,Tube-Side Fouled
2026-01-22 10:15:00,20.584,33.116,147.31,69.44,28.29,56.63,11.677,10.145,4.319,3.715,1.5314,0.6036,3926.8,62.69,501.11,0.000587,0.6542,1,Tube-Side Fouled
2026-01-22 10:30:00,19.312,35.194,148.75,72.73,26.78,51.21,12.194,10.96,4.462,3.798,1.2338,0.6638,3596.89,68.54,419.84,0.000906,0.6233,1,Tube-Side Fouled
2026-01-22 10:45:00,18.462,30.279,147.32,69.62,27.58,55.32,12.062,10.587,4.637,4.111,1.4743,0.5253,3514.67,63.79,440.78,0.000748,0.6489,1,Tube-Side Fouled
2026-01-22 11:00:00,18.864,32.596,141.33,65.81,27.77,53.35,12.05,10.576,4.546,3.933,1.4734,0.6126,3489.94,59.56,468.74,0.000637,0.665,1,Tube-Side Fouled
2026-01-22 11:15:00,18.555,30.776,146.28,68.03,28.29,55.92,11.828,10.313,4.434,3.901,1.5152,0.5329,3557.12,61.63,461.78,0.00071,0.6632,1,Tube-Side Fouled
2026-01-22 11:30:00,17.594,30.609,151.67,71.26,27.71,54.77,12.273,10.92,4.668,4.158,1.3533,0.5099,3466.14,66.71,415.67,0.000939,0.6487,1,Tube-Side Fouled
2026-01-22 11:45:00,18.559,31.235,149.73,70.9,27.65,55.07,12.39,10.933,4.452,3.907,1.457,0.5452,3584.22,65.64,436.86,0.000884,0.6457,1,Tube-Side Fouled
2026-01-22 12:00:00,20.531,31.739,144.15,72.06,27.63,54.94,12.324,10.483,4.586,4.002,1.8415,0.5839,3626.44,64.24,451.62,0.000779,0.6187,1,Tube-Side Fouled
2026-01-22 12:15:00,18.939,27.669,147.21,71.46,26.09,56.45,12.172,10.626,4.59,4.137,1.5459,0.4535,3514.95,65.46,429.58,0.000869,0.6254,1,Tube-Side Fouled
2026-01-22 12:30:00,17.173,32.735,142.6,64.55,26.49,50.47,12.072,10.974,4.508,3.923,1.098,0.585,3283.7,61.16,429.53,0.000898,0.6722,1,Tube-Side Fouled
2026-01-22 12:45:00,18.754,30.449,143.19,69.06,29.67,56.41,11.89,10.619,4.618,4.102,1.2715,0.5162,3406.11,60.0,454.18,0.000751,0.653,1,Tube-Side Fouled
2026-01-22 13:00:00,18.33,30.308,148.37,66.96,27.85,56.68,11.823,10.641,4.546,4.031,1.1826,0.5148,3655.91,61.71,473.95,0.00061,0.6755,1,Tube-Side Fouled
2026-01-22 13:15:00,20.003,30.462,140.68,65.1,28.22,57.29,12.371,10.723,4.553,4.01,1.648,0.5433,3704.2,57.0,519.85,0.000546,0.6721,1,Tube-Side Fouled
2026-01-22 13:30:00,18.702,31.267,144.66,64.35,27.9,56.02,11.964,10.512,4.709,4.168,1.4516,0.5412,3679.56,58.73,501.2,0.000513,0.6878,1,Tube-Side Fouled
2026-01-22 13:45:00,18.164,28.533,145.61,68.36,27.54,56.33,11.988,10.649,4.382,3.888,1.3386,0.4934,3437.59,61.93,444.1,0.00083,0.6542,1,Tube-Side Fouled
2026-01-22 14:00:00,17.387,31.517,146.77,67.39,29.13,54.78,12.114,11.083,4.46,3.9,1.0315,0.5597,3381.38,61.24,441.71,0.000769,0.6748,1,Tube-Side Fouled
2026-01-22 14:15:00,18.481,32.687,149.41,65.65,27.11,54.84,12.009,10.661,4.435,3.826,1.3479,0.6092,3792.34,62.42,486.03,0.000596,0.6849,1,Tube-Side Fouled
2026-01-22 14:30:00,19.063,31.191,141.6,64.79,26.17,53.66,11.741,10.422,4.688,4.128,1.3187,0.56,3587.64,59.93,478.87,0.000588,0.6654,1,Tube-Side Fouled
2026-01-22 14:45:00,20.08,31.946,141.38,69.63,31.47,57.88,11.772,10.298,4.441,3.872,1.4743,0.5688,3529.97,57.9,487.7,0.00062,0.6528,1,Tube-Side Fouled
2026-01-22 15:00:00,18.729,31.732,144.9,64.68,26.42,54.15,12.059,10.532,4.628,4.054,1.5266,0.5737,3681.35,60.77,484.65,0.000565,0.6771,1,Tube-Side Fouled
2026-01-22 15:15:00,18.534,34.184,142.04,65.38,28.78,53.12,12.086,10.821,4.406,3.743,1.265,0.6631,3481.5,58.93,472.59,0.00066,0.6769,1,Tube-Side Fouled
2026-01-22 15:30:00,17.762,32.905,144.48,63.06,25.79,51.53,11.64,10.566,4.579,3.961,1.074,0.6181,3543.14,60.93,465.2,0.000742,0.686,1,Tube-Side Fouled
2026-01-22 15:45:00,18.842,31.583,144.95,68.26,30.19,56.98,12.218,10.774,4.695,4.17,1.4441,0.5249,3540.45,59.58,475.41,0.00064,0.6683,1,Tube-Side Fouled
2026-01-22 16:00:00,21.457,30.973,143.56,73.04,30.51,59.11,11.758,9.947,4.614,4.059,1.8117,0.555,3707.17,61.11,485.31,0.000618,0.6238,1,Tube-Side Fouled
2026-01-22 16:15:00,17.021,32.201,142.68,59.43,25.92,51.68,12.082,10.785,4.616,4.026,1.2974,0.5898,3471.45,57.55,482.56,0.00059,0.7129,1,Tube-Side Fouled
2026-01-22 16:30:00,17.758,30.83,146.99,67.9,29.22,55.89,11.966,10.736,4.457,3.904,1.2295,0.5534,3440.91,61.19,449.85,0.000717,0.6716,1,Tube-Side Fouled
2026-01-22 16:45:00,17.647,29.497,141.77,61.44,27.44,55.58,12.385,11.005,4.442,3.949,1.3802,0.4925,3473.17,56.11,495.2,0.000593,0.7026,1,Tube-Side Fouled
2026-01-22 17:00:00,17.473,30.406,140.24,62.84,30.27,56.31,12.042,10.841,4.431,3.926,1.201,0.5059,3313.42,54.26,488.56,0.000582,0.7038,1,Tube-Side Fouled
2026-01-22 17:15:00,16.707,34.978,148.75,66.42,29.13,52.16,11.777,10.712,4.651,3.97,1.0645,0.6813,3370.22,62.31,432.72,0.000856,0.6883,1,Tube-Side Fouled
2026-01-22 17:30:00,16.843,31.684,144.56,62.45,29.19,54.75,12.135,11.058,4.399,3.825,1.0774,0.574,3388.43,56.93,476.17,0.000664,0.7117,1,Tube-Side Fouled
2026-01-22 17:45:00,18.771,32.356,146.69,67.28,28.59,55.56,12.157,10.815,4.546,3.966,1.3414,0.5802,3651.66,61.21,477.23,0.000585,0.6723,1,Tube-Side Fouled
2026-01-22 18:00:00,19.767,34.353,145.84,70.43,28.78,54.18,12.019,10.535,4.577,3.905,1.4843,0.672,3652.13,63.4,460.82,0.000747,0.6442,1,Tube-Side Fouled
2026-01-22 18:15:00,20.224,28.567,145.35,73.74,29.07,58.76,12.05,10.346,4.538,4.102,1.704,0.4363,3547.85,63.34,448.13,0.000765,0.6158,1,Tube-Side Fouled
2026-01-22 18:30:00,17.391,29.394,147.73,62.96,27.09,56.46,11.897,10.657,4.394,3.89,1.2405,0.5039,3611.65,59.32,487.05,0.000565,0.7026,1,Tube-Side Fouled
2026-01-22 18:45:00,18.526,29.367,144.82,65.74,28.48,57.69,12.267,10.829,4.425,3.936,1.4378,0.4892,3589.35,58.7,489.14,0.000644,0.6797,1,Tube-Side Fouled
2026-01-22 19:00:00,18.68,29.904,148.3,71.68,26.52,54.55,12.169,10.795,4.635,4.127,1.374,0.5081,3506.93,66.52,421.73,0.000894,0.6292,1,Tube-Side Fouled
2026-01-22 19:15:00,17.581,32.796,144.59,64.51,28.49,53.63,11.702,10.503,4.491,3.893,1.1987,0.5974,3449.59,59.3,465.34,0.000712,0.6898,1,Tube-Side Fouled
2026-01-22 19:30:00,20.686,32.778,146.33,68.58,26.39,55.12,11.923,10.189,4.427,3.841,1.7339,0.5856,3940.56,63.58,495.82,0.000572,0.6482,1,Tube-Side Fouled
2026-01-22 19:45:00,18.897,28.557,148.31,66.49,26.05,57.76,11.776,10.445,4.512,4.048,1.3314,0.4638,3788.12,62.16,487.53,0.000587,0.6693,1,Tube-Side Fouled
2026-01-22 20:00:00,16.72,31.807,141.84,65.64,29.83,53.29,11.764,10.652,4.656,4.084,1.112,0.5721,3121.36,58.25,428.66,0.000827,0.6803,1,Tube-Side Fouled
2026-01-22 20:15:00,17.649,32.272,144.22,63.35,26.87,52.77,11.951,10.847,4.555,3.968,1.1038,0.5867,3496.82,59.81,467.7,0.000698,0.6891,1,Tube-Side Fouled
2026-01-22 20:30:00,19.123,32.139,142.8,71.39,31.02,55.9,12.166,10.73,4.555,3.946,1.4356,0.6089,3345.43,60.69,440.96,0.000797,0.6388,1,Tube-Side Fouled
2026-01-22 20:45:00,20.314,33.067,146.29,75.61,29.04,54.47,12.197,10.563,4.63,3.992,1.6343,0.6381,3517.61,66.66,422.18,0.00089,0.6028,1,Tube-Side Fouled
2026-01-22 21:00:00,19.396,33.649,144.03,74.36,30.25,53.76,12.139,10.659,4.513,3.851,1.4798,0.6616,3310.77,64.46,410.92,0.00092,0.6123,1,Tube-Side Fouled
2026-01-22 21:15:00,19.012,32.344,144.71,72.36,29.81,54.72,12.522,11.049,4.433,3.816,1.4731,0.6178,3370.14,63.34,425.69,0.000875,0.6297,1,Tube-Side Fouled
2026-01-22 21:30:00,17.81,30.498,148.67,65.46,28.18,56.64,11.725,10.498,4.468,3.971,1.2269,0.4976,3631.2,60.58,479.51,0.000582,0.6907,1,Tube-Side Fouled
2026-01-22 21:45:00,18.609,32.935,144.77,70.36,29.64,54.26,11.726,10.405,4.43,3.799,1.321,0.6314,3392.37,62.34,435.33,0.000815,0.6463,1,Tube-Side Fouled
2026-01-22 22:00:00,16.783,33.23,142.55,60.97,24.9,49.02,11.925,10.87,4.59,3.959,1.0547,0.631,3354.54,60.31,444.99,0.000769,0.6934,1,Tube-Side Fouled
2026-01-22 22:15:00,18.186,32.748,143.29,65.68,29.67,54.91,12.223,10.955,4.512,3.916,1.2673,0.5958,3457.75,58.33,474.24,0.000645,0.683,1,Tube-Side Fouled
2026-01-22 22:30:00,18.722,34.143,142.64,69.99,29.62,52.94,11.842,10.537,4.624,3.978,1.3046,0.6465,3332.38,61.79,431.45,0.000873,0.6428,1,Tube-Side Fouled
2026-01-22 22:45:00,18.054,31.713,140.19,64.38,24.45,49.72,12.26,10.941,4.418,3.862,1.3198,0.5555,3353.24,61.79,434.16,0.000897,0.655,1,Tube-Side Fouled
2026-01-22 23:00:00,17.196,31.196,139.07,61.15,27.29,52.44,11.96,10.912,4.371,3.814,1.0475,0.5561,3282.61,56.18,467.48,0.000678,0.6971,1,Tube-Side Fouled
2026-01-22 23:15:00,17.718,29.6,149.24,65.43,28.95,58.32,12.201,11.046,4.492,3.998,1.1555,0.4935,3637.93,59.62,488.15,0.000573,0.6967,1,Tube-Side Fouled
2026-01-22 23:30:00,17.955,30.417,145.83,64.87,28.12,56.11,12.279,11.175,4.747,4.208,1.1034,0.5394,3561.43,59.35,480.09,0.000573,0.6878,1,Tube-Side Fouled
2026-01-22 23:45:00,18.483,30.047,142.71,70.91,28.36,54.22,11.811,10.623,4.516,4.009,1.1883,0.5069,3251.03,62.74,414.52,0.000933,0.6279,1,Tube-Side Fouled
2026-01-23 00:00:00,18.693,34.411,145.65,63.56,28.48,54.6,12.163,10.911,4.36,3.674,1.252,0.6859,3759.73,58.68,512.56,0.000531,0.7006,1,Tube-Side Fouled
2026-01-23 00:15:00,19.396,30.376,147.52,70.06,28.75,57.71,12.378,11.045,4.519,4.02,1.333,0.4994,3681.16,62.45,471.54,0.000647,0.6522,1,Tube-Side Fouled
2026-01-23 00:30:00,18.213,33.037,146.69,65.55,25.21,51.4,12.141,10.825,4.475,3.849,1.3168,0.6259,3620.78,63.92,453.15,0.000685,0.668,1,Tube-Side Fouled
2026-01-23 00:45:00,19.967,31.443,145.03,68.69,27.04,55.42,12.12,10.657,4.422,3.828,1.4625,0.5941,3734.46,62.6,477.25,0.000597,0.647,1,Tube-Side Fouled
2026-01-23 01:00:00,17.956,29.504,145.84,66.1,27.28,55.7,12.235,11.086,4.421,3.945,1.1489,0.476,3508.09,60.92,460.67,0.000718,0.6726,1,Tube-Side Fouled
2026-01-23 01:15:00,18.788,33.581,145.22,70.19,28.15,52.73,11.825,10.488,4.614,4.011,1.3373,0.6036,3453.6,63.99,431.79,0.000882,0.6409,1,Tube-Side Fouled
2026-01-23 01:30:00,19.225,30.994,149.45,69.99,28.1,56.96,12.252,10.985,4.424,3.894,1.2672,0.5301,3742.64,63.89,468.67,0.000687,0.6548,1,Tube-Side Fouled
2026-01-23 01:45:00,19.163,30.411,144.1,68.57,30.33,58.2,12.355,11.008,4.442,3.916,1.3463,0.5263,3546.15,58.89,481.76,0.000623,0.6639,1,Tube-Side Fouled
2026-01-23 02:00:00,17.695,33.958,143.91,63.13,27.04,51.69,12.105,10.687,4.346,3.701,1.4179,0.6452,3501.93,59.83,468.27,0.000697,0.6912,1,Tube-Side Fouled
2026-01-23 02:15:00,17.526,29.749,141.41,67.32,29.65,55.21,11.973,10.637,4.44,3.925,1.3358,0.5146,3181.36,58.62,434.14,0.000828,0.663,1,Tube-Side Fouled
2026-01-23 02:30:00,18.765,32.0,146.88,65.62,28.54,56.45,11.824,10.278,4.553,3.97,1.5459,0.5824,3736.13,59.84,499.45,0.000528,0.6867,1,Tube-Side Fouled
2026-01-23 02:45:00,19.369,31.178,144.03,72.68,28.9,54.86,11.934,10.326,4.721,4.163,1.6072,0.5574,3386.0,63.8,424.55,0.000905,0.6198,1,Tube-Side Fouled
2026-01-23 03:00:00,17.971,29.799,143.47,62.55,27.58,56.16,12.333,11.052,4.72,4.177,1.2818,0.5421,3563.07,57.21,498.26,0.000526,0.6983,1,Tube-Side Fouled
2026-01-23 03:15:00,20.643,34.048,147.81,72.24,29.25,56.08,11.991,10.534,4.426,3.787,1.4568,0.6394,3821.87,64.31,475.41,0.000632,0.6374,1,Tube-Side Fouled
2026-01-23 03:30:00,18.894,30.74,148.99,69.3,25.45,54.13,12.095,10.581,4.372,3.827,1.5145,0.5456,3689.08,66.11,446.43,0.000775,0.6451,1,Tube-Side Fouled
2026-01-23 03:45:00,18.538,32.352,144.84,68.56,29.09,54.69,12.019,10.639,4.52,3.912,1.3795,0.6079,3464.21,61.36,451.67,0.000731,0.659,1,Tube-Side Fouled
2026-01-23 04:00:00,18.098,33.286,144.08,63.85,28.53,54.07,11.896,10.578,4.451,3.835,1.3186,0.6154,3557.43,58.46,486.83,0.000595,0.6944,1,Tube-Side Fouled
2026-01-23 04:15:00,17.585,33.739,147.48,67.94,26.82,51.1,12.106,11.069,4.587,3.948,1.0377,0.6391,3427.19,64.87,422.62,0.000879,0.6592,1,Tube-Side Fouled
2026-01-23 04:30:00,17.312,28.767,147.71,61.49,25.02,55.4,12.069,11.02,4.581,4.102,1.0486,0.4795,3657.08,60.13,486.54,0.000592,0.7027,1,Tube-Side Fouled
2026-01-23 04:45:00,15.346,30.346,146.4,61.11,28.08,53.33,12.15,11.181,4.526,3.99,0.9698,0.5363,3206.87,57.96,442.64,0.000784,0.7208,1,Tube-Side Fouled
2026-01-23 05:00:00,19.492,32.754,143.12,68.56,30.68,56.66,12.049,10.56,4.701,4.082,1.4897,0.6197,3560.57,58.87,483.84,0.0006,0.6631,1,Tube-Side Fouled
2026-01-23 05:15:00,17.908,31.194,143.77,65.83,28.66,54.86,11.693,10.5,4.479,3.956,1.1928,0.5228,3419.55,59.33,461.07,0.00073,0.6771,1,Tube-Side Fouled
2026-01-23 05:30:00,19.419,31.14,143.68,69.18,26.33,53.54,12.151,10.909,4.481,3.946,1.2413,0.5348,3544.38,63.59,445.89,0.000766,0.6349,1,Tube-Side Fouled
2026-01-23 05:45:00,19.575,29.288,142.28,72.46,27.36,54.68,11.855,10.387,4.497,4.008,1.4675,0.4893,3348.29,64.01,418.47,0.00088,0.6076,1,Tube-Side Fouled
2026-01-23 06:00:00,18.186,35.399,144.54,65.68,29.24,52.97,12.386,11.169,4.514,3.831,1.217,0.6828,3513.5,59.83,469.77,0.000721,0.6839,1,Tube-Side Fouled
2026-01-23 06:15:00,17.447,31.446,146.86,65.51,28.48,54.91,11.955,10.715,4.435,3.869,1.2404,0.566,3477.37,60.39,460.68,0.00071,0.6872,1,Tube-Side Fouled
2026-01-23 06:30:00,19.905,30.184,143.33,68.46,29.15,58.06,12.059,10.529,4.485,3.972,1.5304,0.5135,3651.27,59.35,492.13,0.000526,0.6557,1,Tube-Side Fouled
2026-01-23 06:45:00,17.746,36.757,147.6,63.98,29.58,53.22,12.44,11.137,4.58,3.844,1.3038,0.7361,3635.42,59.42,489.43,0.000549,0.7085,1,Tube-Side Fouled
2026-01-23 07:00:00,15.895,32.178,147.14,62.2,28.42,52.99,12.188,11.078,4.696,4.134,1.1093,0.5624,3307.48,58.9,449.25,0.000762,0.7154,1,Tube-Side Fouled
2026-01-23 07:15:00,20.443,33.875,148.68,75.48,28.08,53.95,11.749,10.13,4.546,3.901,1.6191,0.6453,3665.99,68.36,429.04,0.000801,0.6069,1,Tube-Side Fouled
2026-01-23 07:30:00,16.889,32.154,145.26,59.05,26.55,53.06,11.763,10.598,4.452,3.887,1.1642,0.5651,3567.17,57.25,498.43,0.000552,0.7262,1,Tube-Side Fouled
2026-01-23 07:45:00,19.214,31.657,142.03,71.24,29.55,54.71,12.071,10.654,4.488,3.928,1.4169,0.5604,3332.03,61.72,431.91,0.00079,0.6293,1,Tube-Side Fouled
2026-01-23 08:00:00,16.703,32.314,140.78,58.33,28.15,53.1,11.87,10.792,4.413,3.799,1.0776,0.6141,3374.26,53.92,500.65,0.000541,0.732,1,Tube-Side Fouled
2026-01-23 08:15:00,17.05,33.654,145.04,65.23,27.43,51.11,11.77,10.561,4.561,3.914,1.2091,0.6466,3333.73,61.67,432.48,0.00081,0.6786,1,Tube-Side Fouled
2026-01-23 08:30:00,17.127,31.58,149.35,63.24,27.09,54.44,12.222,11.122,4.602,4.02,1.1002,0.5815,3613.37,60.88,474.82,0.00067,0.7043,1,Tube-Side Fouled
2026-01-23 08:45:00,18.772,28.418,142.79,63.92,25.25,55.76,11.855,10.312,4.555,4.102,1.5428,0.4528,3627.21,59.61,486.79,0.00059,0.671,1,Tube-Side Fouled
2026-01-23 09:00:00,18.54,33.693,142.52,68.68,28.34,52.14,12.085,10.884,4.445,3.82,1.2006,0.625,3354.22,62.03,432.58,0.000859,0.6467,1,Tube-Side Fouled
2026-01-23 09:15:00,19.844,33.185,140.53,68.92,25.89,50.97,12.236,10.713,4.475,3.854,1.5237,0.6218,3481.59,63.48,438.79,0.000814,0.6247,1,Tube-Side Fouled
2026-01-23 09:30:00,18.944,33.056,143.56,68.52,26.62,51.8,12.525,11.284,4.491,3.862,1.2417,0.6284,3482.77,63.6,438.06,0.000829,0.6417,1,Tube-Side Fouled
2026-01-23 09:45:00,19.093,31.502,145.27,67.9,29.35,56.82,12.037,10.807,4.712,4.148,1.2302,0.564,3619.56,60.08,481.94,0.00064,0.6675,1,Tube-Side Fouled
2026-01-23 10:00:00,18.324,32.862,142.94,70.04,29.94,53.74,11.805,10.589,4.436,3.801,1.2158,0.6348,3273.02,61.41,426.39,0.000846,0.6452,1,Tube-Side Fouled
2026-01-23 10:15:00,17.967,30.077,143.11,66.81,30.58,57.27,11.869,10.543,4.488,3.954,1.3252,0.5336,3358.78,57.52,467.16,0.000656,0.678,1,Tube-Side Fouled
2026-01-23 10:30:00,17.649,30.454,148.83,71.3,29.59,55.9,12.077,10.842,4.389,3.855,1.2351,0.5337,3352.6,63.94,419.46,0.000898,0.6502,1,Tube-Side Fouled
2026-01-23 10:45:00,17.101,32.073,143.05,59.14,23.49,49.68,11.824,10.757,4.447,3.876,1.0671,0.571,3515.38,59.95,469.09,0.000624,0.7018,1,Tube-Side Fouled
2026-01-23 11:00:00,15.69,34.227,142.86,62.0,30.64,52.34,12.113,11.04,4.579,3.918,1.0725,0.6611,3108.33,55.81,445.54,0.000778,0.7205,1,Tube-Side Fouled
2026-01-23 11:15:00,15.964,34.375,148.35,63.85,29.8,52.77,12.232,11.134,4.492,3.86,1.0982,0.6318,3304.77,59.62,443.46,0.000781,0.7127,1,Tube-Side Fouled
2026-01-23 11:30:00,16.406,32.01,143.87,59.86,27.87,53.08,12.213,11.087,4.522,3.93,1.1259,0.5922,3376.55,56.37,479.17,0.000606,0.7242,1,Tube-Side Fouled
2026-01-23 11:45:00,18.601,33.647,144.62,65.32,27.55,53.22,11.954,10.656,4.408,3.779,1.2978,0.6294,3613.79,60.69,476.4,0.000674,0.6774,1,Tube-Side Fouled
2026-01-23 12:00:00,18.932,28.527,142.0,68.53,28.7,57.26,11.86,10.569,4.416,3.947,1.2913,0.4691,3407.98,59.49,458.32,0.000769,0.6485,1,Tube-Side Fouled
2026-01-23 12:15:00,18.566,35.463,147.28,65.69,27.3,52.32,11.811,10.367,4.6,3.878,1.4441,0.7219,3711.38,62.46,475.36,0.000616,0.6801,1,Tube-Side Fouled
2026-01-23 12:30:00,19.166,33.332,144.05,71.57,28.27,52.67,12.013,10.46,4.485,3.851,1.5528,0.6342,3403.35,64.38,422.92,0.000932,0.626,1,Tube-Side Fouled
2026-01-23 12:45:00,19.929,31.728,146.27,73.68,28.74,55.44,11.83,10.151,4.462,3.896,1.6786,0.5659,3544.28,65.22,434.76,0.000855,0.6176,1,Tube-Side Fouled
2026-01-23 13:00:00,20.876,31.837,145.44,74.36,28.48,55.77,11.988,10.091,4.554,3.989,1.8967,0.5648,3635.57,65.35,445.08,0.00073,0.6077,1,Tube-Side Fouled
2026-01-23 13:15:00,18.261,33.256,144.45,67.26,29.66,54.48,11.952,10.74,4.305,3.702,1.2118,0.6022,3453.37,60.02,460.26,0.000709,0.6724,1,Tube-Side Fouled
2026-01-23 13:30:00,16.813,34.775,143.3,61.1,24.65,47.93,11.928,10.897,4.388,3.713,1.0313,0.6742,3386.13,61.26,442.2,0.000806,0.6928,1,Tube-Side Fouled
2026-01-23 13:45:00,15.556,29.993,145.12,61.23,27.63,53.11,11.935,10.961,4.402,3.877,0.9732,0.5249,3196.94,57.98,441.08,0.000749,0.714,1,Tube-Side Fouled
2026-01-23 14:00:00,17.155,29.274,145.97,65.64,28.28,55.85,12.188,10.917,4.574,4.069,1.2702,0.5047,3376.04,59.92,450.75,0.000823,0.6825,1,Tube-Side Fouled
2026-01-23 14:15:00,19.178,33.947,143.54,64.72,27.15,53.22,12.135,10.536,4.414,3.774,1.5983,0.6401,3703.41,60.14,492.62,0.000577,0.6772,1,Tube-Side Fouled
2026-01-23 14:30:00,18.599,32.156,145.82,66.85,28.69,55.43,11.934,10.49,4.535,3.957,1.4443,0.5781,3598.4,60.57,475.27,0.000639,0.6742,1,Tube-Side Fouled
2026-01-23 14:45:00,18.955,31.478,142.41,66.33,26.77,53.6,11.707,10.225,4.514,3.934,1.4813,0.5802,3532.93,60.91,464.04,0.000657,0.6579,1,Tube-Side Fouled
2026-01-23 15:00:00,16.085,35.379,146.73,64.48,28.15,50.05,11.822,10.871,4.456,3.743,0.9503,0.7136,3241.51,61.65,420.6,0.000874,0.6937,1,Tube-Side Fouled
2026-01-23 15:15:00,18.504,34.667,145.08,70.54,28.0,51.3,12.134,10.8,4.622,3.968,1.334,0.6539,3379.15,64.83,417.01,0.000879,0.6366,1,Tube-Side Fouled
2026-01-23 15:30:00,18.354,33.113,147.44,70.54,28.25,53.22,12.233,11.048,4.381,3.765,1.1846,0.6153,3458.2,64.82,426.79,0.000826,0.6452,1,Tube-Side Fouled
2026-01-23 15:45:00,19.061,31.408,145.96,71.74,27.34,53.72,12.245,10.999,4.755,4.178,1.2456,0.5773,3465.93,65.43,423.76,0.000875,0.6257,1,Tube-Side Fouled
2026-01-23 16:00:00,19.075,31.152,148.29,73.2,28.3,55.23,11.923,10.634,4.744,4.176,1.2892,0.5679,3509.13,66.08,424.82,0.000899,0.6258,1,Tube-Side Fouled
2026-01-23 16:15:00,16.39,29.663,149.56,59.41,26.12,55.29,11.608,10.578,4.377,3.882,1.0298,0.4947,3620.28,58.59,494.33,0.000605,0.7303,1,Tube-Side Fouled
2026-01-23 16:30:00,17.977,31.135,149.64,67.78,26.2,53.88,11.98,10.616,4.534,3.982,1.364,0.5514,3605.22,64.95,444.07,0.000778,0.6631,1,Tube-Side Fouled
2026-01-23 16:45:00,20.985,31.682,142.76,72.38,30.26,57.55,12.378,10.578,4.483,3.928,1.8003,0.5553,3618.11,61.15,473.32,0.000635,0.6256,1,Tube-Side Fouled
2026-01-23 17:00:00,19.096,30.799,144.83,65.55,26.1,54.88,11.793,10.542,4.574,4.025,1.2505,0.5486,3709.43,61.27,484.33,0.00057,0.6677,1,Tube-Side Fouled
2026-01-23 17:15:00,18.474,32.26,144.98,64.67,28.73,55.66,11.84,10.637,4.586,3.987,1.2034,0.5992,3634.83,58.64,495.91,0.000557,0.6908,1,Tube-Side Fouled
2026-01-23 17:30:00,17.661,31.308,146.92,67.64,25.58,51.77,11.929,10.634,4.607,4.036,1.2953,0.5711,3430.77,65.03,422.08,0.000883,0.6534,1,Tube-Side Fouled
2026-01-23 17:45:00,19.627,31.842,144.87,69.15,28.4,55.73,12.273,10.656,4.607,4.024,1.6171,0.5832,3640.86,61.82,471.16,0.000674,0.6501,1,Tube-Side Fouled
2026-01-23 18:00:00,17.815,31.116,146.2,68.21,30.35,56.5,11.958,10.777,4.244,3.706,1.1806,0.538,3404.2,60.1,453.15,0.000737,0.6732,1,Tube-Side Fouled
2026-01-23 18:15:00,17.102,29.301,142.99,61.05,26.4,54.4,12.094,11.014,4.62,4.147,1.0803,0.4729,3433.71,57.46,478.06,0.00061,0.7028,1,Tube-Side Fouled
2026-01-23 18:30:00,20.458,30.757,137.65,72.0,27.12,52.69,11.682,10.291,4.506,3.961,1.3908,0.5453,3290.35,62.8,419.14,0.000863,0.5939,1,Tube-Side Fouled
2026-01-23 18:45:00,20.676,31.572,144.68,73.35,28.75,56.11,12.299,10.757,4.451,3.874,1.5415,0.5779,3613.41,64.09,451.06,0.000769,0.6153,1,Tube-Side Fouled
2026-01-23 19:00:00,19.239,33.865,147.12,69.73,27.49,53.24,12.44,10.846,4.514,3.874,1.5935,0.6394,3648.12,64.66,451.36,0.00073,0.6469,1,Tube-Side Fouled
2026-01-23 19:15:00,17.3,31.747,143.06,65.66,28.28,52.97,11.844,10.775,4.507,3.971,1.0691,0.5368,3280.5,59.92,437.96,0.000803,0.6743,1,Tube-Side Fouled
2026-01-23 19:30:00,19.719,33.814,140.05,71.33,26.95,50.41,12.087,10.43,4.552,3.907,1.6576,0.6449,3319.95,64.38,412.53,0.000919,0.6076,1,Tube-Side Fouled
2026-01-23 19:45:00,17.338,32.318,144.6,68.43,29.35,53.27,12.023,10.952,4.515,3.919,1.0714,0.5962,3235.63,61.55,420.53,0.000813,0.6609,1,Tube-Side Fouled
2026-01-23 20:00:00,15.012,29.932,149.4,61.23,30.17,56.06,12.097,11.278,4.531,4.031,0.8192,0.5002,3242.66,56.61,458.27,0.0007,0.7394,1,Tube-Side Fouled
2026-01-23 20:15:00,18.091,33.331,141.45,61.55,26.74,52.13,11.852,10.724,4.506,3.883,1.1288,0.6222,3541.23,57.85,489.72,0.000561,0.6965,1,Tube-Side Fouled
2026-01-23 20:30:00,18.095,33.114,142.22,64.0,27.0,52.03,11.956,10.611,4.487,3.851,1.3447,0.636,3467.47,59.7,464.66,0.000678,0.6789,1,Tube-Side Fouled
2026-01-23 20:45:00,17.388,31.962,144.87,65.32,27.69,53.03,11.922,10.84,4.418,3.834,1.0824,0.5843,3388.86,60.75,446.25,0.000716,0.6789,1,Tube-Side Fouled
2026-01-23 21:00:00,18.692,31.717,142.19,65.49,25.83,52.3,11.645,10.385,4.42,3.847,1.26,0.573,3512.56,61.38,457.79,0.00075,0.6592,1,Tube-Side Fouled
2026-01-23 21:15:00,16.179,33.394,142.97,58.63,28.02,51.95,12.201,11.162,4.637,4.008,1.0384,0.6295,3343.26,55.43,482.48,0.000601,0.7337,1,Tube-Side Fouled
2026-01-23 21:30:00,19.939,32.359,146.9,70.16,28.53,56.22,11.956,10.252,4.593,4.009,1.7035,0.5843,3748.84,63.01,476.0,0.000599,0.6483,1,Tube-Side Fouled
2026-01-23 21:45:00,20.467,28.801,145.06,71.32,28.73,59.42,12.059,10.276,4.601,4.138,1.7833,0.4626,3697.78,61.63,480.0,0.000633,0.6339,1,Tube-Side Fouled
2026-01-23 22:00:00,17.243,33.245,144.13,62.2,28.18,53.06,12.213,10.91,4.38,3.745,1.3026,0.6346,3461.27,57.94,477.93,0.000575,0.7066,1,Tube-Side Fouled
2026-01-23 22:15:00,16.274,31.884,141.96,61.27,27.04,51.15,11.499,10.489,4.639,4.054,1.0099,0.5856,3217.28,57.99,443.83,0.000771,0.7021,1,Tube-Side Fouled
2026-01-23 22:30:00,17.79,33.921,145.89,67.8,25.88,49.86,11.814,10.529,4.655,4.016,1.2857,0.6386,3403.37,65.28,417.06,0.000907,0.6507,1,Tube-Side Fouled
2026-01-23 22:45:00,19.46,34.511,148.47,68.44,27.12,53.55,11.829,10.516,4.492,3.829,1.313,0.6628,3815.72,64.45,473.65,0.0006,0.6595,1,Tube-Side Fouled
2026-01-23 23:00:00,16.409,34.522,145.46,58.54,28.04,52.24,12.219,11.293,4.587,3.915,0.9257,0.672,3494.54,56.13,498.04,0.000514,0.7403,1,Tube-Side Fouled
2026-01-23 23:15:00,16.743,33.041,145.98,63.31,29.14,53.67,12.256,11.211,4.577,3.953,1.0449,0.6242,3391.08,58.5,463.72,0.000714,0.7076,1,Tube-Side Fouled
2026-01-23 23:30:00,19.031,32.664,146.5,66.78,28.27,55.47,11.707,10.127,4.551,3.979,1.5799,0.5714,3716.77,61.05,487.02,0.000625,0.6742,1,Tube-Side Fouled
2026-01-23 23:45:00,17.519,30.985,143.59,65.5,28.44,54.29,11.805,10.453,4.613,4.057,1.3514,0.5555,3351.52,59.4,451.37,0.00078,0.6781,1,Tube-Side Fouled
2026-01-24 00:00:00,17.631,34.142,145.79,65.69,26.97,51.2,11.916,10.532,4.426,3.778,1.3848,0.6484,3460.25,62.55,442.57,0.000748,0.6742,1,Tube-Side Fouled
2026-01-24 00:15:00,20.696,31.437,147.59,74.78,24.25,52.33,11.765,10.112,4.471,3.945,1.6526,0.5253,3692.17,70.55,418.69,0.000845,0.5904,1,Tube-Side Fouled
2026-01-24 00:30:00,16.972,31.397,145.06,61.55,27.91,54.35,12.178,11.178,4.548,3.99,0.9998,0.5574,3472.44,57.53,482.85,0.000646,0.7129,1,Tube-Side Fouled
2026-01-24 00:45:00,19.523,33.014,142.95,67.55,27.48,53.58,11.934,10.328,4.623,4.007,1.6054,0.6157,3606.17,61.46,469.4,0.000666,0.6529,1,Tube-Side Fouled
2026-01-24 01:00:00,16.864,30.622,144.16,63.66,26.41,52.37,12.264,11.236,4.416,3.92,1.0286,0.4963,3326.25,60.48,440.01,0.000803,0.6837,1,Tube-Side Fouled
2026-01-24 01:15:00,18.265,30.055,140.1,61.08,26.21,54.33,12.003,10.754,4.427,3.935,1.2498,0.4921,3535.85,56.55,500.17,0.000556,0.6938,1,Tube-Side Fouled
2026-01-24 01:30:00,19.687,30.877,144.04,72.95,28.64,55.19,12.064,10.768,4.411,3.871,1.2957,0.5397,3429.14,64.01,428.55,0.000889,0.6161,1,Tube-Side Fouled
2026-01-24 01:45:00,17.982,31.268,144.5,66.89,26.15,52.29,11.992,10.879,4.589,4.047,1.1127,0.5425,3419.05,63.01,434.11,0.000863,0.6558,1,Tube-Side Fouled
2026-01-24 02:00:00,19.33,27.927,141.85,72.07,28.14,56.42,11.799,10.505,4.704,4.262,1.2933,0.4423,3304.65,62.4,423.64,0.000872,0.6136,1,Tube-Side Fouled
2026-01-24 02:15:00,19.305,33.281,145.01,65.61,25.26,52.23,12.343,10.953,4.479,3.831,1.3895,0.648,3755.78,62.96,477.19,0.00071,0.6631,1,Tube-Side Fouled
2026-01-24 02:30:00,15.993,31.483,144.74,59.29,29.31,54.73,12.421,11.392,4.538,3.961,1.0295,0.5776,3348.0,54.6,490.55,0.000582,0.7403,1,Tube-Side Fouled
2026-01-24 02:45:00,17.993,33.473,141.92,64.11,27.57,52.07,11.873,10.783,4.509,3.905,1.0894,0.6039,3430.37,59.25,463.18,0.000678,0.6805,1,Tube-Side Fouled
2026-01-24 03:00:00,19.693,30.255,145.99,69.42,27.56,56.74,12.165,10.659,4.477,3.924,1.5056,0.5526,3694.44,62.6,472.16,0.000637,0.6465,1,Tube-Side Fouled
2026-01-24 03:15:00,17.205,31.901,145.06,64.35,28.0,53.48,11.652,10.315,4.55,3.982,1.3376,0.568,3402.03,59.77,455.34,0.000694,0.6894,1,Tube-Side Fouled
2026-01-24 03:30:00,15.915,30.489,143.25,65.58,30.2,53.94,11.992,11.055,4.629,4.106,0.9367,0.5231,3028.55,58.25,415.97,0.000868,0.687,1,Tube-Side Fouled
2026-01-24 03:45:00,19.433,32.387,150.07,72.55,28.26,55.5,12.198,10.673,4.468,3.854,1.5251,0.6139,3690.38,66.28,445.43,0.000744,0.6364,1,Tube-Side Fouled
2026-01-24 04:00:00,17.455,33.126,148.2,63.05,27.42,53.7,12.231,11.151,4.54,3.926,1.0798,0.6137,3641.49,60.35,482.68,0.000654,0.705,1,Tube-Side Fouled
2026-01-24 04:15:00,17.382,33.214,149.81,67.57,28.98,54.19,12.592,11.46,4.362,3.765,1.132,0.5968,3502.42,62.85,445.83,0.000729,0.6807,1,Tube-Side Fouled
2026-01-24 04:30:00,17.14,31.283,144.24,67.48,29.52,54.14,11.82,10.548,4.428,3.866,1.2723,0.5624,3223.48,60.32,427.52,0.000919,0.6691,1,Tube-Side Fouled
2026-01-24 04:45:00,19.19,31.519,144.31,67.69,25.34,52.66,12.179,10.755,4.521,3.947,1.4236,0.5743,3602.62,63.86,451.31,0.000771,0.6441,1,Tube-Side Fouled
2026-01-24 05:00:00,19.237,32.422,143.92,71.07,28.6,53.91,11.814,10.314,4.49,3.89,1.5007,0.5995,3433.58,63.29,433.98,0.000782,0.6317,1,Tube-Side Fouled
2026-01-24 05:15:00,19.968,32.58,144.98,70.39,28.35,55.12,11.639,10.198,4.423,3.815,1.4405,0.6079,3649.25,62.95,463.75,0.000698,0.6396,1,Tube-Side Fouled
2026-01-24 05:30:00,19.283,32.732,148.88,74.09,26.79,52.59,11.817,10.442,4.606,3.994,1.3755,0.6123,3533.47,68.91,410.2,0.000948,0.6126,1,Tube-Side Fouled
2026-01-24 05:45:00,19.445,29.914,146.64,65.49,25.87,56.76,11.604,10.148,4.573,4.039,1.456,0.5336,3866.08,61.36,504.09,0.000556,0.672,1,Tube-Side Fouled
2026-01-24 06:00:00,18.076,30.823,147.04,68.09,26.93,54.04,11.971,10.497,4.368,3.81,1.474,0.5583,3496.46,63.59,439.87,0.000836,0.6574,1,Tube-Side Fouled
2026-01-24 06:15:00,18.973,31.868,146.52,70.46,26.33,52.85,11.53,10.19,4.616,4.034,1.3407,0.5819,3535.62,65.83,429.7,0.00088,0.6328,1,Tube-Side Fouled
2026-01-24 06:30:00,17.487,33.022,141.04,62.68,26.85,51.15,12.058,10.969,4.38,3.762,1.0885,0.6173,3357.23,58.78,456.95,0.000682,0.6862,1,Tube-Side Fouled
2026-01-24 06:45:00,16.604,35.496,139.04,61.22,27.32,48.64,12.021,10.831,4.422,3.729,1.1906,0.6938,3165.4,57.61,439.6,0.000811,0.6965,1,Tube-Side Fouled
2026-01-24 07:00:00,16.942,32.696,144.71,60.89,29.13,54.56,12.1,10.934,4.436,3.83,1.1665,0.6062,3478.75,55.97,497.21,0.000598,0.7251,1,Tube-Side Fouled
2026-01-24 07:15:00,17.277,32.363,144.85,65.3,27.86,52.73,11.958,10.876,4.295,3.714,1.0823,0.5807,3367.29,60.73,443.58,0.000826,0.68,1,Tube-Side Fouled
2026-01-24 07:30:00,19.175,33.587,147.55,69.82,27.76,53.74,11.917,10.653,4.437,3.814,1.2641,0.6236,3651.35,64.51,452.78,0.0007,0.6488,1,Tube-Side Fouled
2026-01-24 07:45:00,17.13,33.495,149.43,63.06,29.44,55.31,11.856,10.653,4.495,3.859,1.2027,0.6362,3624.76,58.77,493.42,0.000603,0.7198,1,Tube-Side Fouled
2026-01-24 08:00:00,17.984,36.012,149.32,64.15,27.84,52.74,11.856,10.605,4.519,3.8,1.2506,0.7192,3752.45,61.61,487.26,0.000548,0.7011,1,Tube-Side Fouled
2026-01-24 08:15:00,19.389,32.616,142.87,70.73,28.31,53.42,12.159,10.623,4.441,3.831,1.5353,0.6105,3426.92,63.04,434.92,0.000833,0.6297,1,Tube-Side Fouled
2026-01-24 08:30:00,18.314,31.705,141.09,68.81,26.37,50.82,11.986,10.545,4.611,4.039,1.4417,0.5725,3243.44,63.37,409.43,0.00095,0.6301,1,Tube-Side Fouled
2026-01-24 08:45:00,18.144,31.768,144.71,66.79,25.98,52.04,12.114,10.76,4.435,3.879,1.3545,0.5561,3463.96,63.23,438.26,0.00081,0.6563,1,Tube-Side Fouled
2026-01-24 09:00:00,19.219,34.958,143.09,69.49,28.36,52.06,12.081,10.785,4.553,3.878,1.2959,0.6751,3465.54,62.81,441.4,0.0008,0.6415,1,Tube-Side Fouled
2026-01-24 09:15:00,17.889,32.485,146.09,66.59,26.1,51.73,11.812,10.651,4.572,3.95,1.1615,0.6224,3484.25,63.67,437.77,0.000831,0.6625,1,Tube-Side Fouled
2026-01-24 09:30:00,21.817,32.834,146.34,77.0,29.09,56.07,12.005,10.325,4.616,4.02,1.6796,0.5963,3706.12,66.87,443.36,0.00081,0.5913,1,Tube-Side Fouled
2026-01-24 09:45:00,17.144,33.191,141.0,63.95,28.45,51.75,12.169,11.047,4.555,3.911,1.122,0.6439,3236.18,58.3,444.06,0.000768,0.6846,1,Tube-Side Fouled
2026-01-24 10:00:00,18.907,31.286,147.6,65.61,26.89,55.91,11.74,10.433,4.581,4.02,1.3076,0.561,3798.11,61.44,494.52,0.000594,0.6793,1,Tube-Side Fouled
2026-01-24 10:15:00,19.808,32.839,141.42,66.16,27.72,54.3,12.431,11.093,4.456,3.888,1.3386,0.5683,3652.22,59.5,491.06,0.000612,0.6619,1,Tube-Side Fouled
2026-01-24 10:30:00,19.269,34.279,144.88,74.06,29.85,53.16,11.666,10.171,4.361,3.69,1.4957,0.6716,3343.33,65.1,410.87,0.00092,0.6157,1,Tube-Side Fouled
2026-01-24 10:45:00,16.251,31.921,144.16,63.04,27.02,51.2,12.1,11.094,4.385,3.817,1.0062,0.568,3229.65,60.06,430.17,0.000869,0.6925,1,Tube-Side Fouled
2026-01-24 11:00:00,21.983,32.825,145.15,73.24,27.74,55.94,11.756,9.667,4.556,3.953,2.089,0.6036,3872.91,64.92,477.28,0.00057,0.6125,1,Tube-Side Fouled
2026-01-24 11:15:00,18.334,34.315,149.45,63.69,25.45,52.28,12.006,10.665,4.527,3.864,1.3415,0.6637,3852.39,63.19,487.75,0.000533,0.6916,1,Tube-Side Fouled
2026-01-24 11:30:00,18.995,33.509,145.32,71.33,27.23,51.79,11.913,10.357,4.522,3.875,1.5561,0.6469,3443.17,65.75,418.94,0.000899,0.6265,1,Tube-Side Fouled
2026-01-24 11:45:00,17.927,33.411,145.02,64.23,28.98,54.36,11.797,10.599,4.514,3.885,1.198,0.6296,3548.22,58.65,483.95,0.000574,0.6962,1,Tube-Side Fouled
2026-01-24 12:00:00,17.815,29.711,145.33,64.65,28.04,56.37,11.902,10.594,4.484,3.943,1.3078,0.5406,3521.21,58.96,477.77,0.000641,0.6879,1,Tube-Side Fouled
2026-01-24 12:15:00,19.762,32.931,142.09,67.36,29.42,55.68,11.9,10.331,4.481,3.875,1.5692,0.6052,3617.92,58.89,491.5,0.000513,0.6632,1,Tube-Side Fouled
2026-01-24 12:30:00,19.281,31.883,143.98,69.46,28.43,54.82,12.164,10.722,4.5,3.927,1.4426,0.5735,3520.48,62.01,454.19,0.000735,0.645,1,Tube-Side Fouled
2026-01-24 12:45:00,19.466,29.424,148.84,72.76,23.89,53.36,12.43,11.155,4.471,3.971,1.2749,0.5001,3628.36,69.59,417.11,0.00092,0.6089,1,Tube-Side Fouled
2026-01-24 13:00:00,17.349,33.333,146.31,62.92,27.18,52.6,12.158,11.098,4.484,3.866,1.0602,0.6184,3544.45,60.14,471.48,0.000573,0.7,1,Tube-Side Fouled
2026-01-24 13:15:00,18.473,29.687,147.41,67.96,27.55,56.5,11.756,10.586,4.721,4.211,1.1696,0.5096,3596.03,62.28,461.91,0.00066,0.6629,1,Tube-Side Fouled
2026-01-24 13:30:00,18.986,34.06,144.91,69.23,31.33,56.04,12.054,10.822,4.557,3.919,1.2316,0.6376,3520.71,59.81,470.93,0.000669,0.6664,1,Tube-Side Fouled
2026-01-24 13:45:00,17.52,32.22,145.3,64.78,26.23,51.87,12.129,11.001,4.33,3.724,1.1273,0.6059,3456.15,61.99,446.01,0.000778,0.6762,1,Tube-Side Fouled
2026-01-24 14:00:00,17.488,31.145,148.14,67.11,30.69,57.34,11.747,10.365,4.4,3.856,1.3819,0.5432,3471.66,59.52,466.6,0.000673,0.6899,1,Tube-Side Fouled
2026-01-24 14:15:00,18.653,30.953,149.1,67.52,27.15,55.93,12.304,10.888,4.44,3.916,1.4161,0.5242,3728.05,63.14,472.39,0.000671,0.6689,1,Tube-Side Fouled
2026-01-24 14:30:00,20.267,32.986,146.61,74.68,27.41,53.29,11.963,10.21,4.475,3.85,1.7527,0.6256,3571.76,67.7,422.07,0.000898,0.6035,1,Tube-Side Fouled
2026-01-24 14:45:00,18.54,29.406,139.66,68.84,28.45,54.59,11.834,10.64,4.543,4.065,1.1939,0.4786,3216.87,59.98,429.03,0.000833,0.6368,1,Tube-Side Fouled
2026-01-24 15:00:00,20.602,33.711,148.37,72.81,28.04,55.08,12.164,10.569,4.509,3.87,1.5953,0.639,3814.01,66.09,461.68,0.00075,0.6279,1,Tube-Side Fouled
2026-01-24 15:15:00,20.288,29.027,144.1,73.61,27.65,56.5,12.148,10.776,4.431,3.963,1.3723,0.4677,3504.01,64.56,434.2,0.000791,0.6053,1,Tube-Side Fouled
2026-01-24 15:30:00,19.261,30.742,140.74,68.09,25.63,52.28,11.989,10.575,4.55,4.009,1.4138,0.5407,3428.1,62.67,437.58,0.000892,0.6311,1,Tube-Side Fouled
2026-01-24 15:45:00,17.708,31.572,145.0,68.74,29.97,55.02,12.081,10.745,4.553,4.012,1.336,0.5407,3308.25,60.82,435.12,0.000822,0.6629,1,Tube-Side Fouled
2026-01-24 16:00:00,18.364,30.057,144.9,68.07,28.13,55.62,11.519,10.283,4.477,3.954,1.2359,0.5226,3456.8,61.33,450.89,0.000765,0.658,1,Tube-Side Fouled
2026-01-24 16:15:00,20.341,30.695,148.68,72.75,27.66,57.12,11.831,10.29,4.465,3.924,1.5409,0.5412,3783.78,65.6,461.42,0.000661,0.6274,1,Tube-Side Fouled
2026-01-24 16:30:00,18.825,30.938,145.88,66.95,28.2,56.33,11.708,10.33,4.404,3.856,1.3784,0.548,3640.36,60.65,480.21,0.000588,0.6707,1,Tube-Side Fouled
2026-01-24 16:45:00,18.154,30.064,142.97,65.94,29.15,56.39,12.037,10.917,4.485,3.969,1.1196,0.5159,3425.96,58.18,471.11,0.000652,0.6768,1,Tube-Side Fouled
2026-01-24 17:00:00,16.614,31.763,141.24,59.03,28.95,54.13,12.154,11.1,4.439,3.858,1.0532,0.5808,3346.09,53.63,499.14,0.000562,0.7321,1,Tube-Side Fouled
2026-01-24 17:15:00,20.284,29.797,147.22,74.16,30.22,59.34,11.701,10.111,4.483,3.971,1.5903,0.5118,3630.81,63.39,458.21,0.0007,0.6244,1,Tube-Side Fouled
2026-01-24 17:30:00,19.091,27.821,144.04,67.32,29.27,60.1,12.058,10.707,4.336,3.872,1.3504,0.464,3588.18,58.0,494.92,0.000569,0.6685,1,Tube-Side Fouled
2026-01-24 17:45:00,16.731,33.381,147.08,59.26,27.13,52.9,11.816,10.596,4.391,3.781,1.2206,0.6099,3599.94,57.7,499.13,0.000517,0.7321,1,Tube-Side Fouled
2026-01-24 18:00:00,17.553,34.339,143.17,63.93,27.91,51.63,11.659,10.399,4.615,3.945,1.2603,0.6698,3408.0,59.52,458.07,0.000703,0.6875,1,Tube-Side Fouled
2026-01-24 18:15:00,18.847,31.328,143.79,65.17,25.65,53.34,12.047,10.475,4.491,3.935,1.5712,0.5558,3630.09,61.51,472.14,0.000634,0.6655,1,Tube-Side Fouled
2026-01-24 18:30:00,18.107,31.222,142.87,64.84,29.41,55.9,12.006,10.793,4.537,3.996,1.2131,0.541,3461.61,57.39,482.52,0.000637,0.6877,1,Tube-Side Fouled
2026-01-24 18:45:00,17.139,29.811,143.08,67.29,30.53,56.05,12.132,11.08,4.447,3.92,1.0519,0.5269,3182.45,58.32,436.52,0.000857,0.6734,1,Tube-Side Fouled
2026-01-24 19:00:00,18.613,33.259,145.04,66.71,25.25,50.91,11.869,10.485,4.405,3.766,1.3842,0.639,3571.96,64.24,444.85,0.000805,0.6539,1,Tube-Side Fouled
2026-01-24 19:15:00,19.628,27.968,146.91,69.14,25.86,57.82,11.606,9.996,4.633,4.189,1.6096,0.4432,3740.08,63.45,471.59,0.000618,0.6425,1,Tube-Side Fouled
2026-01-24 19:30:00,18.257,32.626,144.43,68.54,28.17,53.04,11.899,10.425,4.535,3.95,1.4746,0.5851,3394.84,62.44,434.93,0.000815,0.6528,1,Tube-Side Fouled
2026-01-24 19:45:00,19.657,30.035,145.26,65.95,24.24,54.63,11.946,10.318,4.607,4.072,1.6274,0.5353,3819.69,63.04,484.77,0.00057,0.6554,1,Tube-Side Fouled
2026-01-24 20:00:00,17.246,32.527,145.77,61.31,26.72,52.94,12.031,10.95,4.407,3.815,1.0812,0.5917,3568.74,58.99,483.98,0.00063,0.7095,1,Tube-Side Fouled
2026-01-24 20:15:00,19.166,32.987,144.17,68.35,29.53,55.33,11.929,10.68,4.327,3.713,1.2485,0.6136,3560.24,60.42,471.42,0.000644,0.6614,1,Tube-Side Fouled
2026-01-24 20:30:00,19.444,35.011,144.48,66.8,28.8,54.06,12.101,10.589,4.655,4.0,1.5121,0.655,3700.39,60.47,489.55,0.000649,0.6715,1,Tube-Side Fouled
2026-01-24 20:45:00,17.115,34.255,142.85,64.74,29.0,51.85,11.864,10.601,4.373,3.7,1.2631,0.6729,3275.29,59.13,443.11,0.000807,0.6861,1,Tube-Side Fouled
2026-01-24 21:00:00,17.393,27.583,146.77,65.57,28.25,58.23,11.878,10.522,4.353,3.912,1.3557,0.4408,3459.93,59.29,466.85,0.000724,0.6851,1,Tube-Side Fouled
2026-01-24 21:15:00,18.471,35.923,146.88,65.63,26.6,51.06,12.006,10.666,4.533,3.83,1.3394,0.7037,3676.73,63.23,465.18,0.000645,0.6755,1,Tube-Side Fouled
2026-01-24 21:30:00,17.582,30.875,147.82,64.13,28.66,56.57,11.809,10.573,4.305,3.783,1.2352,0.5223,3605.06,59.03,488.55,0.000557,0.7023,1,Tube-Side Fouled
2026-01-24 21:45:00,18.413,33.412,145.0,63.54,28.09,54.38,11.955,10.567,4.45,3.828,1.3878,0.6224,3674.77,58.78,500.15,0.000556,0.6968,1,Tube-Side Fouled
2026-01-24 22:00:00,17.414,33.715,142.96,66.0,29.21,52.49,11.848,10.625,4.535,3.915,1.2229,0.6202,3283.63,59.66,440.35,0.000794,0.6766,1,Tube-Side Fouled
2026-01-24 22:15:00,17.997,32.279,142.49,66.09,26.49,51.43,11.928,10.519,4.46,3.862,1.4094,0.5983,3369.02,61.8,436.13,0.000788,0.6587,1,Tube-Side Fouled
2026-01-24 22:30:00,18.228,29.61,150.18,75.0,31.64,58.74,11.844,10.499,4.623,4.109,1.3451,0.5138,3357.27,64.44,416.8,0.000839,0.6342,1,Tube-Side Fouled
2026-01-24 22:45:00,18.738,29.813,143.18,70.41,28.83,55.61,11.723,10.354,4.513,4.017,1.3689,0.4965,3340.64,61.75,432.82,0.000883,0.6364,1,Tube-Side Fouled
2026-01-24 23:00:00,20.017,30.9,144.31,74.29,28.77,55.33,12.02,10.586,4.538,4.005,1.4336,0.5335,3433.54,64.84,423.64,0.000859,0.606,1,Tube-Side Fouled
2026-01-24 23:15:00,19.745,32.157,146.21,68.03,28.21,56.32,11.777,10.402,4.502,3.911,1.3753,0.5908,3781.78,61.5,491.97,0.000566,0.6625,1,Tube-Side Fouled
2026-01-24 23:30:00,18.925,31.677,145.07,66.36,29.32,56.85,11.908,10.592,4.472,3.918,1.3165,0.5539,3649.26,58.98,495.01,0.000599,0.68,1,Tube-Side Fouled
2026-01-24 23:45:00,19.602,30.493,148.44,73.46,30.65,58.87,11.994,10.451,4.446,3.911,1.5429,0.535,3600.71,63.35,454.74,0.000782,0.6365,1,Tube-Side Fouled
2026-01-25 00:00:00,19.192,32.052,141.52,68.26,26.59,52.28,11.728,10.276,4.549,3.974,1.4528,0.5749,3445.06,62.46,441.24,0.000733,0.6375,1,Tube-Side Fouled
2026-01-25 00:15:00,17.097,29.023,144.97,62.27,29.06,57.59,12.191,11.126,4.453,3.985,1.0652,0.4675,3464.2,56.0,494.88,0.000542,0.7135,1,Tube-Side Fouled
2026-01-25 00:30:00,19.473,32.775,144.06,66.34,25.22,52.26,12.3,10.589,4.431,3.836,1.7104,0.5954,3708.06,63.11,470.08,0.000661,0.654,1,Tube-Side Fouled
2026-01-25 00:45:00,19.485,32.942,143.3,66.21,29.21,55.91,11.967,10.424,4.588,3.978,1.5431,0.6097,3680.36,58.63,502.18,0.000579,0.6757,1,Tube-Side Fouled
2026-01-25 01:00:00,19.311,31.762,142.61,66.82,28.81,55.79,12.134,10.51,4.467,3.885,1.6247,0.5819,3585.8,59.09,485.44,0.000556,0.666,1,Tube-Side Fouled
2026-01-25 01:15:00,16.73,31.237,145.22,67.57,29.79,54.14,11.937,10.735,4.375,3.86,1.2029,0.5155,3182.8,60.57,420.41,0.000901,0.6727,1,Tube-Side Fouled
2026-01-25 01:30:00,22.93,32.256,145.22,79.57,25.69,53.02,11.707,9.507,4.491,3.924,2.2002,0.5673,3688.14,71.34,413.59,0.000956,0.5492,1,Tube-Side Fouled
2026-01-25 01:45:00,18.38,31.039,141.84,70.82,29.24,53.87,11.685,10.255,4.562,4.015,1.4301,0.5467,3198.43,61.9,413.36,0.000897,0.6308,1,Tube-Side Fouled
2026-01-25 02:00:00,19.15,33.909,146.36,70.04,28.66,53.89,11.895,10.329,4.331,3.693,1.5662,0.6381,3580.81,63.54,450.85,0.000758,0.6484,1,Tube-Side Fouled
2026-01-25 02:15:00,17.601,33.05,145.19,65.77,28.69,53.46,11.933,10.751,4.404,3.797,1.1818,0.6067,3424.91,60.34,454.11,0.000704,0.6817,1,Tube-Side Fouled
2026-01-25 02:30:00,18.728,31.919,151.3,71.12,28.19,55.74,11.924,10.47,4.51,3.907,1.4543,0.6029,3678.9,65.77,447.47,0.000754,0.6513,1,Tube-Side Fouled
2026-01-25 02:45:00,18.792,30.225,144.2,69.97,24.83,51.85,12.027,10.594,4.631,4.102,1.4332,0.5294,3417.42,65.96,414.51,0.000893,0.6218,1,Tube-Side Fouled
2026-01-25 03:00:00,16.693,30.203,147.05,64.65,28.24,54.91,12.145,11.116,4.407,3.888,1.029,0.5186,3370.12,60.03,449.13,0.000795,0.6935,1,Tube-Side Fouled
2026-01-25 03:15:00,19.251,33.05,142.88,68.6,31.08,56.42,12.363,10.792,4.561,3.938,1.5706,0.623,3503.49,58.62,478.11,0.000634,0.6644,1,Tube-Side Fouled
2026-01-25 03:30:00,15.642,30.025,147.3,62.16,30.6,56.57,11.811,10.921,4.518,3.982,0.89,0.5364,3263.13,56.03,465.87,0.000698,0.7296,1,Tube-Side Fouled
2026-01-25 03:45:00,16.961,30.012,145.7,67.8,28.14,53.92,11.989,10.885,4.558,4.056,1.1033,0.5019,3237.2,62.11,416.96,0.000894,0.6627,1,Tube-Side Fouled
2026-01-25 04:00:00,20.023,33.387,146.33,70.16,28.33,55.08,11.913,10.524,4.415,3.794,1.3894,0.6202,3736.88,63.36,471.86,0.000654,0.6456,1,Tube-Side Fouled
2026-01-25 04:15:00,19.894,27.571,144.04,69.17,24.47,56.1,12.048,10.728,4.576,4.139,1.3198,0.4369,3649.14,63.9,456.87,0.000674,0.6262,1,Tube-Side Fouled
2026-01-25 04:30:00,17.332,34.037,145.68,63.73,26.22,50.66,11.86,10.594,4.413,3.77,1.2655,0.6426,3479.86,61.87,449.94,0.0008,0.686,1,Tube-Side Fouled
2026-01-25 04:45:00,18.065,30.285,149.33,67.18,26.49,55.19,12.174,11.037,4.569,4.062,1.1364,0.5071,3636.18,63.72,456.49,0.00071,0.6688,1,Tube-Side Fouled
2026-01-25 05:00:00,19.653,32.636,140.68,67.93,29.86,55.51,12.097,10.465,4.396,3.826,1.632,0.5701,3502.76,58.5,479.04,0.000606,0.6564,1,Tube-Side Fouled
2026-01-25 05:15:00,18.905,28.536,145.08,69.44,25.3,54.64,12.01,10.6,4.499,4.038,1.4098,0.4614,3503.11,64.55,434.19,0.000846,0.6315,1,Tube-Side Fouled
2026-01-25 05:30:00,17.502,31.857,144.04,64.04,26.24,51.97,12.174,11.057,4.558,3.989,1.1165,0.5695,3430.41,60.97,450.15,0.000704,0.6791,1,Tube-Side Fouled
2026-01-25 05:45:00,17.95,30.273,144.02,67.95,29.12,55.53,12.071,10.786,4.6,4.096,1.2854,0.5044,3345.56,60.29,443.96,0.000774,0.6621,1,Tube-Side Fouled
2026-01-25 06:00:00,19.016,33.101,143.97,72.11,32.1,56.28,11.966,10.709,4.332,3.708,1.2565,0.6241,3348.29,60.76,440.83,0.000811,0.6424,1,Tube-Side Fouled
2026-01-25 06:15:00,16.736,25.784,145.96,62.33,26.52,58.31,11.98,10.805,4.419,4.035,1.1749,0.3836,3429.02,57.92,473.65,0.000613,0.7002,1,Tube-Side Fouled
2026-01-25 06:30:00,18.955,33.895,147.59,72.87,26.5,50.97,12.198,10.604,4.322,3.673,1.5935,0.649,3470.26,68.45,405.57,0.000918,0.6171,1,Tube-Side Fouled
2026-01-25 06:45:00,19.276,30.263,144.83,70.21,29.19,57.02,11.775,10.372,4.482,3.961,1.4033,0.5211,3523.86,61.48,458.51,0.00074,0.6452,1,Tube-Side Fouled
2026-01-25 07:00:00,17.659,32.226,143.28,65.69,27.2,52.1,12.25,11.13,4.385,3.806,1.1201,0.579,3357.02,61.09,439.61,0.000765,0.6685,1,Tube-Side Fouled
2026-01-25 07:15:00,19.224,31.46,144.42,66.88,27.87,55.62,12.095,10.537,4.564,4.007,1.5588,0.5579,3651.77,60.53,482.65,0.000558,0.6653,1,Tube-Side Fouled
2026-01-25 07:30:00,18.295,30.98,148.98,65.7,28.06,56.85,12.302,11.115,4.501,3.944,1.1877,0.5566,3732.71,60.87,490.55,0.000551,0.6887,1,Tube-Side Fouled
2026-01-25 07:45:00,19.218,32.678,141.66,65.83,26.79,52.9,12.17,10.56,4.304,3.712,1.6099,0.5918,3570.22,60.53,471.83,0.000658,0.6601,1,Tube-Side Fouled
2026-01-25 08:00:00,17.649,31.059,146.45,61.82,24.55,52.71,12.031,10.659,4.412,3.856,1.3723,0.5553,3659.53,61.23,478.17,0.000569,0.6943,1,Tube-Side Fouled
2026-01-25 08:15:00,18.606,31.78,141.95,64.28,26.4,53.02,11.724,10.215,4.555,3.991,1.509,0.564,3540.21,59.82,473.44,0.000638,0.6721,1,Tube-Side Fouled
2026-01-25 08:30:00,16.616,31.243,142.75,65.38,28.57,52.66,12.034,11.019,4.629,4.074,1.0144,0.5547,3149.52,59.52,423.29,0.000921,0.6776,1,Tube-Side Fouled
2026-01-25 08:45:00,18.657,30.247,147.85,68.3,28.87,57.6,12.405,11.021,4.385,3.857,1.3837,0.5277,3636.33,61.38,473.98,0.000667,0.6686,1,Tube-Side Fouled
2026-01-25 09:00:00,17.361,31.157,146.76,69.5,29.48,54.69,12.044,10.841,4.425,3.877,1.2036,0.5476,3286.46,62.46,420.9,0.000898,0.6588,1,Tube-Side Fouled
2026-01-25 09:15:00,19.081,31.133,145.0,69.82,29.42,56.4,11.987,10.539,4.517,3.993,1.4484,0.5243,3514.9,61.38,458.11,0.000662,0.6505,1,Tube-Side Fouled
2026-01-25 09:30:00,18.948,34.643,143.4,63.78,25.68,51.18,12.058,10.566,4.381,3.728,1.4916,0.6528,3696.04,61.23,482.94,0.000658,0.6763,1,Tube-Side Fouled
2026-01-25 09:45:00,17.972,31.014,149.83,66.05,27.2,55.63,11.922,10.76,4.662,4.109,1.1621,0.5522,3689.17,62.49,472.3,0.000665,0.6832,1,Tube-Side Fouled
2026-01-25 10:00:00,17.78,31.344,144.2,64.38,25.68,52.19,11.865,10.646,4.577,4.024,1.2192,0.5535,3476.93,61.56,451.87,0.000724,0.6734,1,Tube-Side Fouled
2026-01-25 10:15:00,19.516,30.255,144.46,70.74,28.07,55.91,11.637,10.109,4.36,3.849,1.5278,0.5113,3524.94,62.84,448.73,0.000801,0.6334,1,Tube-Side Fouled
2026-01-25 10:30:00,20.727,29.742,146.49,75.65,28.83,57.74,12.671,11.225,4.392,3.902,1.4461,0.4901,3597.22,65.57,438.92,0.00084,0.6021,1,Tube-Side Fouled
2026-01-25 10:45:00,19.371,32.676,144.22,67.31,27.46,54.16,11.817,10.528,4.573,3.975,1.2889,0.5977,3650.11,61.58,474.19,0.000627,0.6587,1,Tube-Side Fouled
2026-01-25 11:00:00,18.22,31.63,144.39,67.47,27.43,53.37,11.705,10.31,4.413,3.836,1.3944,0.5762,3433.66,62.08,442.47,0.00082,0.6576,1,Tube-Side Fouled
2026-01-25 11:15:00,17.156,30.015,145.92,63.1,29.42,57.14,11.961,10.873,4.665,4.156,1.0879,0.5088,3481.17,56.85,489.91,0.000577,0.7109,1,Tube-Side Fouled
2026-01-25 11:30:00,19.311,27.216,145.61,71.65,27.23,57.96,11.721,10.433,4.494,4.072,1.2887,0.4215,3499.32,63.6,440.15,0.000775,0.6248,1,Tube-Side Fouled
2026-01-25 11:45:00,19.247,32.529,145.46,64.86,25.65,53.57,11.929,10.667,4.354,3.756,1.2613,0.5977,3800.43,61.86,491.5,0.000546,0.6727,1,Tube-Side Fouled
2026-01-25 12:00:00,18.757,30.973,148.97,67.17,27.12,56.13,11.773,10.216,4.57,4.016,1.5568,0.554,3759.26,62.78,479.02,0.00062,0.6714,1,Tube-Side Fouled
2026-01-25 12:15:00,19.051,31.09,146.32,73.21,28.03,54.26,11.906,10.344,4.475,3.919,1.5612,0.5567,3412.11,65.86,414.44,0.000939,0.618,1,Tube-Side Fouled
2026-01-25 12:30:00,18.578,29.568,143.45,69.81,31.58,58.67,11.774,10.287,4.462,3.983,1.4875,0.4788,3351.68,58.45,458.73,0.000683,0.6582,1,Tube-Side Fouled
2026-01-25 12:45:00,19.766,32.147,142.49,73.01,29.26,54.28,11.808,10.49,4.344,3.788,1.3179,0.5553,3365.0,63.4,424.6,0.000884,0.6137,1,Tube-Side Fouled
2026-01-25 13:00:00,16.903,33.355,143.39,63.98,28.92,52.48,11.833,10.633,4.514,3.88,1.1998,0.6344,3288.81,58.62,448.87,0.000707,0.6937,1,Tube-Side Fouled
2026-01-25 13:15:00,18.609,32.606,144.12,67.64,28.11,53.67,12.048,10.69,4.575,3.957,1.3579,0.6178,3487.07,61.52,453.42,0.000684,0.6592,1,Tube-Side Fouled
2026-01-25 13:30:00,17.366,33.924,143.22,61.03,25.76,50.39,12.307,11.088,4.518,3.871,1.2186,0.6471,3496.9,59.48,470.32,0.000655,0.6997,1,Tube-Side Fouled
2026-01-25 13:45:00,18.098,32.407,148.98,67.91,27.95,54.46,12.188,10.946,4.301,3.696,1.2423,0.6044,3594.66,63.37,453.76,0.00077,0.6698,1,Tube-Side Fouled
2026-01-25 14:00:00,17.515,31.629,150.52,65.27,29.95,57.6,11.826,10.572,4.527,3.953,1.2535,0.5738,3658.31,59.55,491.5,0.00059,0.7071,1,Tube-Side Fouled
2026-01-25 14:15:00,20.326,32.987,141.92,71.24,28.6,54.1,12.056,10.563,4.551,3.919,1.4931,0.6325,3519.65,62.53,450.27,0.000803,0.6237,1,Tube-Side Fouled
2026-01-25 14:30:00,17.954,32.152,146.59,66.87,27.77,53.84,12.027,10.611,4.418,3.841,1.4156,0.5769,3506.74,62.11,451.72,0.000724,0.671,1,Tube-Side Fouled
2026-01-25 14:45:00,19.767,30.8,143.89,71.86,27.53,54.6,11.876,10.241,4.431,3.893,1.6347,0.5375,3488.7,64.21,434.69,0.0008,0.6191,1,Tube-Side Fouled
2026-01-25 15:00:00,15.68,32.618,143.53,61.01,29.68,52.91,11.852,10.814,4.395,3.777,1.0377,0.6179,3170.4,55.83,454.31,0.000691,0.7248,1,Tube-Side Fouled
2026-01-25 15:15:00,19.433,34.313,140.9,70.08,26.63,50.12,12.165,10.841,4.419,3.753,1.3239,0.6655,3371.61,64.24,419.9,0.000901,0.6197,1,Tube-Side Fouled
2026-01-25 15:30:00,19.375,34.003,147.52,68.68,28.61,54.91,12.065,10.68,4.525,3.892,1.3854,0.6338,3742.52,62.72,477.38,0.000604,0.663,1,Tube-Side Fouled
2026-01-25 15:45:00,18.871,32.633,147.99,69.71,27.99,54.49,12.202,10.682,4.552,3.945,1.5192,0.6062,3619.22,64.16,451.24,0.000783,0.6523,1,Tube-Side Fouled
2026-01-25 16:00:00,19.583,30.265,149.04,70.12,27.77,57.67,12.572,10.982,4.431,3.91,1.5902,0.5211,3786.45,63.74,475.22,0.000599,0.6508,1,Tube-Side Fouled
2026-01-25 16:15:00,19.394,29.495,146.45,73.08,28.19,56.44,11.816,10.299,4.421,3.922,1.517,0.499,3486.33,64.85,430.06,0.000784,0.6204,1,Tube-Side Fouled
2026-01-25 16:30:00,17.905,31.346,144.28,67.85,27.01,52.58,12.28,11.051,4.59,4.036,1.2291,0.5542,3352.69,62.88,426.57,0.00089,0.6518,1,Tube-Side Fouled
2026-01-25 16:45:00,16.241,30.088,146.04,62.69,31.64,57.98,12.244,11.194,4.658,4.13,1.0498,0.5273,3316.51,54.69,485.14,0.000601,0.7286,1,Tube-Side Fouled
2026-01-25 17:00:00,18.835,31.842,145.56,71.91,29.5,55.01,11.747,10.417,4.351,3.78,1.3302,0.5712,3398.52,63.47,428.37,0.00085,0.6346,1,Tube-Side Fouled
2026-01-25 17:15:00,19.847,31.977,144.07,73.2,28.82,54.57,11.841,10.239,4.659,4.068,1.6022,0.5911,3445.87,64.32,428.57,0.000863,0.6149,1,Tube-Side Fouled
2026-01-25 17:30:00,18.621,30.9,143.06,65.85,26.35,53.6,11.852,10.683,4.612,4.088,1.1683,0.5233,3522.57,61.11,461.16,0.000641,0.6616,1,Tube-Side Fouled
2026-01-25 17:45:00,18.136,34.111,143.63,66.68,30.52,54.48,11.664,10.304,4.465,3.803,1.3602,0.6626,3419.17,58.72,465.8,0.000702,0.6803,1,Tube-Side Fouled
2026-01-25 18:00:00,19.344,30.901,149.24,67.44,26.75,56.73,12.029,10.678,4.375,3.824,1.351,0.5507,3876.64,63.09,491.56,0.000588,0.6678,1,Tube-Side Fouled
2026-01-25 18:15:00,18.083,34.041,145.1,63.73,28.17,53.48,12.423,10.973,4.452,3.823,1.4499,0.629,3604.75,59.23,486.85,0.000621,0.6959,1,Tube-Side Fouled
2026-01-25 18:30:00,19.857,35.122,145.23,71.55,28.22,52.61,12.155,10.488,4.507,3.814,1.6677,0.693,3584.64,64.88,441.98,0.000797,0.6297,1,Tube-Side Fouled
2026-01-25 18:45:00,14.709,34.221,144.63,57.79,27.4,49.26,11.61,10.825,4.436,3.794,0.7848,0.6419,3129.77,56.82,440.68,0.000772,0.7408,1,Tube-Side Fouled
2026-01-25 19:00:00,20.673,34.687,142.87,72.16,25.04,49.71,12.026,10.225,4.505,3.847,1.8004,0.6574,3581.3,67.55,424.16,0.000903,0.6001,1,Tube-Side Fouled
2026-01-25 19:15:00,19.525,30.697,145.75,69.97,27.17,55.39,12.399,10.912,4.367,3.857,1.4876,0.5105,3624.79,63.65,455.62,0.000762,0.639,1,Tube-Side Fouled
2026-01-25 19:30:00,19.577,33.851,145.6,70.13,29.11,54.67,12.209,10.624,4.432,3.797,1.5848,0.6344,3619.75,62.7,461.87,0.000712,0.6479,1,Tube-Side Fouled
2026-01-25 19:45:00,19.285,33.302,143.98,66.29,29.17,55.51,12.104,10.576,4.564,3.932,1.528,0.6318,3670.63,59.12,496.66,0.000594,0.6767,1,Tube-Side Fouled
2026-01-25 20:00:00,16.065,33.639,144.35,57.58,27.47,51.73,11.847,10.894,4.59,3.949,0.9529,0.6408,3414.97,55.63,491.1,0.000571,0.7424,1,Tube-Side Fouled
2026-01-25 20:15:00,19.829,31.478,139.36,68.09,28.28,54.57,12.036,10.739,4.531,3.975,1.2969,0.5566,3462.8,59.49,465.66,0.000713,0.6417,1,Tube-Side Fouled
2026-01-25 20:30:00,18.413,33.263,145.75,69.13,26.97,51.81,11.971,10.759,4.593,3.966,1.2117,0.6274,3456.58,64.63,427.84,0.000845,0.6451,1,Tube-Side Fouled
2026-01-25 20:45:00,16.417,35.721,142.86,61.33,29.66,51.61,12.364,11.273,4.522,3.791,1.0903,0.731,3279.55,56.3,466.03,0.000672,0.7203,1,Tube-Side Fouled
2026-01-25 21:00:00,19.336,31.734,145.54,67.83,26.85,54.57,11.888,10.635,4.479,3.931,1.2531,0.5484,3681.11,62.69,469.75,0.000629,0.6547,1,Tube-Side Fouled
2026-01-25 21:15:00,17.591,30.021,144.3,61.51,24.58,52.99,12.038,11.002,4.591,4.065,1.0362,0.5255,3568.02,60.07,475.14,0.00063,0.6915,1,Tube-Side Fouled
2026-01-25 21:30:00,19.316,29.616,143.84,69.31,27.63,56.09,12.57,11.086,4.522,4.017,1.4838,0.5055,3527.16,61.88,456.01,0.000713,0.6414,1,Tube-Side Fouled
2026-01-25 21:45:00,17.542,27.421,147.59,68.47,27.08,56.72,12.21,10.886,4.424,3.976,1.3244,0.4482,3400.64,62.92,432.38,0.000846,0.6566,1,Tube-Side Fouled
2026-01-25 22:00:00,16.951,29.71,139.73,61.62,29.15,55.24,11.921,10.922,4.582,4.057,0.9991,0.525,3243.83,54.39,477.11,0.000606,0.7064,1,Tube-Side Fouled
2026-01-25 22:15:00,19.839,31.951,148.15,74.67,30.57,57.29,11.722,10.119,4.622,4.052,1.6029,0.5709,3571.65,64.69,441.71,0.000819,0.6249,1,Tube-Side Fouled
2026-01-25 22:30:00,19.107,33.75,145.24,69.59,28.59,53.67,12.018,10.609,4.434,3.783,1.4087,0.6511,3541.19,62.94,450.14,0.000637,0.6485,1,Tube-Side Fouled
2026-01-25 22:45:00,16.26,30.502,142.81,62.39,26.89,51.99,12.243,11.066,4.485,3.955,1.1762,0.5297,3203.81,58.89,435.21,0.000812,0.6938,1,Tube-Side Fouled
2026-01-25 23:00:00,18.886,30.319,150.07,69.71,28.17,57.48,11.849,10.595,4.388,3.865,1.2539,0.5227,3718.57,63.69,467.07,0.000673,0.6592,1,Tube-Side Fouled
2026-01-25 23:15:00,17.544,33.846,143.77,62.65,27.78,52.41,11.981,10.683,4.661,4.025,1.2977,0.6359,3486.77,58.65,475.59,0.00066,0.6994,1,Tube-Side Fouled
2026-01-25 23:30:00,17.222,30.263,149.2,62.63,29.08,57.93,12.197,11.106,4.578,4.076,1.0907,0.5025,3652.74,57.68,506.64,0.000556,0.7207,1,Tube-Side Fouled
2026-01-25 23:45:00,17.404,33.902,149.63,68.02,28.46,53.0,12.078,10.784,4.509,3.858,1.2942,0.6506,3480.23,63.9,435.7,0.00084,0.6736,1,Tube-Side Fouled
2026-01-26 00:00:00,18.866,32.749,144.57,70.52,28.24,53.22,11.856,10.958,4.323,3.286,0.8978,1.0363,3422.71,63.7,429.87,0.00085,0.6365,2,Shell-Side Fouled
2026-01-26 00:15:00,18.404,31.441,146.87,67.39,31.23,58.48,12.081,11.204,4.462,3.517,0.8774,0.9456,3583.92,58.43,490.69,0.000589,0.6874,2,Shell-Side Fouled
2026-01-26 00:30:00,18.025,32.566,146.94,64.52,27.5,54.21,11.502,10.654,4.547,3.53,0.848,1.0167,3639.7,60.67,479.95,0.000567,0.69,2,Shell-Side Fouled
2026-01-26 00:45:00,19.135,35.104,146.98,67.77,29.06,54.35,11.896,10.965,4.529,3.424,0.9317,1.1046,3713.81,61.8,480.76,0.000609,0.6718,2,Shell-Side Fouled
2026-01-26 01:00:00,18.2,32.595,142.68,63.94,25.05,50.79,11.923,11.086,4.357,3.312,0.8378,1.0448,3510.9,61.64,455.67,0.000726,0.6694,2,Shell-Side Fouled
2026-01-26 01:15:00,18.404,29.662,145.22,69.75,27.4,54.82,11.957,11.108,4.503,3.632,0.8483,0.8708,3402.83,63.36,429.63,0.000841,0.6406,2,Shell-Side Fouled
2026-01-26 01:30:00,20.231,33.721,148.03,73.7,29.92,56.04,11.907,10.849,4.53,3.663,1.0574,0.8665,3684.46,64.93,453.98,0.000735,0.6294,2,Shell-Side Fouled
2026-01-26 01:45:00,18.612,32.223,145.56,71.04,30.47,55.67,11.654,10.759,4.403,3.335,0.8953,1.0685,3398.14,62.0,438.49,0.000833,0.6475,2,Shell-Side Fouled
2026-01-26 02:00:00,18.525,31.194,146.73,70.02,28.98,55.65,12.043,11.148,4.672,3.768,0.8945,0.9039,3481.36,62.77,443.69,0.000768,0.6514,2,Shell-Side Fouled
2026-01-26 02:15:00,18.514,30.225,146.52,65.96,25.79,54.69,11.981,11.118,4.498,3.542,0.8629,0.9561,3653.98,62.48,467.87,0.000653,0.6673,2,Shell-Side Fouled
2026-01-26 02:30:00,18.847,31.97,142.79,69.58,28.51,53.78,11.64,10.746,4.26,3.38,0.8944,0.88,3380.43,61.98,436.35,0.000856,0.6406,2,Shell-Side Fouled
2026-01-26 02:45:00,17.842,32.876,144.37,63.71,30.07,55.71,11.959,11.14,4.585,3.605,0.8193,0.9807,3525.86,56.77,496.82,0.00051,0.7057,2,Shell-Side Fouled
2026-01-26 03:00:00,16.008,31.165,141.15,55.28,24.5,50.33,11.948,11.252,4.47,3.633,0.6957,0.837,3367.59,55.49,485.54,0.000588,0.7361,2,Shell-Side Fouled
2026-01-26 03:15:00,17.499,33.235,144.43,63.25,26.39,51.42,11.632,10.849,4.573,3.712,0.7836,0.8618,3480.59,60.66,459.0,0.000729,0.6878,2,Shell-Side Fouled
2026-01-26 03:30:00,20.014,28.668,146.69,77.11,30.24,58.68,12.163,11.161,4.54,3.854,1.0023,0.6862,3411.75,65.3,418.01,0.000841,0.5975,2,Shell-Side Fouled
2026-01-26 03:45:00,17.662,31.964,145.16,63.63,27.05,53.42,12.323,11.503,4.573,3.753,0.8196,0.8204,3527.74,59.99,470.42,0.000684,0.6902,2,Shell-Side Fouled
2026-01-26 04:00:00,18.473,31.474,150.81,69.96,28.65,56.44,12.316,11.429,4.613,3.839,0.8874,0.7737,3658.91,64.23,455.74,0.000666,0.6618,2,Shell-Side Fouled
2026-01-26 04:15:00,18.137,32.676,139.92,65.18,28.68,52.97,12.219,11.336,4.322,3.43,0.8832,0.8929,3321.41,58.12,457.18,0.000729,0.6719,2,Shell-Side Fouled
2026-01-26 04:30:00,20.042,31.935,145.99,68.44,27.07,55.56,11.967,10.914,4.543,3.612,1.0533,0.931,3807.52,62.74,485.53,0.000526,0.6521,2,Shell-Side Fouled
2026-01-26 04:45:00,19.658,34.09,148.91,72.16,26.91,52.83,11.955,10.987,4.495,3.536,0.9684,0.9589,3696.66,67.51,438.08,0.0008,0.6291,2,Shell-Side Fouled
2026-01-26 05:00:00,19.307,30.822,143.99,64.85,27.59,56.62,12.028,11.058,4.552,3.697,0.9702,0.8549,3743.48,58.8,509.28,0.000497,0.6799,2,Shell-Side Fouled
2026-01-26 05:15:00,18.045,31.513,142.46,63.48,27.2,53.68,11.979,11.139,4.45,3.488,0.8396,0.9611,3491.36,58.67,476.05,0.000712,0.6852,2,Shell-Side Fouled
2026-01-26 05:30:00,18.306,30.242,143.9,69.05,28.54,55.07,12.067,11.165,4.525,3.722,0.9015,0.8035,3356.9,61.54,436.4,0.000812,0.6488,2,Shell-Side Fouled
2026-01-26 05:45:00,19.288,32.879,143.31,70.49,27.47,52.48,12.093,11.121,4.592,3.606,0.972,0.9857,3441.26,63.98,430.3,0.000792,0.6286,2,Shell-Side Fouled
2026-01-26 06:00:00,20.216,31.875,142.95,73.35,28.4,54.25,12.206,11.175,4.345,3.285,1.031,1.0595,3447.24,64.37,428.41,0.000844,0.6076,2,Shell-Side Fouled
2026-01-26 06:15:00,19.301,33.192,146.07,71.84,29.42,54.69,12.281,11.347,4.312,3.445,0.9344,0.8678,3510.0,63.8,440.12,0.000722,0.6363,2,Shell-Side Fouled
2026-01-26 06:30:00,17.362,31.58,145.7,64.35,27.48,53.67,11.921,11.138,4.526,3.647,0.7834,0.8789,3460.48,60.3,459.13,0.000736,0.6882,2,Shell-Side Fouled
2026-01-26 06:45:00,17.807,34.6,143.75,60.11,25.16,50.37,11.954,11.133,4.302,3.142,0.821,1.1595,3649.0,59.45,491.02,0.000534,0.7053,2,Shell-Side Fouled
2026-01-26 07:00:00,18.592,31.528,144.33,64.61,25.42,52.94,11.769,10.876,4.46,3.626,0.8931,0.8333,3630.88,61.65,471.13,0.000671,0.6704,2,Shell-Side Fouled
2026-01-26 07:15:00,19.392,31.444,143.95,70.92,29.65,56.02,12.046,11.061,4.604,3.598,0.9857,1.0064,3469.47,61.69,449.94,0.000672,0.6389,2,Shell-Side Fouled
2026-01-26 07:30:00,20.587,30.311,143.69,67.35,27.86,58.22,11.805,10.702,4.598,3.841,1.1034,0.7573,3850.18,59.55,517.21,0.000481,0.659,2,Shell-Side Fouled
2026-01-26 07:45:00,18.424,30.459,145.27,65.25,29.5,57.84,11.765,10.889,4.347,3.511,0.8765,0.8355,3611.89,57.8,499.95,0.000531,0.6911,2,Shell-Side Fouled
2026-01-26 08:00:00,18.473,30.813,143.62,67.24,30.54,57.36,12.064,11.157,4.59,3.69,0.9065,0.9002,3457.07,57.99,476.91,0.000639,0.6755,2,Shell-Side Fouled
2026-01-26 08:15:00,18.688,36.113,147.4,68.18,26.29,50.3,11.965,11.062,4.54,3.451,0.9032,1.0887,3627.14,65.67,441.84,0.000794,0.6541,2,Shell-Side Fouled
2026-01-26 08:30:00,17.781,33.455,144.33,62.24,27.0,52.55,11.915,11.062,4.321,3.364,0.8534,0.9564,3576.41,59.06,484.44,0.000611,0.6997,2,Shell-Side Fouled
2026-01-26 08:45:00,17.866,32.034,144.92,65.63,24.77,50.67,11.757,10.923,4.483,3.616,0.8334,0.8672,3470.43,63.88,434.62,0.000824,0.6599,2,Shell-Side Fouled
2026-01-26 09:00:00,19.78,31.743,148.11,66.71,26.67,56.37,11.811,10.793,4.543,3.487,1.0176,1.056,3944.74,62.37,506.01,0.000565,0.6702,2,Shell-Side Fouled
2026-01-26 09:15:00,17.457,28.94,144.82,66.96,29.6,57.1,11.935,11.16,4.54,3.77,0.775,0.7699,3329.92,59.0,451.51,0.000792,0.6757,2,Shell-Side Fouled
2026-01-26 09:30:00,17.477,32.447,149.78,65.18,30.28,56.96,12.049,11.229,4.578,3.795,0.8197,0.7826,3622.66,59.21,489.46,0.00055,0.708,2,Shell-Side Fouled
2026-01-26 09:45:00,19.595,32.892,143.11,70.62,27.69,52.98,11.773,10.785,4.391,3.503,0.9882,0.8876,3480.2,63.64,437.47,0.000761,0.628,2,Shell-Side Fouled
2026-01-26 10:00:00,18.486,32.522,141.32,68.24,29.98,54.3,12.04,11.155,4.614,3.793,0.8848,0.8204,3309.56,59.34,446.2,0.00075,0.6563,2,Shell-Side Fouled
2026-01-26 10:15:00,19.783,34.003,140.68,69.04,30.03,54.43,12.19,11.168,4.463,3.531,1.0222,0.9318,3472.4,59.54,466.56,0.000684,0.6474,2,Shell-Side Fouled
2026-01-26 10:30:00,18.728,36.872,143.29,67.79,27.63,50.08,11.866,10.937,4.444,3.054,0.929,1.3897,3463.96,63.01,439.8,0.000803,0.6527,2,Shell-Side Fouled
2026-01-26 10:45:00,18.305,29.239,147.07,70.93,28.25,56.17,12.004,11.163,4.453,3.562,0.8412,0.8916,3414.96,63.78,428.35,0.00089,0.6408,2,Shell-Side Fouled
2026-01-26 11:00:00,19.226,32.46,138.36,67.85,27.94,52.4,11.952,10.98,4.438,3.646,0.972,0.7925,3321.16,60.02,442.69,0.000803,0.6386,2,Shell-Side Fouled
2026-01-26 11:15:00,17.956,32.135,143.44,66.56,29.09,54.25,11.896,11.046,4.63,3.7,0.8498,0.9295,3382.33,59.64,453.7,0.000703,0.6724,2,Shell-Side Fouled
2026-01-26 11:30:00,18.289,29.686,136.17,63.6,27.6,53.78,12.056,11.229,4.633,3.929,0.827,0.7044,3251.77,56.03,464.29,0.000717,0.6684,2,Shell-Side Fouled
2026-01-26 11:45:00,18.02,34.449,143.68,64.82,28.77,52.93,12.184,11.36,4.351,3.14,0.8246,1.2105,3481.43,59.25,470.07,0.000652,0.6863,2,Shell-Side Fouled
2026-01-26 12:00:00,18.419,29.087,141.17,65.15,28.66,56.84,11.745,10.888,4.686,3.898,0.8572,0.7881,3430.44,57.11,480.54,0.00054,0.6756,2,Shell-Side Fouled
2026-01-26 12:15:00,18.64,31.78,145.66,69.19,30.34,56.61,11.891,10.981,4.453,3.659,0.9099,0.7943,3492.13,60.52,461.63,0.000642,0.6631,2,Shell-Side Fouled
2026-01-26 12:30:00,18.874,31.63,145.31,67.56,27.15,54.32,11.869,10.96,4.516,3.525,0.9089,0.9903,3595.37,62.31,461.59,0.00069,0.658,2,Shell-Side Fouled
2026-01-26 12:45:00,17.723,31.505,144.92,67.01,28.98,54.65,12.055,11.256,4.616,3.618,0.7985,0.998,3382.78,60.43,447.82,0.000752,0.672,2,Shell-Side Fouled
2026-01-26 13:00:00,18.795,34.307,147.01,68.04,26.02,51.35,11.977,11.088,4.499,3.404,0.8891,1.0946,3636.24,65.2,446.14,0.000738,0.6527,2,Shell-Side Fouled
2026-01-26 13:15:00,18.411,31.604,147.37,66.16,26.72,54.42,11.932,11.037,4.448,3.561,0.8944,0.8864,3663.11,62.42,469.47,0.000694,0.6731,2,Shell-Side Fouled
2026-01-26 13:30:00,18.515,34.715,142.24,69.1,29.13,51.97,11.911,11.035,4.475,3.273,0.876,1.2016,3317.67,61.74,429.86,0.000841,0.6466,2,Shell-Side Fouled
2026-01-26 13:45:00,19.416,30.188,149.65,71.61,27.57,56.96,12.262,11.295,4.319,3.551,0.9667,0.7677,3712.11,65.38,454.25,0.000755,0.6392,2,Shell-Side Fouled
2026-01-26 14:00:00,18.852,31.351,148.88,72.58,31.91,58.78,12.021,11.129,4.545,3.575,0.8921,0.9706,3523.98,62.14,453.68,0.000713,0.6523,2,Shell-Side Fouled
2026-01-26 14:15:00,19.262,30.928,143.31,72.27,29.21,55.12,12.181,11.237,4.58,3.778,0.9442,0.8015,3352.81,62.95,426.08,0.000861,0.6226,2,Shell-Side Fouled
2026-01-26 14:30:00,19.164,33.424,148.75,65.7,26.84,54.72,12.126,11.169,4.575,3.586,0.9568,0.9888,3899.06,62.44,499.55,0.000534,0.6812,2,Shell-Side Fouled
2026-01-26 14:45:00,17.924,29.656,147.75,64.42,29.15,58.64,11.94,11.101,4.41,3.685,0.8389,0.7254,3659.21,58.09,503.94,0.000519,0.7026,2,Shell-Side Fouled
2026-01-26 15:00:00,18.319,31.4,141.11,65.0,29.65,55.65,12.179,11.309,4.503,3.662,0.8692,0.8406,3416.05,56.76,481.47,0.000615,0.6829,2,Shell-Side Fouled
2026-01-26 15:15:00,17.493,31.06,147.43,62.17,29.15,57.27,12.219,11.433,4.498,3.744,0.7854,0.7538,3654.21,56.88,513.91,0.000501,0.7209,2,Shell-Side Fouled
2026-01-26 15:30:00,16.956,31.595,148.63,65.18,26.36,52.58,11.734,10.98,4.375,3.45,0.7537,0.9255,3466.53,63.17,438.99,0.000798,0.6825,2,Shell-Side Fouled
2026-01-26 15:45:00,17.731,31.069,144.61,65.36,26.91,53.4,11.921,11.113,4.535,3.666,0.8074,0.8697,3442.64,61.08,450.93,0.000714,0.6733,2,Shell-Side Fouled
2026-01-26 16:00:00,19.089,31.8,143.5,68.34,26.64,53.06,11.919,10.961,4.399,3.507,0.9588,0.8918,3514.68,62.96,446.63,0.000743,0.6431,2,Shell-Side Fouled
2026-01-26 16:15:00,17.204,30.482,147.67,63.99,26.61,54.27,11.989,11.227,4.704,3.974,0.7617,0.7304,3527.17,61.18,461.25,0.000729,0.6912,2,Shell-Side Fouled
2026-01-26 16:30:00,16.044,31.749,139.78,61.56,28.24,51.39,11.953,11.279,4.636,3.635,0.6735,1.0008,3074.82,56.45,435.76,0.00081,0.7013,2,Shell-Side Fouled
2026-01-26 16:45:00,18.461,34.37,142.93,66.66,27.33,51.32,11.939,11.044,4.816,3.66,0.8942,1.1562,3449.39,61.83,446.28,0.000791,0.6597,2,Shell-Side Fouled
2026-01-26 17:00:00,18.929,31.805,146.36,68.1,27.89,55.17,12.153,11.215,4.594,3.743,0.9373,0.8512,3629.49,62.26,466.36,0.000664,0.6606,2,Shell-Side Fouled
2026-01-26 17:15:00,17.917,33.689,144.2,64.02,27.25,52.23,12.079,11.257,4.661,3.721,0.8216,0.9405,3520.1,60.21,467.72,0.000695,0.6857,2,Shell-Side Fouled
2026-01-26 17:30:00,17.37,35.158,141.4,61.02,27.82,51.07,12.035,11.253,4.412,3.294,0.7819,1.1173,3420.9,57.08,479.49,0.000621,0.7077,2,Shell-Side Fouled
2026-01-26 17:45:00,18.12,29.677,148.86,68.63,29.74,58.42,11.979,11.126,4.451,3.538,0.8535,0.9134,3561.68,61.08,466.51,0.000653,0.6735,2,Shell-Side Fouled
2026-01-26 18:00:00,17.476,31.101,144.58,62.13,29.05,56.17,12.276,11.47,4.477,3.569,0.8061,0.9078,3530.24,56.29,501.72,0.000549,0.7136,2,Shell-Side Fouled
2026-01-26 18:15:00,17.659,33.035,145.88,67.67,29.04,53.53,12.415,11.61,4.517,3.448,0.8046,1.0685,3384.09,61.63,439.24,0.000765,0.6694,2,Shell-Side Fouled
2026-01-26 18:30:00,19.157,38.027,144.44,70.41,28.68,50.52,11.89,10.945,4.372,3.13,0.9456,1.2417,3474.64,64.34,432.04,0.000858,0.6395,2,Shell-Side Fouled
2026-01-26 18:45:00,18.986,32.813,146.0,67.55,29.6,56.18,12.259,11.34,4.701,3.823,0.9192,0.8771,3649.23,60.21,484.89,0.000566,0.674,2,Shell-Side Fouled
2026-01-26 19:00:00,20.031,31.653,146.16,69.5,28.36,56.77,12.004,10.975,4.418,3.567,1.0284,0.8509,3762.08,62.17,484.09,0.000594,0.6508,2,Shell-Side Fouled
2026-01-26 19:15:00,18.154,33.215,140.44,62.98,27.68,52.47,11.772,10.904,4.399,3.403,0.8684,0.9959,3445.08,57.69,477.77,0.00061,0.6869,2,Shell-Side Fouled
2026-01-26 19:30:00,19.457,30.744,145.78,71.01,29.65,57.35,12.166,11.214,4.519,3.533,0.9518,0.9865,3563.91,61.95,460.27,0.0007,0.6438,2,Shell-Side Fouled
2026-01-26 19:45:00,20.425,32.15,150.45,74.26,28.95,57.29,11.914,10.822,4.591,3.683,1.0917,0.9078,3812.91,66.38,459.51,0.000719,0.6271,2,Shell-Side Fouled
2026-01-26 20:00:00,21.162,33.039,146.27,73.14,26.63,54.06,11.884,10.744,4.301,3.196,1.1397,1.1056,3791.5,66.77,454.25,0.000664,0.6112,2,Shell-Side Fouled
2026-01-26 20:15:00,18.349,30.203,140.54,60.69,25.37,53.77,12.107,11.246,4.457,3.724,0.8607,0.7322,3589.71,57.24,501.71,0.000512,0.6933,2,Shell-Side Fouled
2026-01-26 20:30:00,19.713,32.677,146.71,69.67,31.23,58.44,11.988,11.016,4.502,3.616,0.972,0.8859,3720.9,59.95,496.55,0.000513,0.6671,2,Shell-Side Fouled
2026-01-26 20:45:00,18.993,32.116,147.32,71.12,28.04,54.43,11.918,11.001,4.407,3.571,0.9168,0.8366,3545.71,64.82,437.61,0.000761,0.6389,2,Shell-Side Fouled
2026-01-26 21:00:00,18.106,36.74,145.16,68.64,31.09,53.17,12.179,11.334,4.536,3.341,0.8451,1.1949,3394.31,60.76,446.88,0.00075,0.6708,2,Shell-Side Fouled
2026-01-26 21:15:00,20.603,34.611,143.69,67.82,24.47,50.91,11.959,10.87,4.399,3.275,1.089,1.1232,3829.28,64.96,471.56,0.000634,0.6363,2,Shell-Side Fouled
2026-01-26 21:30:00,17.143,32.916,144.02,64.3,27.69,52.0,12.029,11.271,4.419,3.529,0.7584,0.8897,3348.37,60.12,445.57,0.000806,0.6853,2,Shell-Side Fouled
2026-01-26 21:45:00,20.307,31.838,145.22,74.09,28.08,54.64,11.864,10.79,4.401,3.596,1.074,0.8045,3538.32,65.8,430.22,0.000819,0.6072,2,Shell-Side Fouled
2026-01-26 22:00:00,19.466,31.319,147.73,70.16,28.46,56.7,12.014,11.036,4.166,3.165,0.9781,1.001,3699.78,63.19,468.42,0.00063,0.6504,2,Shell-Side Fouled
2026-01-26 22:15:00,17.247,30.722,146.35,63.86,30.1,57.22,11.883,11.114,4.632,3.64,0.7687,0.9921,3485.77,57.04,488.93,0.000576,0.7096,2,Shell-Side Fouled
2026-01-26 22:30:00,19.388,30.408,144.53,72.48,30.5,57.4,12.035,11.084,4.529,3.78,0.9519,0.7491,3422.49,61.82,442.87,0.000786,0.6319,2,Shell-Side Fouled
2026-01-26 22:45:00,15.662,30.674,142.5,60.44,27.81,52.35,11.815,11.172,4.566,3.611,0.6434,0.9559,3148.89,56.6,445.07,0.000782,0.7155,2,Shell-Side Fouled
2026-01-26 23:00:00,16.862,33.717,144.79,59.62,25.75,50.69,12.107,11.35,4.478,3.596,0.7576,0.8812,3518.46,58.95,477.49,0.000648,0.7154,2,Shell-Side Fouled
2026-01-26 23:15:00,18.459,35.1,146.75,70.23,28.33,51.9,12.113,11.217,4.46,3.423,0.8964,1.0371,3460.57,64.81,427.18,0.000868,0.6462,2,Shell-Side Fouled
2026-01-26 23:30:00,18.628,33.797,145.89,66.88,26.82,52.32,12.005,11.12,4.386,3.253,0.8848,1.1337,3606.31,63.07,457.4,0.000689,0.6636,2,Shell-Side Fouled
2026-01-26 23:45:00,17.051,31.062,145.26,63.09,30.01,56.42,11.494,10.753,4.562,3.793,0.7415,0.7683,3433.0,56.44,486.6,0.000573,0.713,2,Shell-Side Fouled
2026-01-27 00:00:00,17.856,34.985,146.56,66.75,28.3,52.15,11.967,11.111,4.619,3.668,0.8558,0.9511,3491.25,62.3,448.3,0.000737,0.6748,2,Shell-Side Fouled
2026-01-27 00:15:00,18.14,30.664,145.2,70.25,30.22,56.18,12.008,11.149,4.374,3.458,0.8596,0.916,3330.61,61.3,434.65,0.000834,0.6518,2,Shell-Side Fouled
2026-01-27 00:30:00,16.29,34.178,144.18,58.33,27.4,51.36,11.89,11.216,4.546,3.502,0.6745,1.0436,3426.15,56.32,486.69,0.000594,0.7351,2,Shell-Side Fouled
2026-01-27 00:45:00,19.332,33.226,143.49,70.13,31.61,56.6,11.912,10.951,4.429,3.382,0.9617,1.0466,3474.34,59.46,467.43,0.000691,0.6557,2,Shell-Side Fouled
2026-01-27 01:00:00,19.473,31.979,150.7,70.75,28.99,57.5,12.123,11.166,4.461,3.51,0.9566,0.9509,3814.45,64.08,476.22,0.000672,0.6569,2,Shell-Side Fouled
2026-01-27 01:15:00,18.146,31.064,146.72,66.22,27.99,55.53,11.866,10.997,4.515,3.711,0.8696,0.8039,3578.79,60.93,469.93,0.000635,0.678,2,Shell-Side Fouled
2026-01-27 01:30:00,21.635,31.164,142.92,70.94,29.69,58.96,12.067,10.896,4.614,3.615,1.1711,0.9984,3815.33,60.09,507.92,0.000493,0.6357,2,Shell-Side Fouled
2026-01-27 01:45:00,19.963,29.656,148.04,70.19,25.19,55.88,12.029,11.048,4.467,3.644,0.9806,0.8229,3807.44,65.79,463.0,0.00064,0.6337,2,Shell-Side Fouled
2026-01-27 02:00:00,17.021,33.222,142.78,58.96,26.32,51.46,11.879,11.109,4.562,3.669,0.7701,0.8925,3495.26,57.04,490.22,0.000582,0.7197,2,Shell-Side Fouled
2026-01-27 02:15:00,19.364,31.437,143.81,70.78,29.61,55.95,11.831,10.866,4.385,3.552,0.9655,0.8329,3464.97,61.59,450.04,0.000767,0.6395,2,Shell-Side Fouled
2026-01-27 02:30:00,18.774,30.957,149.12,67.96,27.89,56.71,11.879,10.971,4.423,3.481,0.9078,0.9412,3732.84,62.64,476.75,0.000681,0.6694,2,Shell-Side Fouled
2026-01-27 02:45:00,17.638,31.075,144.89,60.94,25.05,52.96,11.903,11.099,4.5,3.657,0.8032,0.8432,3628.04,59.58,487.13,0.000623,0.7005,2,Shell-Side Fouled
2026-01-27 03:00:00,18.988,32.378,144.73,69.93,26.14,51.82,11.822,10.917,4.6,3.819,0.9053,0.7805,3479.64,65.3,426.27,0.000854,0.6307,2,Shell-Side Fouled
2026-01-27 03:15:00,19.53,29.625,147.29,71.61,26.41,55.62,12.203,11.22,4.501,3.766,0.983,0.7353,3621.33,65.72,440.82,0.000779,0.6261,2,Shell-Side Fouled
2026-01-27 03:30:00,19.89,30.495,147.16,69.75,28.07,57.64,11.767,10.775,4.561,3.744,0.9925,0.8166,3772.43,62.58,482.24,0.000616,0.65,2,Shell-Side Fouled
2026-01-27 03:45:00,18.282,30.305,141.19,69.95,31.8,56.97,11.99,11.112,4.682,3.946,0.8782,0.7363,3190.93,58.18,438.77,0.000848,0.6512,2,Shell-Side Fouled
2026-01-27 04:00:00,19.496,30.547,145.88,72.24,29.21,56.73,11.765,10.806,4.549,3.668,0.9585,0.881,3517.32,63.32,444.4,0.000755,0.6312,2,Shell-Side Fouled
2026-01-27 04:15:00,17.322,33.588,146.44,64.78,28.14,52.8,12.225,11.468,4.62,3.657,0.7571,0.9623,3465.58,60.75,456.4,0.000718,0.6903,2,Shell-Side Fouled
2026-01-27 04:30:00,17.047,30.534,147.73,60.35,25.37,53.93,12.026,11.28,4.512,3.683,0.746,0.8295,3649.39,59.63,489.62,0.000619,0.7141,2,Shell-Side Fouled
2026-01-27 04:45:00,16.812,29.251,142.62,63.89,29.69,56.19,11.891,11.164,4.535,3.692,0.7268,0.8422,3242.92,56.33,460.54,0.000703,0.6972,2,Shell-Side Fouled
2026-01-27 05:00:00,18.883,29.286,141.41,68.52,29.34,56.85,12.14,11.218,4.408,3.603,0.9225,0.8046,3371.93,58.99,457.27,0.000735,0.6503,2,Shell-Side Fouled
2026-01-27 05:15:00,18.479,30.423,144.1,67.19,29.91,57.27,11.678,10.809,4.346,3.645,0.8687,0.7004,3482.07,58.6,475.33,0.000659,0.6735,2,Shell-Side Fouled
2026-01-27 05:30:00,17.983,33.234,141.67,62.86,28.02,52.99,11.958,11.122,4.504,3.658,0.8355,0.8456,3472.21,57.62,482.05,0.000605,0.6935,2,Shell-Side Fouled
2026-01-27 05:45:00,19.467,32.83,148.18,68.07,27.54,55.36,12.311,11.315,4.612,3.585,0.9957,1.0272,3820.62,63.1,484.36,0.00058,0.664,2,Shell-Side Fouled
2026-01-27 06:00:00,17.826,30.618,144.11,62.83,27.14,54.85,12.254,11.451,4.497,3.608,0.8032,0.8894,3549.81,58.44,485.98,0.000595,0.6949,2,Shell-Side Fouled
2026-01-27 06:15:00,19.19,32.657,141.75,66.43,31.18,57.1,11.689,10.736,4.487,3.374,0.9529,1.1136,3541.24,56.39,502.36,0.000487,0.6812,2,Shell-Side Fouled
2026-01-27 06:30:00,19.83,31.411,147.01,70.72,30.35,58.55,12.22,11.233,4.486,3.508,0.9875,0.9779,3706.73,61.3,483.74,0.000597,0.654,2,Shell-Side Fouled
2026-01-27 06:45:00,20.725,34.115,144.79,69.69,29.72,56.44,12.13,11.042,4.493,3.314,1.0879,1.1788,3813.06,60.99,500.12,0.000592,0.6526,2,Shell-Side Fouled
2026-01-27 07:00:00,18.794,32.85,145.26,69.76,29.2,54.49,11.954,11.028,4.469,3.6,0.9264,0.8684,3476.57,62.33,446.19,0.000712,0.6505,2,Shell-Side Fouled
2026-01-27 07:15:00,18.83,31.267,146.99,69.63,26.82,54.1,11.579,10.678,4.535,3.643,0.9011,0.8928,3568.78,64.65,441.64,0.000769,0.6438,2,Shell-Side Fouled
2026-01-27 07:30:00,16.82,29.265,142.33,64.78,29.12,55.22,11.6,10.852,4.583,3.868,0.7488,0.7149,3195.57,57.61,443.78,0.000809,0.685,2,Shell-Side Fouled
2026-01-27 07:45:00,19.87,33.235,144.98,71.04,26.89,52.78,11.884,10.833,4.682,3.787,1.0506,0.8949,3599.88,65.25,441.37,0.000801,0.6262,2,Shell-Side Fouled
2026-01-27 08:00:00,19.597,32.343,141.38,67.1,25.79,52.15,11.91,10.925,4.535,3.442,0.9847,1.093,3566.21,62.22,458.51,0.00071,0.6426,2,Shell-Side Fouled
2026-01-27 08:15:00,18.864,29.558,144.53,67.67,29.28,58.0,12.177,11.246,4.567,3.845,0.9315,0.7212,3552.24,59.24,479.72,0.000598,0.6669,2,Shell-Side Fouled
2026-01-27 08:30:00,18.365,32.358,143.46,66.66,25.93,51.45,11.992,11.133,4.507,3.519,0.8591,0.9879,3455.57,62.93,439.29,0.00076,0.6534,2,Shell-Side Fouled
2026-01-27 08:45:00,16.87,35.5,143.87,66.75,31.47,52.93,11.801,11.066,4.329,3.37,0.7353,0.9589,3187.42,58.79,433.76,0.000879,0.6861,2,Shell-Side Fouled
2026-01-27 09:00:00,16.854,31.867,143.82,65.22,28.35,52.69,12.125,11.381,4.524,3.473,0.7439,1.0513,3245.59,59.96,433.02,0.000824,0.6807,2,Shell-Side Fouled
2026-01-27 09:15:00,18.412,32.716,142.42,63.74,30.14,56.07,11.95,11.064,4.512,3.416,0.8859,1.0964,3549.17,55.88,508.12,0.000496,0.7008,2,Shell-Side Fouled
2026-01-27 09:30:00,14.656,34.237,147.3,54.58,25.25,48.49,12.186,11.613,4.606,3.697,0.573,0.9085,3329.43,57.21,465.61,0.000699,0.7597,2,Shell-Side Fouled
2026-01-27 09:45:00,19.029,31.364,147.21,68.93,27.53,55.34,11.884,10.961,4.496,3.481,0.9231,1.0154,3649.6,63.32,461.1,0.000655,0.6541,2,Shell-Side Fouled
2026-01-27 10:00:00,20.223,32.203,143.12,68.86,27.2,54.51,11.959,10.908,4.528,3.482,1.0508,1.0461,3679.53,62.21,473.21,0.000609,0.6407,2,Shell-Side Fouled
2026-01-27 10:15:00,17.638,34.151,145.34,61.51,27.68,53.03,11.983,11.171,4.544,3.527,0.8127,1.0169,3622.34,58.27,497.36,0.000538,0.7124,2,Shell-Side Fouled
2026-01-27 10:30:00,19.432,36.349,147.19,72.34,30.8,54.23,11.913,10.955,4.436,3.397,0.9585,1.039,3563.71,63.84,446.6,0.000768,0.6431,2,Shell-Side Fouled
2026-01-27 10:45:00,19.512,32.845,147.0,69.49,28.51,55.47,11.825,10.851,4.542,3.727,0.9747,0.8152,3705.25,62.91,471.21,0.000621,0.6541,2,Shell-Side Fouled
2026-01-27 11:00:00,19.865,31.785,143.68,67.01,26.38,54.43,11.626,10.609,4.478,3.585,1.017,0.8926,3731.38,61.79,483.13,0.000606,0.6536,2,Shell-Side Fouled
2026-01-27 11:15:00,19.468,29.662,143.98,71.27,30.51,58.46,12.122,11.13,4.539,3.805,0.9926,0.734,3468.07,60.4,459.34,0.000737,0.6408,2,Shell-Side Fouled
2026-01-27 11:30:00,17.393,31.941,144.67,65.07,25.37,50.75,11.869,11.081,4.644,3.685,0.7884,0.959,3391.97,62.97,430.94,0.000846,0.6672,2,Shell-Side Fouled
2026-01-27 11:45:00,19.75,29.866,146.87,70.11,25.45,55.17,12.004,11.005,4.554,3.872,0.9988,0.6822,3714.13,65.38,454.44,0.00072,0.6322,2,Shell-Side Fouled
2026-01-27 12:00:00,17.183,33.364,144.24,66.21,30.55,54.08,11.912,11.136,4.571,3.621,0.7754,0.9505,3284.83,58.75,447.28,0.000784,0.6864,2,Shell-Side Fouled
2026-01-27 12:15:00,18.055,30.8,146.38,64.04,27.51,55.77,12.265,11.428,4.462,3.508,0.8368,0.954,3642.42,59.53,489.49,0.000534,0.6927,2,Shell-Side Fouled
2026-01-27 12:30:00,18.146,30.587,142.88,63.31,29.91,57.56,11.857,10.978,4.465,3.737,0.879,0.7278,3537.75,55.36,511.22,0.000516,0.7044,2,Shell-Side Fouled
2026-01-27 12:45:00,19.079,30.919,150.14,69.95,28.87,57.85,11.969,11.032,4.506,3.547,0.9375,0.9585,3748.34,63.27,473.94,0.000645,0.6612,2,Shell-Side Fouled
2026-01-27 13:00:00,17.68,33.18,143.02,66.06,28.48,52.5,12.04,11.222,4.579,3.56,0.8187,1.019,3333.69,60.22,442.87,0.000779,0.6719,2,Shell-Side Fouled
2026-01-27 13:15:00,18.133,29.834,146.94,62.21,24.92,55.08,11.861,11.028,4.495,3.573,0.833,0.9225,3764.33,60.53,497.52,0.000579,0.6944,2,Shell-Side Fouled
2026-01-27 13:30:00,18.951,33.494,143.62,67.46,26.48,51.71,12.073,11.152,4.451,3.351,0.9211,1.1005,3536.11,63.06,448.63,0.000736,0.6501,2,Shell-Side Fouled
2026-01-27 13:45:00,16.601,31.185,146.61,64.7,30.46,55.99,11.962,11.232,4.503,3.691,0.7303,0.8116,3331.71,57.93,460.13,0.000674,0.7052,2,Shell-Side Fouled
2026-01-27 14:00:00,18.316,29.536,147.92,69.01,26.03,54.68,11.88,10.987,4.48,3.808,0.8928,0.6722,3540.86,64.9,436.45,0.000789,0.6473,2,Shell-Side Fouled
2026-01-27 14:15:00,17.939,32.39,141.99,61.41,25.42,51.55,12.428,11.602,4.51,3.575,0.8262,0.9354,3541.61,59.09,479.46,0.000621,0.6912,2,Shell-Side Fouled
2026-01-27 14:30:00,18.296,31.642,143.39,64.06,26.89,53.75,11.94,11.066,4.335,3.437,0.8745,0.8986,3555.76,59.61,477.22,0.000617,0.6809,2,Shell-Side Fouled
2026-01-27 14:45:00,17.432,32.761,148.6,65.34,28.08,54.02,11.757,10.966,4.412,3.349,0.7915,1.0625,3555.81,61.54,462.27,0.000665,0.6908,2,Shell-Side Fouled
2026-01-27 15:00:00,16.448,35.219,139.19,55.48,25.25,48.14,12.359,11.679,4.502,3.245,0.68,1.2569,3373.66,55.16,489.27,0.000597,0.7347,2,Shell-Side Fouled
2026-01-27 15:15:00,19.551,30.53,145.71,69.76,30.14,58.62,11.522,10.568,4.466,3.533,0.9537,0.9331,3637.69,60.28,482.81,0.000609,0.6571,2,Shell-Side Fouled
2026-01-27 15:30:00,19.033,31.876,144.75,72.29,29.54,54.88,12.059,11.168,4.565,3.504,0.8906,1.0606,3379.1,63.42,426.25,0.000851,0.629,2,Shell-Side Fouled
2026-01-27 15:45:00,19.821,31.596,147.22,70.17,27.5,55.8,11.982,10.992,4.675,3.698,0.9895,0.9773,3741.51,63.98,467.81,0.000658,0.6435,2,Shell-Side Fouled
2026-01-27 16:00:00,17.965,31.788,144.9,69.11,29.76,54.85,12.304,11.461,4.565,3.637,0.8431,0.9284,3335.93,61.24,435.81,0.000779,0.6583,2,Shell-Side Fouled
2026-01-27 16:15:00,18.138,33.235,142.21,66.35,28.75,53.0,11.883,11.009,4.465,3.597,0.8739,0.8683,3371.08,59.74,451.46,0.000751,0.6686,2,Shell-Side Fouled
2026-01-27 16:30:00,17.634,30.043,145.61,67.21,28.64,55.58,12.137,11.336,4.425,3.481,0.8013,0.944,3387.18,60.71,446.36,0.000768,0.6703,2,Shell-Side Fouled
2026-01-27 16:45:00,18.722,32.183,146.0,67.87,29.04,55.66,11.78,10.878,4.478,3.546,0.9021,0.9326,3583.89,61.0,470.02,0.000673,0.668,2,Shell-Side Fouled
2026-01-27 17:00:00,16.376,31.546,141.83,64.19,29.13,52.73,11.993,11.309,4.408,3.521,0.6835,0.8863,3115.04,57.94,430.11,0.000825,0.6889,2,Shell-Side Fouled
2026-01-27 17:15:00,16.483,31.915,144.37,60.78,29.55,54.83,12.047,11.326,4.554,3.567,0.7205,0.987,3375.81,55.36,487.87,0.000563,0.728,2,Shell-Side Fouled
2026-01-27 17:30:00,17.232,31.754,145.34,62.63,30.21,56.49,12.025,11.264,4.561,3.544,0.7608,1.0172,3491.98,55.97,499.11,0.000532,0.7184,2,Shell-Side Fouled
2026-01-27 17:45:00,19.903,27.922,147.78,71.57,25.43,57.25,12.062,11.044,4.736,3.931,1.0173,0.8042,3716.46,65.86,451.43,0.000743,0.6229,2,Shell-Side Fouled
2026-01-27 18:00:00,17.158,31.786,143.95,65.43,28.2,53.02,11.858,11.069,4.479,3.56,0.7893,0.9186,3300.73,60.13,439.13,0.000816,0.6784,2,Shell-Side Fouled
2026-01-27 18:15:00,18.598,31.678,147.56,67.06,29.73,57.4,11.726,10.847,4.562,3.589,0.8781,0.9726,3667.94,59.92,489.72,0.000596,0.6831,2,Shell-Side Fouled
2026-01-27 18:30:00,19.185,30.221,147.89,66.65,24.96,55.15,12.265,11.315,4.555,3.837,0.9501,0.7179,3818.39,63.85,478.39,0.000627,0.6608,2,Shell-Side Fouled
2026-01-27 18:45:00,17.905,32.228,143.18,63.85,28.41,54.21,11.877,11.028,4.6,3.818,0.8493,0.7821,3479.89,58.16,478.66,0.000668,0.6912,2,Shell-Side Fouled
2026-01-27 19:00:00,17.989,32.154,140.53,66.32,28.94,53.25,12.017,11.168,4.6,3.679,0.8488,0.9211,3270.79,58.85,444.65,0.000852,0.665,2,Shell-Side Fouled
2026-01-27 19:15:00,17.652,30.942,144.03,67.07,29.03,54.74,11.785,10.972,4.655,3.784,0.8126,0.8712,3328.61,60.07,443.32,0.000817,0.6692,2,Shell-Side Fouled
2026-01-27 19:30:00,16.237,32.731,146.48,58.67,25.22,50.72,11.763,11.073,4.706,3.891,0.6892,0.8156,3492.74,59.24,471.65,0.000685,0.7241,2,Shell-Side Fouled
2026-01-27 19:45:00,15.965,31.585,137.3,56.45,25.38,49.31,11.891,11.211,4.433,3.475,0.68,0.9582,3162.26,54.68,462.68,0.000692,0.7224,2,Shell-Side Fouled
2026-01-27 20:00:00,18.456,31.962,142.3,67.37,29.62,54.96,12.145,11.246,4.414,3.425,0.8994,0.9885,3387.72,59.12,458.43,0.000691,0.665,2,Shell-Side Fouled
2026-01-27 20:15:00,18.636,31.872,145.02,70.6,31.82,57.3,12.008,11.149,4.417,3.446,0.8592,0.9708,3397.71,59.96,453.32,0.000714,0.6574,2,Shell-Side Fouled
2026-01-27 20:30:00,18.533,34.511,147.28,64.47,27.56,53.6,12.194,11.311,4.464,3.478,0.8839,0.9862,3760.18,60.95,493.52,0.00058,0.6917,2,Shell-Side Fouled
2026-01-27 20:45:00,18.663,33.57,141.89,69.19,28.9,52.57,11.737,10.84,4.578,3.609,0.8968,0.9685,3324.3,61.58,431.84,0.000882,0.6434,2,Shell-Side Fouled
2026-01-27 21:00:00,20.226,32.622,144.51,69.28,28.47,55.78,11.879,10.82,4.762,3.835,1.059,0.9271,3728.16,61.7,483.41,0.00066,0.6483,2,Shell-Side Fouled
2026-01-27 21:15:00,17.352,30.064,145.74,68.97,30.19,56.13,11.89,11.119,4.721,3.9,0.7711,0.8204,3263.87,60.69,430.23,0.000832,0.6644,2,Shell-Side Fouled
2026-01-27 21:30:00,18.385,33.145,146.89,64.65,27.64,54.35,11.808,10.932,4.655,3.744,0.8754,0.9109,3704.2,60.6,489.03,0.000548,0.6896,2,Shell-Side Fouled
2026-01-27 21:45:00,18.292,32.414,146.07,71.31,30.71,55.41,11.645,10.757,4.574,3.735,0.8886,0.8398,3350.54,62.31,430.14,0.000867,0.6481,2,Shell-Side Fouled
2026-01-27 22:00:00,21.09,32.229,145.07,74.64,27.73,54.71,12.111,11.016,4.497,3.587,1.0949,0.9096,3639.05,66.28,439.26,0.00082,0.6002,2,Shell-Side Fouled
2026-01-27 22:15:00,18.633,31.304,148.91,72.82,27.85,54.37,12.125,11.239,4.43,3.542,0.8861,0.8883,3473.62,66.72,416.51,0.000857,0.6285,2,Shell-Side Fouled
2026-01-27 22:30:00,17.414,28.209,148.75,68.43,27.29,56.32,11.997,11.202,4.579,3.836,0.7944,0.7427,3426.73,63.36,432.64,0.000792,0.6613,2,Shell-Side Fouled
2026-01-27 22:45:00,17.693,29.727,143.99,60.82,27.48,56.46,11.813,11.031,4.395,3.653,0.7812,0.7414,3604.96,56.15,513.65,0.000486,0.7138,2,Shell-Side Fouled
2026-01-27 23:00:00,19.63,31.109,142.75,68.21,28.02,55.56,11.997,11.018,4.372,3.58,0.9784,0.7921,3584.87,60.69,472.53,0.000651,0.6497,2,Shell-Side Fouled
2026-01-27 23:15:00,20.616,33.395,143.87,72.85,31.44,57.11,11.761,10.702,4.419,3.389,1.0588,1.0298,3587.2,61.31,468.04,0.000662,0.6317,2,Shell-Side Fouled
2026-01-27 23:30:00,18.134,29.825,141.41,64.22,31.28,58.76,11.729,10.859,4.67,3.923,0.8706,0.7467,3429.66,54.03,507.8,0.000512,0.7009,2,Shell-Side Fouled
2026-01-27 23:45:00,16.566,30.783,141.58,60.63,28.28,53.79,11.735,11.044,4.302,3.494,0.6914,0.8079,3285.67,55.52,473.4,0.000634,0.7145,2,Shell-Side Fouled
2026-01-28 00:00:00,16.745,31.345,140.52,57.82,26.75,52.62,12.35,11.637,4.53,3.719,0.7137,0.8106,3392.83,54.65,496.68,0.000526,0.7269,2,Shell-Side Fouled
2026-01-28 00:15:00,18.103,32.396,145.59,66.06,27.51,53.54,11.853,11.015,4.447,3.553,0.8375,0.8945,3527.48,61.47,459.1,0.00073,0.6736,2,Shell-Side Fouled
2026-01-28 00:30:00,21.141,32.392,147.95,70.85,26.48,55.95,12.002,10.86,4.562,3.522,1.1424,1.0396,3993.76,65.32,489.13,0.000548,0.6347,2,Shell-Side Fouled
2026-01-28 00:45:00,18.687,30.725,142.66,69.83,29.11,55.05,11.959,11.049,4.541,3.701,0.9098,0.8399,3334.12,61.2,435.83,0.000746,0.6414,2,Shell-Side Fouled
2026-01-28 01:00:00,19.999,32.446,143.0,67.3,27.74,55.06,11.864,10.834,4.45,3.356,1.0304,1.0942,3709.35,60.57,489.96,0.000598,0.6568,2,Shell-Side Fouled
2026-01-28 01:15:00,17.266,31.27,140.79,65.98,28.19,52.38,12.189,11.432,4.737,3.783,0.7568,0.9536,3164.82,59.56,425.13,0.000843,0.6644,2,Shell-Side Fouled
2026-01-28 01:30:00,18.669,30.325,143.48,65.73,27.34,55.37,11.852,10.961,4.419,3.575,0.8909,0.8441,3556.46,59.85,475.41,0.000644,0.6695,2,Shell-Side Fouled
2026-01-28 01:45:00,20.096,36.029,151.33,72.51,26.22,51.96,11.763,10.742,4.456,3.43,1.0213,1.0259,3880.44,69.49,446.76,0.000772,0.63,2,Shell-Side Fouled
2026-01-28 02:00:00,18.516,29.861,140.87,63.37,26.58,54.72,12.082,11.175,4.54,3.719,0.9073,0.8213,3515.81,58.02,484.81,0.000619,0.6781,2,Shell-Side Fouled
2026-01-28 02:15:00,18.655,31.734,139.56,62.92,29.7,56.09,12.08,11.15,4.378,3.592,0.93,0.7867,3502.97,54.54,513.79,0.000517,0.6976,2,Shell-Side Fouled
2026-01-28 02:30:00,20.102,31.366,149.23,69.22,26.83,56.86,12.264,11.25,4.273,3.534,1.0137,0.7392,3940.56,64.16,491.31,0.000566,0.6537,2,Shell-Side Fouled
2026-01-28 02:45:00,18.779,30.801,148.35,68.41,27.71,56.25,12.144,11.244,4.544,3.785,0.8997,0.7594,3678.15,62.94,467.55,0.000649,0.6627,2,Shell-Side Fouled
2026-01-28 03:00:00,19.654,32.01,144.68,68.57,29.53,56.89,12.12,11.152,4.426,3.534,0.9681,0.8923,3665.22,60.16,487.43,0.000584,0.661,2,Shell-Side Fouled
2026-01-28 03:15:00,16.813,26.806,144.14,63.22,29.61,59.33,11.622,10.855,4.368,3.747,0.7671,0.621,3332.97,55.32,482.0,0.000599,0.7065,2,Shell-Side Fouled
2026-01-28 03:30:00,16.716,28.242,150.52,64.11,29.69,59.64,11.91,11.171,4.509,3.849,0.7385,0.6602,3538.85,58.15,486.85,0.000597,0.7151,2,Shell-Side Fouled
2026-01-28 03:45:00,19.981,31.438,143.44,67.48,25.09,53.36,12.014,10.989,4.538,3.616,1.0254,0.9218,3718.47,63.27,470.19,0.000647,0.6418,2,Shell-Side Fouled
2026-01-28 04:00:00,19.944,31.915,143.58,66.62,27.25,55.41,11.998,10.966,4.6,3.718,1.0315,0.8825,3760.41,60.52,497.06,0.000555,0.6616,2,Shell-Side Fouled
2026-01-28 04:15:00,17.96,29.594,143.71,68.39,30.27,57.04,11.994,11.156,4.423,3.678,0.838,0.7457,3314.32,59.11,448.55,0.000823,0.664,2,Shell-Side Fouled
2026-01-28 04:30:00,18.344,33.497,145.75,68.22,26.22,51.08,11.52,10.646,4.443,3.293,0.875,1.1499,3484.6,64.8,430.18,0.000795,0.6487,2,Shell-Side Fouled
2026-01-28 04:45:00,17.555,31.347,145.98,62.45,28.11,55.5,12.209,11.429,4.538,3.564,0.7803,0.9741,3592.76,57.95,496.02,0.000517,0.7087,2,Shell-Side Fouled
2026-01-28 05:00:00,17.593,29.686,145.05,68.53,29.46,56.01,11.885,11.084,4.55,3.787,0.801,0.7625,3298.1,60.66,434.95,0.000795,0.662,2,Shell-Side Fouled
2026-01-28 05:15:00,17.351,35.839,142.31,61.22,29.5,52.49,12.304,11.546,4.511,3.306,0.758,1.2047,3447.37,55.82,494.1,0.00053,0.7189,2,Shell-Side Fouled
2026-01-28 05:30:00,19.198,35.542,141.54,67.13,27.8,51.33,12.232,11.284,4.512,3.477,0.9485,1.0354,3500.1,61.29,456.85,0.000677,0.6542,2,Shell-Side Fouled
2026-01-28 05:45:00,15.424,32.152,140.67,57.05,28.42,51.91,12.037,11.422,4.493,3.485,0.6155,1.0081,3159.72,53.14,475.67,0.000645,0.7449,2,Shell-Side Fouled
2026-01-28 06:00:00,20.697,32.708,146.93,76.94,29.61,55.54,12.134,11.049,4.706,3.886,1.0846,0.8205,3548.86,66.96,423.98,0.000862,0.5965,2,Shell-Side Fouled
2026-01-28 06:15:00,18.589,33.007,145.38,65.55,26.66,52.98,12.14,11.223,4.491,3.555,0.9168,0.9366,3635.2,61.84,470.29,0.000564,0.6723,2,Shell-Side Fouled
2026-01-28 06:30:00,19.441,30.599,144.35,70.38,29.85,57.37,12.085,11.111,4.506,3.572,0.9746,0.9341,3523.31,60.82,463.42,0.000689,0.6461,2,Shell-Side Fouled
2026-01-28 06:45:00,17.178,30.39,141.37,63.57,29.85,55.6,11.856,11.103,4.54,3.675,0.7524,0.8649,3274.34,55.75,469.86,0.000654,0.6977,2,Shell-Side Fouled
2026-01-28 07:00:00,18.035,31.638,143.32,61.65,28.29,55.55,12.037,11.192,4.435,3.558,0.8447,0.8778,3608.68,56.24,513.32,0.000526,0.71,2,Shell-Side Fouled
2026-01-28 07:15:00,16.465,31.899,147.46,63.98,31.96,57.19,12.378,11.649,4.411,3.57,0.7289,0.8418,3367.39,56.21,479.28,0.0006,0.7227,2,Shell-Side Fouled
2026-01-28 07:30:00,20.965,29.632,144.89,73.72,24.9,54.39,12.066,10.955,4.366,3.577,1.1112,0.7886,3655.77,67.52,433.13,0.000804,0.5932,2,Shell-Side Fouled
2026-01-28 07:45:00,17.902,33.666,142.16,58.39,23.61,49.69,12.057,11.236,4.629,3.524,0.8204,1.1046,3674.12,59.0,498.21,0.000576,0.7066,2,Shell-Side Fouled
2026-01-28 08:00:00,17.193,30.387,147.39,64.32,28.02,55.54,12.254,11.484,4.552,3.618,0.77,0.9345,3499.25,59.83,467.87,0.000763,0.6959,2,Shell-Side Fouled
2026-01-28 08:15:00,18.822,30.232,147.54,68.28,29.09,57.99,11.962,11.051,4.411,3.582,0.911,0.829,3655.11,60.94,479.8,0.000618,0.6692,2,Shell-Side Fouled
2026-01-28 08:30:00,18.314,31.8,147.57,65.03,27.59,55.42,12.394,11.532,4.558,3.534,0.8622,1.024,3703.55,60.74,487.76,0.00058,0.6879,2,Shell-Side Fouled
2026-01-28 08:45:00,17.733,34.451,146.79,64.22,27.74,52.63,11.962,11.155,4.509,3.59,0.8069,0.9188,3587.51,60.83,471.79,0.000649,0.6936,2,Shell-Side Fouled
2026-01-28 09:00:00,18.225,35.372,143.6,67.91,28.21,51.04,11.942,11.083,4.544,3.487,0.8587,1.0565,3379.29,62.44,432.94,0.000804,0.6559,2,Shell-Side Fouled
2026-01-28 09:15:00,17.156,34.081,144.12,63.34,31.26,55.07,12.014,11.249,4.671,3.608,0.7648,1.0624,3395.45,55.8,486.81,0.00062,0.7158,2,Shell-Side Fouled
2026-01-28 09:30:00,18.14,29.487,146.05,69.32,26.24,53.88,12.088,11.237,4.558,3.806,0.8511,0.7519,3409.77,64.55,422.61,0.000886,0.6404,2,Shell-Side Fouled
2026-01-28 09:45:00,17.392,32.913,146.06,65.99,28.58,53.36,12.074,11.286,4.403,3.517,0.7883,0.8856,3412.18,60.93,448.05,0.000818,0.6816,2,Shell-Side Fouled
2026-01-28 10:00:00,18.906,29.604,142.83,68.28,25.88,53.76,12.049,11.098,4.612,3.923,0.9512,0.6883,3453.23,62.87,439.41,0.000811,0.6375,2,Shell-Side Fouled
2026-01-28 10:15:00,15.242,33.631,147.0,55.34,27.46,51.78,11.605,10.993,4.524,3.613,0.612,0.9114,3422.97,54.83,499.46,0.000541,0.7668,2,Shell-Side Fouled
2026-01-28 10:30:00,18.676,32.601,142.94,67.43,27.25,52.58,11.973,11.107,4.618,3.792,0.866,0.8259,3455.36,61.92,446.46,0.000719,0.6527,2,Shell-Side Fouled
2026-01-28 10:45:00,20.239,32.06,133.84,66.62,26.88,51.73,12.067,10.998,4.41,3.623,1.0693,0.7867,3332.68,58.38,456.66,0.000725,0.6284,2,Shell-Side Fouled
2026-01-28 11:00:00,17.906,33.364,145.06,65.76,28.09,53.01,11.69,10.833,4.429,3.344,0.8568,1.0848,3479.18,60.86,457.31,0.000732,0.678,2,Shell-Side Fouled
2026-01-28 11:15:00,17.751,29.358,142.82,64.02,29.09,56.99,11.76,10.935,4.396,3.651,0.8251,0.7447,3427.04,56.61,484.31,0.000562,0.6929,2,Shell-Side Fouled
2026-01-28 11:30:00,16.401,31.079,146.28,57.97,25.25,52.54,12.191,11.497,4.356,3.567,0.6933,0.7886,3548.58,57.97,489.75,0.000554,0.7297,2,Shell-Side Fouled
2026-01-28 11:45:00,18.451,30.91,146.14,66.59,28.31,56.12,11.866,11.002,4.504,3.725,0.864,0.7797,3596.17,60.51,475.45,0.000609,0.6751,2,Shell-Side Fouled
2026-01-28 12:00:00,19.262,30.403,147.5,66.39,27.55,57.65,12.186,11.23,4.487,3.577,0.9554,0.9101,3828.12,60.82,503.55,0.00054,0.6763,2,Shell-Side Fouled
2026-01-28 12:15:00,19.306,32.641,143.06,70.38,28.55,53.72,11.718,10.793,4.826,3.802,0.9258,1.0243,3437.81,62.61,439.25,0.000851,0.6347,2,Shell-Side Fouled
2026-01-28 12:30:00,18.363,30.452,143.0,66.71,25.87,52.81,12.05,11.186,4.462,3.615,0.8636,0.8471,3432.05,62.29,440.81,0.000826,0.6513,2,Shell-Side Fouled
2026-01-28 12:45:00,18.435,29.585,141.45,66.81,28.68,55.91,12.14,11.248,4.395,3.514,0.8919,0.8811,3370.9,58.68,459.59,0.000737,0.6618,2,Shell-Side Fouled
2026-01-28 13:00:00,21.368,30.418,144.88,72.64,27.15,56.87,11.925,10.742,4.792,3.974,1.1823,0.8185,3782.19,64.43,469.64,0.000641,0.6136,2,Shell-Side Fouled
2026-01-28 13:15:00,17.634,36.964,146.7,66.3,27.66,50.12,11.861,11.041,4.509,3.33,0.8194,1.1788,3473.5,63.25,439.34,0.000764,0.6754,2,Shell-Side Fouled
2026-01-28 13:30:00,18.344,32.23,146.33,63.98,25.79,53.23,11.909,11.049,4.192,3.191,0.8595,1.0008,3700.8,61.62,480.44,0.000601,0.6831,2,Shell-Side Fouled
2026-01-28 13:45:00,20.335,32.276,144.35,70.73,25.83,52.99,12.022,10.979,4.707,3.887,1.0425,0.8201,3667.53,65.4,448.63,0.000802,0.6211,2,Shell-Side Fouled
2026-01-28 14:00:00,19.713,33.732,146.3,68.37,26.5,53.17,11.808,10.8,4.411,3.403,1.0082,1.0082,3763.97,64.12,469.63,0.00068,0.6505,2,Shell-Side Fouled
2026-01-28 14:15:00,19.467,32.551,144.38,68.5,27.12,53.69,12.015,11.033,4.47,3.576,0.9821,0.8937,3619.22,62.85,460.71,0.000726,0.6471,2,Shell-Side Fouled
2026-01-28 14:30:00,19.68,32.615,150.51,72.83,27.65,55.09,12.222,11.212,4.355,3.338,1.0101,1.0171,3745.51,67.2,445.92,0.000826,0.6323,2,Shell-Side Fouled
2026-01-28 14:45:00,17.095,30.916,140.6,60.64,26.62,52.51,12.085,11.312,4.495,3.577,0.7729,0.9178,3348.6,56.84,471.34,0.000644,0.7015,2,Shell-Side Fouled
2026-01-28 15:00:00,20.351,34.087,141.29,68.62,27.87,53.28,12.291,11.209,4.478,3.278,1.0819,1.2006,3623.02,61.38,472.22,0.000678,0.6407,2,Shell-Side Fouled
2026-01-28 15:15:00,19.295,34.691,144.88,63.65,27.39,53.85,12.246,11.299,4.705,3.774,0.9473,0.931,3839.76,59.5,516.29,0.000528,0.6914,2,Shell-Side Fouled
2026-01-28 15:30:00,19.341,32.702,140.47,68.18,30.36,55.39,11.783,10.835,4.404,3.519,0.9481,0.885,3425.66,58.3,470.11,0.000578,0.6565,2,Shell-Side Fouled
2026-01-28 15:45:00,21.193,32.875,143.76,71.77,26.2,53.37,11.981,10.848,4.545,3.586,1.1327,0.959,3737.66,65.44,456.9,0.000702,0.6123,2,Shell-Side Fouled
2026-01-28 16:00:00,16.449,32.77,142.51,61.87,28.66,52.36,12.381,11.66,4.482,3.527,0.721,0.9549,3249.77,57.01,456.01,0.000732,0.7083,2,Shell-Side Fouled
2026-01-28 16:15:00,17.867,33.485,146.68,66.61,26.06,51.08,12.303,11.444,4.631,3.588,0.8586,1.0431,3505.29,64.19,436.87,0.000774,0.6639,2,Shell-Side Fouled
2026-01-28 16:30:00,19.386,34.497,144.51,70.33,27.83,52.24,11.899,10.96,4.411,3.471,0.9395,0.9403,3523.03,64.21,438.95,0.000827,0.6357,2,Shell-Side Fouled
2026-01-28 16:45:00,19.578,32.445,142.38,66.72,27.96,54.7,12.087,11.126,4.599,3.51,0.9614,1.0893,3628.93,59.93,484.45,0.00057,0.6612,2,Shell-Side Fouled
2026-01-28 17:00:00,19.213,33.892,144.77,66.11,25.89,52.0,12.134,11.209,4.516,3.515,0.9251,1.0004,3702.71,62.88,471.11,0.000667,0.6617,2,Shell-Side Fouled
2026-01-28 17:15:00,16.655,33.849,144.35,60.0,28.13,52.43,11.853,11.109,4.335,3.48,0.7442,0.8552,3442.03,56.69,485.72,0.000572,0.7258,2,Shell-Side Fouled
2026-01-28 17:30:00,16.696,32.087,143.01,61.06,29.98,54.95,12.03,11.303,4.556,3.703,0.7271,0.8533,3352.1,54.71,490.15,0.00057,0.725,2,Shell-Side Fouled
2026-01-28 17:45:00,17.901,35.316,146.2,68.88,30.31,53.26,11.873,11.058,4.454,3.517,0.8155,0.9369,3391.03,61.82,438.8,0.000841,0.6672,2,Shell-Side Fouled
2026-01-28 18:00:00,21.512,29.171,148.51,78.55,27.3,57.51,11.933,10.761,4.527,3.817,1.1726,0.71,3687.31,69.23,426.07,0.00082,0.5772,2,Shell-Side Fouled
2026-01-28 18:15:00,17.733,31.696,144.7,66.2,29.48,55.2,12.081,11.28,4.592,3.635,0.8013,0.9567,3410.47,59.24,460.53,0.000684,0.6813,2,Shell-Side Fouled
2026-01-28 18:30:00,16.657,33.961,144.69,64.66,30.18,53.17,11.819,11.084,4.319,3.314,0.7359,1.0045,3266.08,58.43,447.17,0.000788,0.6989,2,Shell-Side Fouled
2026-01-28 18:45:00,18.125,32.93,146.16,70.5,30.36,54.75,11.925,11.047,4.316,3.243,0.8784,1.0721,3360.21,62.3,431.49,0.000889,0.6534,2,Shell-Side Fouled
2026-01-28 19:00:00,18.472,34.118,146.38,64.19,27.02,53.07,11.953,11.046,4.562,3.461,0.9076,1.1004,3719.76,60.99,487.89,0.000623,0.6886,2,Shell-Side Fouled
2026-01-28 19:15:00,18.401,31.758,145.78,64.99,30.04,57.46,11.878,11.011,4.431,3.534,0.8665,0.8971,3642.43,57.56,506.21,0.000543,0.6981,2,Shell-Side Fouled
2026-01-28 19:30:00,18.426,29.333,145.27,67.39,26.87,55.51,11.476,10.577,4.492,3.664,0.8993,0.8279,3515.62,61.92,454.24,0.000789,0.6577,2,Shell-Side Fouled
2026-01-28 19:45:00,16.959,34.919,148.17,61.01,27.45,52.24,12.136,11.388,4.558,3.571,0.7481,0.9871,3621.35,59.38,487.85,0.000624,0.722,2,Shell-Side Fouled
2026-01-28 20:00:00,19.573,32.495,145.05,64.73,26.04,54.37,11.658,10.708,4.437,3.421,0.9503,1.0152,3851.27,61.04,504.76,0.000537,0.6749,2,Shell-Side Fouled
2026-01-28 20:15:00,19.344,31.322,144.18,69.54,27.03,54.03,11.834,10.9,4.535,3.589,0.9347,0.9465,3537.58,63.37,446.6,0.000785,0.6372,2,Shell-Side Fouled
2026-01-28 20:30:00,16.795,35.395,145.25,61.83,27.73,50.91,12.191,11.464,4.293,3.005,0.7264,1.288,3432.4,59.2,463.84,0.00072,0.7098,2,Shell-Side Fouled
2026-01-28 20:45:00,20.475,34.777,141.48,74.02,29.52,52.78,12.359,11.279,4.503,3.371,1.0805,1.1323,3384.11,64.08,422.52,0.000845,0.6026,2,Shell-Side Fouled
2026-01-28 21:00:00,19.678,30.616,145.99,68.66,30.34,59.44,11.668,10.703,4.591,3.633,0.9651,0.9581,3728.39,59.2,503.86,0.000529,0.6687,2,Shell-Side Fouled
2026-01-28 21:15:00,16.359,34.217,144.07,62.15,28.85,51.79,11.903,11.207,4.384,3.217,0.6957,1.1664,3283.52,57.86,454.01,0.000754,0.7111,2,Shell-Side Fouled
2026-01-28 21:30:00,19.773,34.326,146.9,70.73,27.44,53.13,12.012,10.995,4.657,3.47,1.0169,1.1868,3689.65,65.31,451.95,0.000716,0.6376,2,Shell-Side Fouled
2026-01-28 21:45:00,18.988,31.744,144.03,67.42,29.9,56.73,11.982,11.061,4.378,3.473,0.9206,0.9058,3563.71,58.95,483.66,0.000563,0.6712,2,Shell-Side Fouled
2026-01-28 22:00:00,21.386,31.128,146.14,74.01,30.81,59.83,11.81,10.631,4.469,3.688,1.1783,0.7811,3778.93,62.29,485.34,0.000638,0.6254,2,Shell-Side Fouled
2026-01-28 22:15:00,17.967,33.672,145.28,67.9,26.81,50.99,12.082,11.228,4.581,3.581,0.8536,0.9998,3406.12,64.05,425.43,0.000879,0.6532,2,Shell-Side Fouled
2026-01-28 22:30:00,17.591,30.594,142.74,64.63,27.64,53.94,12.001,11.21,4.367,3.594,0.7902,0.773,3366.45,59.16,455.24,0.000745,0.6787,2,Shell-Side Fouled
2026-01-28 22:45:00,19.806,35.231,146.1,66.52,27.75,53.94,11.9,10.892,4.591,3.582,1.0072,1.0095,3861.55,61.66,501.0,0.000559,0.6724,2,Shell-Side Fouled
2026-01-28 23:00:00,18.316,33.785,145.77,66.14,28.42,53.7,12.07,11.182,4.547,3.617,0.8889,0.93,3573.45,60.9,469.39,0.000687,0.6786,2,Shell-Side Fouled
2026-01-28 23:15:00,19.058,34.112,139.32,68.21,29.28,52.54,12.395,11.463,4.438,3.539,0.9319,0.8991,3320.2,59.69,444.98,0.000752,0.6462,2,Shell-Side Fouled
2026-01-28 23:30:00,17.551,32.649,145.71,67.4,30.5,55.15,12.233,11.427,4.447,3.575,0.8058,0.8719,3367.4,59.77,450.69,0.000726,0.6797,2,Shell-Side Fouled
2026-01-28 23:45:00,19.315,30.836,144.91,68.46,27.97,56.01,12.037,11.102,4.566,3.579,0.9351,0.9873,3617.7,61.56,470.16,0.000649,0.6537,2,Shell-Side Fouled
2026-01-29 00:00:00,17.647,32.113,147.14,68.23,29.67,55.06,11.693,10.861,4.464,3.58,0.8322,0.8836,3411.75,61.49,443.89,0.000737,0.6717,2,Shell-Side Fouled
2026-01-29 00:15:00,20.375,31.165,144.23,72.76,27.8,55.16,11.693,10.639,4.324,3.528,1.0539,0.7956,3567.32,64.52,442.3,0.000808,0.6138,2,Shell-Side Fouled
2026-01-29 00:30:00,19.858,32.661,148.67,74.75,27.78,54.09,11.957,10.927,4.507,3.48,1.0301,1.0263,3596.16,68.03,422.91,0.000846,0.6114,2,Shell-Side Fouled
2026-01-29 00:45:00,18.159,32.483,141.3,66.41,26.28,50.8,12.226,11.347,4.299,3.491,0.879,0.8087,3331.84,61.94,430.35,0.000875,0.6511,2,Shell-Side Fouled
2026-01-29 01:00:00,19.25,32.105,144.73,65.93,27.65,55.32,12.14,11.213,4.427,3.487,0.9274,0.94,3716.27,60.27,493.25,0.000556,0.673,2,Shell-Side Fouled
2026-01-29 01:15:00,16.336,35.465,144.15,58.33,26.7,49.85,11.943,11.228,4.556,3.551,0.7153,1.0046,3434.81,57.37,478.96,0.000645,0.7307,2,Shell-Side Fouled
2026-01-29 01:30:00,18.702,33.741,149.78,71.96,29.79,55.04,12.184,11.27,4.419,3.368,0.9149,1.0517,3565.75,64.95,439.21,0.000818,0.6485,2,Shell-Side Fouled
2026-01-29 01:45:00,18.144,32.383,145.69,64.2,28.37,55.1,12.192,11.341,4.587,3.597,0.8508,0.9894,3622.81,59.04,490.92,0.000565,0.6946,2,Shell-Side Fouled
2026-01-29 02:00:00,19.215,33.052,148.43,70.51,28.58,55.1,12.265,11.335,4.523,3.654,0.9303,0.869,3668.21,64.24,456.82,0.000749,0.6501,2,Shell-Side Fouled
2026-01-29 02:15:00,19.792,30.471,145.61,68.17,27.6,57.06,12.413,11.423,4.625,3.798,0.9903,0.8267,3755.15,61.47,488.68,0.000638,0.6562,2,Shell-Side Fouled
2026-01-29 02:30:00,17.309,31.97,147.97,65.44,29.27,55.44,12.443,11.657,4.5,3.614,0.786,0.8861,3500.08,60.0,466.66,0.000615,0.6953,2,Shell-Side Fouled
2026-01-29 02:45:00,21.61,30.489,143.93,73.87,26.84,55.91,11.872,10.712,4.587,3.685,1.1601,0.902,3709.05,65.4,453.71,0.000752,0.5983,2,Shell-Side Fouled
2026-01-29 03:00:00,22.973,33.39,145.27,79.57,29.01,55.48,11.879,10.577,4.526,3.676,1.3027,0.8501,3697.78,68.31,433.08,0.000827,0.5651,2,Shell-Side Fouled
2026-01-29 03:15:00,16.829,29.774,142.15,65.27,29.43,54.87,12.298,11.588,4.346,3.644,0.7095,0.7023,3169.71,57.79,438.79,0.000862,0.682,2,Shell-Side Fouled
2026-01-29 03:30:00,18.81,33.145,142.09,60.69,25.28,52.33,11.839,10.913,4.543,3.668,0.9265,0.8749,3751.17,58.43,513.61,0.000534,0.6969,2,Shell-Side Fouled
2026-01-29 03:45:00,17.601,31.969,140.17,65.55,30.25,54.31,12.005,11.188,4.592,3.585,0.8163,1.0065,3217.99,56.89,452.54,0.000731,0.6789,2,Shell-Side Fouled
2026-01-29 04:00:00,17.285,30.672,148.13,67.28,30.71,57.39,11.751,10.988,4.54,3.541,0.763,0.9983,3423.5,59.61,459.47,0.000682,0.6885,2,Shell-Side Fouled
2026-01-29 04:15:00,18.924,32.679,143.5,66.69,27.78,53.83,12.158,11.218,4.598,3.619,0.9401,0.9795,3561.39,60.8,468.63,0.000626,0.6638,2,Shell-Side Fouled
2026-01-29 04:30:00,18.098,36.151,147.98,64.73,29.1,53.5,12.064,11.236,4.499,3.426,0.8278,1.0728,3691.29,60.35,489.33,0.000556,0.7003,2,Shell-Side Fouled
2026-01-29 04:45:00,18.378,31.954,143.45,68.68,28.74,53.92,11.962,11.095,4.521,3.468,0.8672,1.0531,3366.45,61.43,438.39,0.000785,0.6518,2,Shell-Side Fouled
2026-01-29 05:00:00,18.386,33.068,147.03,67.8,29.38,55.18,12.355,11.475,4.566,3.598,0.8802,0.9685,3569.21,61.3,465.79,0.000632,0.6735,2,Shell-Side Fouled
2026-01-29 05:15:00,17.501,31.264,149.52,67.15,27.55,54.55,12.082,11.298,4.334,3.396,0.7847,0.9384,3531.77,63.29,446.4,0.000733,0.6754,2,Shell-Side Fouled
2026-01-29 05:30:00,18.775,30.117,146.99,64.15,24.71,54.95,11.874,10.957,4.496,3.56,0.9173,0.9361,3810.17,62.07,491.09,0.000537,0.6774,2,Shell-Side Fouled
2026-01-29 05:45:00,18.851,30.393,138.63,67.87,26.64,52.34,11.798,10.851,4.439,3.578,0.9475,0.8602,3268.05,61.01,428.51,0.000834,0.6318,2,Shell-Side Fouled
2026-01-29 06:00:00,17.423,32.106,148.91,66.17,25.62,51.92,12.27,11.488,4.4,3.466,0.7813,0.9342,3531.94,64.72,436.58,0.00081,0.6711,2,Shell-Side Fouled
2026-01-29 06:15:00,18.296,32.999,147.21,62.15,27.95,55.56,12.087,11.231,4.514,3.614,0.856,0.9006,3812.4,58.28,523.31,0.000492,0.7132,2,Shell-Side Fouled
2026-01-29 06:30:00,18.971,31.695,144.75,71.36,31.66,57.38,12.247,11.303,4.602,3.547,0.9439,1.0549,3411.09,60.43,451.56,0.000753,0.649,2,Shell-Side Fouled
2026-01-29 06:45:00,18.614,31.285,145.68,64.74,27.21,55.41,12.141,11.207,4.298,3.334,0.9332,0.9646,3691.21,60.09,491.4,0.000606,0.6832,2,Shell-Side Fouled
2026-01-29 07:00:00,18.451,32.344,148.98,68.68,31.64,58.46,11.963,11.112,4.554,3.733,0.8506,0.8211,3629.73,59.85,485.15,0.000649,0.6843,2,Shell-Side Fouled
2026-01-29 07:15:00,18.881,34.162,145.55,65.7,28.75,54.59,12.15,11.24,4.511,3.471,0.91,1.0401,3693.58,59.95,492.87,0.000575,0.6836,2,Shell-Side Fouled
2026-01-29 07:30:00,18.454,31.108,147.59,68.78,28.37,55.74,12.095,11.225,4.481,3.636,0.8698,0.8445,3562.99,62.65,454.98,0.000713,0.661,2,Shell-Side Fouled
2026-01-29 07:45:00,19.792,33.28,145.24,72.92,30.49,55.68,12.252,11.289,4.655,3.613,0.9625,1.0414,3506.92,63.08,444.73,0.000801,0.6303,2,Shell-Side Fouled
2026-01-29 08:00:00,19.202,31.37,146.53,65.7,27.5,56.48,12.173,11.256,4.412,3.475,0.9173,0.9366,3802.89,60.47,503.14,0.000548,0.6791,2,Shell-Side Fouled
2026-01-29 08:15:00,16.804,27.302,145.92,60.42,27.73,58.55,11.721,11.002,4.448,3.824,0.7185,0.6243,3520.05,55.62,506.34,0.000517,0.7234,2,Shell-Side Fouled
2026-01-29 08:30:00,17.596,30.169,144.05,60.72,27.04,55.5,11.786,10.987,4.577,3.647,0.7988,0.9295,3592.48,56.76,506.32,0.000506,0.7122,2,Shell-Side Fouled
2026-01-29 08:45:00,20.586,31.705,143.7,72.64,28.51,55.53,12.026,10.959,4.45,3.528,1.0669,0.922,3583.73,63.63,450.58,0.000764,0.6169,2,Shell-Side Fouled
2026-01-29 09:00:00,21.196,30.987,142.34,70.66,28.82,57.53,11.95,10.871,4.567,3.798,1.0796,0.768,3722.02,60.81,489.64,0.000644,0.6314,2,Shell-Side Fouled
2026-01-29 09:15:00,19.62,30.658,149.68,68.78,25.94,56.26,12.202,11.26,4.292,3.434,0.9412,0.8573,3888.78,64.88,479.53,0.000579,0.6538,2,Shell-Side Fouled
2026-01-29 09:30:00,18.559,32.736,145.43,65.03,29.43,56.12,11.985,11.066,4.601,3.771,0.9185,0.8306,3655.79,58.39,500.86,0.000567,0.6931,2,Shell-Side Fouled
2026-01-29 09:45:00,17.433,30.255,148.32,64.21,29.91,58.29,11.987,11.16,4.734,3.905,0.8273,0.8295,3592.45,57.75,497.63,0.000553,0.7103,2,Shell-Side Fouled
2026-01-29 10:00:00,16.902,33.084,143.73,66.31,31.64,54.8,12.189,11.465,4.447,3.312,0.7232,1.1353,3206.26,57.6,445.28,0.000789,0.6907,2,Shell-Side Fouled
2026-01-29 10:15:00,14.377,31.204,141.01,56.23,27.25,50.12,11.985,11.404,4.38,3.558,0.5811,0.8221,2986.07,54.17,441.02,0.000703,0.7452,2,Shell-Side Fouled
2026-01-29 10:30:00,17.951,29.703,142.98,66.39,30.55,57.66,12.045,11.191,4.579,3.751,0.8538,0.8281,3368.73,57.05,472.42,0.000656,0.6813,2,Shell-Side Fouled
2026-01-29 10:45:00,19.348,34.423,146.01,68.33,25.3,50.87,12.327,11.365,4.406,3.413,0.9618,0.9922,3682.43,65.67,448.6,0.000772,0.6436,2,Shell-Side Fouled
2026-01-29 11:00:00,19.05,34.607,146.35,66.2,27.89,53.72,12.039,11.131,4.652,3.663,0.9081,0.9894,3740.85,61.52,486.42,0.000617,0.6766,2,Shell-Side Fouled
2026-01-29 11:15:00,17.913,27.758,146.19,69.02,28.19,57.35,11.618,10.778,4.43,3.667,0.8396,0.7631,3386.78,61.76,438.7,0.000747,0.654,2,Shell-Side Fouled
2026-01-29 11:30:00,18.489,32.334,147.39,65.96,29.76,57.03,11.922,11.02,4.359,3.592,0.9022,0.7673,3688.7,59.21,498.4,0.000544,0.6923,2,Shell-Side Fouled
2026-01-29 11:45:00,17.695,30.265,148.13,66.61,27.69,55.59,11.897,11.047,4.554,3.814,0.8501,0.7398,3533.89,61.91,456.67,0.0007,0.6768,2,Shell-Side Fouled
2026-01-29 12:00:00,18.281,30.886,140.19,63.63,29.55,56.09,12.484,11.627,4.456,3.584,0.8569,0.8717,3428.96,55.37,495.44,0.000534,0.692,2,Shell-Side Fouled
2026-01-29 12:15:00,20.024,32.657,142.28,67.67,27.14,53.93,12.05,11.058,4.388,3.477,0.9921,0.9104,3660.32,61.37,477.16,0.000586,0.648,2,Shell-Side Fouled
2026-01-29 12:30:00,17.424,27.577,144.67,65.26,30.47,59.85,12.007,11.195,4.363,3.69,0.8116,0.6728,3390.13,56.14,483.13,0.000574,0.6954,2,Shell-Side Fouled
2026-01-29 12:45:00,17.577,34.101,142.69,60.79,25.83,50.55,11.827,11.055,4.577,3.408,0.772,1.1689,3526.93,59.0,478.21,0.000656,0.7009,2,Shell-Side Fouled
2026-01-29 13:00:00,16.947,32.478,149.85,62.2,29.19,55.97,11.774,11.005,4.431,3.411,0.7695,1.0195,3638.89,58.24,499.89,0.000576,0.7264,2,Shell-Side Fouled
2026-01-29 13:15:00,18.049,31.351,145.16,67.24,27.46,53.73,12.177,11.341,4.345,3.456,0.8356,0.8892,3445.65,62.06,444.19,0.000763,0.6621,2,Shell-Side Fouled
2026-01-29 13:30:00,17.168,28.816,143.7,66.13,27.66,54.72,12.094,11.315,4.47,3.71,0.7792,0.7597,3262.41,60.24,433.25,0.000858,0.6684,2,Shell-Side Fouled
2026-01-29 13:45:00,19.623,34.624,146.15,65.4,28.45,55.25,12.022,11.063,4.489,3.574,0.9591,0.9156,3882.36,59.93,518.27,0.000476,0.6861,2,Shell-Side Fouled
2026-01-29 14:00:00,17.086,32.855,142.6,65.96,28.05,51.39,12.1,11.346,4.559,3.489,0.7546,1.07,3208.32,60.71,422.76,0.000825,0.669,2,Shell-Side Fouled
2026-01-29 14:15:00,19.716,31.954,140.99,67.12,27.86,54.55,12.177,11.199,4.548,3.609,0.9783,0.9388,3568.19,59.78,477.51,0.000619,0.653,2,Shell-Side Fouled
2026-01-29 14:30:00,19.88,33.106,147.41,69.59,28.45,55.82,11.831,10.849,4.439,3.587,0.9821,0.8513,3790.12,63.03,481.02,0.000587,0.6542,2,Shell-Side Fouled
2026-01-29 14:45:00,20.47,33.183,143.07,69.13,28.23,54.93,12.33,11.264,4.562,3.633,1.066,0.9282,3707.84,61.53,482.1,0.000554,0.6438,2,Shell-Side Fouled
2026-01-29 15:00:00,17.75,30.836,145.11,64.3,28.11,55.35,11.808,11.005,4.475,3.641,0.8029,0.8343,3514.25,58.97,476.72,0.000641,0.6907,2,Shell-Side Fouled
2026-01-29 15:15:00,18.576,33.216,144.45,70.92,30.67,54.75,12.0,11.106,4.619,3.591,0.8939,1.0286,3346.32,61.71,433.83,0.000844,0.6462,2,Shell-Side Fouled
2026-01-29 15:30:00,18.187,31.512,141.74,61.59,26.79,53.87,12.412,11.528,4.38,3.495,0.8845,0.8849,3571.25,57.3,498.61,0.000521,0.6972,2,Shell-Side Fouled
2026-01-29 15:45:00,20.02,31.518,146.53,68.95,26.28,55.13,11.856,10.832,4.383,3.507,1.0232,0.8756,3805.0,63.97,475.85,0.000629,0.6451,2,Shell-Side Fouled
2026-01-29 16:00:00,19.682,31.114,142.01,67.35,29.76,57.42,12.018,10.981,4.689,3.756,1.0369,0.9327,3600.41,57.95,497.07,0.000546,0.6652,2,Shell-Side Fouled
2026-01-29 16:15:00,16.977,30.195,144.31,61.36,30.28,57.59,11.963,11.2,4.657,3.73,0.7631,0.9269,3450.15,54.23,508.98,0.000507,0.7274,2,Shell-Side Fouled
2026-01-29 16:30:00,17.82,31.0,145.87,70.33,30.91,56.34,11.692,10.861,4.297,3.454,0.8305,0.8428,3298.25,61.09,431.95,0.000846,0.6571,2,Shell-Side Fouled
2026-01-29 16:45:00,16.42,33.132,144.23,64.17,27.88,51.11,12.085,11.383,4.521,3.653,0.7025,0.8675,3220.52,60.31,427.18,0.000851,0.688,2,Shell-Side Fouled
2026-01-29 17:00:00,16.371,31.586,142.3,58.02,26.1,51.68,12.107,11.385,4.458,3.684,0.7219,0.7745,3380.44,56.26,480.72,0.000621,0.7253,2,Shell-Side Fouled
2026-01-29 17:15:00,18.283,29.393,143.74,66.38,29.27,57.45,11.845,10.955,4.352,3.442,0.8906,0.9098,3465.37,58.28,475.69,0.000608,0.6758,2,Shell-Side Fouled
2026-01-29 17:30:00,19.448,31.197,146.4,68.89,27.26,55.55,11.774,10.759,4.446,3.678,1.015,0.7674,3692.7,63.07,468.39,0.000613,0.6505,2,Shell-Side Fouled
2026-01-29 17:45:00,17.546,31.32,138.87,62.79,30.15,55.11,12.267,11.456,4.511,3.699,0.811,0.8116,3270.65,54.24,482.37,0.000612,0.6998,2,Shell-Side Fouled
2026-01-29 18:00:00,18.917,33.762,140.94,65.19,30.77,55.62,12.231,11.284,4.551,3.465,0.9478,1.0862,3510.93,56.07,500.94,0.000534,0.6876,2,Shell-Side Fouled
2026-01-29 18:15:00,19.054,34.379,138.27,63.66,28.66,52.87,12.145,11.222,4.329,3.295,0.9233,1.034,3483.24,56.5,493.18,0.000566,0.6807,2,Shell-Side Fouled
2026-01-29 18:30:00,18.824,34.365,142.71,67.12,28.01,52.26,11.901,10.986,4.473,3.318,0.9152,1.1549,3485.89,61.24,455.4,0.000739,0.659,2,Shell-Side Fouled
2026-01-29 18:45:00,16.743,35.119,146.55,61.66,28.27,51.97,11.939,11.212,4.761,3.82,0.7271,0.9402,3482.17,58.76,474.06,0.000658,0.7177,2,Shell-Side Fouled
2026-01-29 19:00:00,17.725,33.809,147.46,61.92,27.92,54.18,12.116,11.287,4.563,3.566,0.8287,0.9972,3714.5,58.74,505.89,0.000499,0.7155,2,Shell-Side Fouled
2026-01-29 19:15:00,15.513,30.818,147.1,56.66,28.09,54.75,12.138,11.498,4.509,3.644,0.6394,0.8647,3437.4,54.36,505.9,0.000543,0.76,2,Shell-Side Fouled
2026-01-29 19:30:00,17.788,32.7,144.3,65.9,27.66,52.63,11.859,11.039,4.454,3.541,0.8203,0.9133,3417.06,61.11,447.32,0.000672,0.6722,2,Shell-Side Fouled
2026-01-29 19:45:00,19.15,30.79,148.92,66.94,29.27,59.13,11.698,10.718,4.472,3.521,0.9794,0.9502,3846.69,60.0,512.88,0.000524,0.6852,2,Shell-Side Fouled
2026-01-29 20:00:00,19.848,30.362,137.78,67.49,29.84,56.75,12.088,11.074,4.55,3.604,1.0133,0.946,3417.93,56.6,483.13,0.000596,0.6512,2,Shell-Side Fouled
2026-01-29 20:15:00,19.368,31.146,141.49,70.07,28.88,54.89,11.815,10.836,4.382,3.534,0.9796,0.8482,3389.36,61.1,443.75,0.000827,0.6343,2,Shell-Side Fouled
2026-01-29 20:30:00,17.882,32.141,143.8,68.04,31.32,56.0,11.923,11.1,4.393,3.317,0.8233,1.0765,3319.12,58.6,453.12,0.000762,0.6735,2,Shell-Side Fouled
2026-01-29 20:45:00,17.332,31.913,142.08,61.29,27.96,53.66,12.155,11.389,4.672,3.871,0.7654,0.8009,3430.46,56.46,486.05,0.000553,0.7079,2,Shell-Side Fouled
2026-01-29 21:00:00,18.828,29.261,142.68,67.09,25.46,53.94,11.712,10.778,4.434,3.654,0.9347,0.7799,3486.79,62.24,448.17,0.000774,0.6448,2,Shell-Side Fouled
2026-01-29 21:15:00,17.735,29.64,143.5,62.78,27.58,55.86,12.069,11.258,4.496,3.791,0.8109,0.7054,3507.12,57.49,488.03,0.000567,0.6963,2,Shell-Side Fouled
2026-01-29 21:30:00,19.396,33.115,144.51,72.75,29.37,53.98,11.745,10.798,4.491,3.513,0.9475,0.9777,3409.88,64.09,425.65,0.000872,0.6232,2,Shell-Side Fouled
2026-01-29 21:45:00,17.23,35.145,138.92,59.52,29.22,52.02,11.86,11.077,4.525,3.412,0.7829,1.1132,3352.11,53.72,499.21,0.000575,0.7238,2,Shell-Side Fouled
2026-01-29 22:00:00,19.444,31.209,146.49,68.74,29.78,58.14,12.174,11.201,4.342,3.6,0.9725,0.7426,3704.2,60.32,491.25,0.000574,0.6662,2,Shell-Side Fouled
2026-01-29 22:15:00,17.083,31.14,141.18,59.94,28.17,54.27,11.961,11.206,4.408,3.64,0.7557,0.7683,3400.13,54.79,496.45,0.000598,0.7189,2,Shell-Side Fouled
2026-01-29 22:30:00,18.504,33.452,143.7,67.1,26.0,50.81,11.695,10.826,4.644,3.686,0.8686,0.9576,3472.71,63.52,437.4,0.000806,0.6508,2,Shell-Side Fouled
2026-01-29 22:45:00,16.736,28.885,146.64,64.09,26.19,54.2,12.062,11.347,4.46,3.593,0.7147,0.8669,3385.21,61.17,442.75,0.000808,0.6854,2,Shell-Side Fouled
2026-01-29 23:00:00,17.992,31.844,141.46,63.02,28.41,54.36,11.878,11.034,4.452,3.664,0.8435,0.7887,3457.75,56.87,486.37,0.000524,0.6939,2,Shell-Side Fouled
2026-01-29 23:15:00,17.939,29.213,146.08,65.66,27.05,55.97,12.261,11.439,4.549,3.696,0.8218,0.8524,3534.8,60.77,465.36,0.000728,0.6757,2,Shell-Side Fouled
2026-01-29 23:30:00,20.983,31.818,145.07,71.71,28.58,56.91,11.783,10.709,4.632,3.769,1.0734,0.8628,3771.17,62.98,479.06,0.000612,0.6298,2,Shell-Side Fouled
2026-01-29 23:45:00,18.223,26.202,145.5,65.02,28.83,61.6,11.916,11.083,4.364,3.761,0.8325,0.6036,3593.03,56.74,506.59,0.0005,0.6898,2,Shell-Side Fouled
2026-01-30 00:00:00,19.584,32.831,140.68,65.45,28.92,55.2,12.154,11.189,4.639,3.582,0.9653,1.0575,3609.31,57.58,501.47,0.00054,0.6731,2,Shell-Side Fouled
2026-01-30 00:15:00,17.587,34.249,142.51,66.01,26.25,49.25,12.069,11.286,4.497,3.5,0.783,0.997,3296.28,62.75,420.23,0.000862,0.658,2,Shell-Side Fouled
2026-01-30 00:30:00,18.137,30.414,150.05,65.67,29.33,58.8,12.145,11.309,4.417,3.608,0.836,0.8086,3749.69,59.64,502.97,0.000553,0.699,2,Shell-Side Fouled
2026-01-30 00:45:00,16.44,31.964,149.32,60.27,28.33,55.15,11.925,11.216,4.477,3.503,0.7084,0.9745,3587.0,57.56,498.58,0.00053,0.736,2,Shell-Side Fouled
2026-01-30 01:00:00,19.413,33.14,146.08,65.15,26.6,54.36,11.919,10.985,4.583,3.757,0.9343,0.8259,3849.01,61.34,501.99,0.000485,0.6773,2,Shell-Side Fouled
2026-01-30 01:15:00,17.553,33.483,143.11,61.11,28.37,53.54,12.066,11.25,4.452,3.499,0.8155,0.9529,3526.53,56.47,499.59,0.000524,0.7147,2,Shell-Side Fouled
2026-01-30 01:30:00,19.398,29.954,143.78,70.65,28.78,56.51,11.584,10.61,4.686,3.911,0.9748,0.775,3475.58,61.82,449.77,0.000715,0.6359,2,Shell-Side Fouled
2026-01-30 01:45:00,18.648,30.974,149.0,72.08,29.13,56.25,12.121,11.253,4.62,3.618,0.8678,1.0016,3514.31,64.69,434.63,0.000795,0.6417,2,Shell-Side Fouled
2026-01-30 02:00:00,16.311,30.26,143.87,56.49,25.07,52.65,11.78,11.095,4.524,3.806,0.6847,0.7183,3491.67,56.11,497.85,0.000528,0.7355,2,Shell-Side Fouled
2026-01-30 02:15:00,17.01,33.616,144.02,64.17,31.78,55.44,12.193,11.442,4.487,3.623,0.7515,0.864,3327.84,55.85,476.71,0.000645,0.7115,2,Shell-Side Fouled
2026-01-30 02:30:00,18.283,32.138,144.93,68.07,28.0,53.6,11.675,10.826,4.733,3.836,0.8491,0.8973,3443.07,62.22,442.7,0.000793,0.6573,2,Shell-Side Fouled
2026-01-30 02:45:00,20.993,34.659,140.58,69.26,27.31,52.6,12.067,10.985,4.46,3.238,1.0821,1.2223,3668.16,62.15,472.15,0.000646,0.6296,2,Shell-Side Fouled
2026-01-30 03:00:00,17.282,31.824,140.94,62.24,26.41,51.44,12.23,11.472,4.489,3.651,0.7581,0.8381,3332.51,58.63,454.73,0.000702,0.6872,2,Shell-Side Fouled
2026-01-30 03:15:00,19.026,31.281,144.36,70.23,29.28,55.68,12.086,11.166,4.468,3.469,0.9203,0.9988,3455.23,61.78,447.46,0.000727,0.6441,2,Shell-Side Fouled
2026-01-30 03:30:00,19.601,33.819,140.22,64.32,28.67,54.43,12.073,11.111,4.57,3.707,0.9624,0.8635,3645.14,57.09,510.8,0.000498,0.6805,2,Shell-Side Fouled
2026-01-30 03:45:00,20.498,30.006,145.81,74.22,29.73,58.36,11.802,10.715,4.358,3.556,1.0872,0.8019,3595.05,63.57,452.43,0.000698,0.6167,2,Shell-Side Fouled
2026-01-30 04:00:00,18.65,31.876,146.13,70.72,30.43,56.27,12.079,11.159,4.703,3.756,0.9202,0.9477,3445.96,61.8,446.1,0.000736,0.6518,2,Shell-Side Fouled
2026-01-30 04:15:00,17.573,31.007,145.41,67.89,29.4,55.12,11.47,10.654,4.593,3.734,0.8163,0.8582,3337.79,60.75,439.53,0.000786,0.6682,2,Shell-Side Fouled
2026-01-30 04:30:00,18.442,33.375,149.05,69.8,24.29,49.93,12.217,11.332,4.655,3.587,0.8854,1.0682,3580.26,68.88,415.85,0.000893,0.6352,2,Shell-Side Fouled
2026-01-30 04:45:00,20.321,32.703,150.11,70.47,27.52,56.5,11.678,10.584,4.5,3.686,1.0946,0.8142,3965.12,65.02,487.83,0.000534,0.6497,2,Shell-Side Fouled
2026-01-30 05:00:00,19.434,33.402,143.27,66.95,27.8,53.8,12.022,11.102,4.694,3.782,0.92,0.9119,3633.63,60.88,477.49,0.000578,0.661,2,Shell-Side Fouled
2026-01-30 05:15:00,19.819,31.985,147.09,71.8,27.13,54.44,11.98,10.963,4.661,3.634,1.0177,1.0275,3655.96,65.77,444.72,0.00083,0.6276,2,Shell-Side Fouled
2026-01-30 05:30:00,19.847,29.668,148.72,69.36,27.59,58.67,11.737,10.749,4.445,3.711,0.9885,0.7341,3858.66,62.85,491.15,0.000556,0.6551,2,Shell-Side Fouled
2026-01-30 05:45:00,18.206,32.587,145.02,70.34,28.81,53.24,12.009,11.137,4.435,3.473,0.872,0.9625,3331.26,63.36,420.59,0.000874,0.6427,2,Shell-Side Fouled
2026-01-30 06:00:00,18.193,30.989,143.33,63.04,25.83,53.44,11.951,11.106,4.524,3.709,0.845,0.815,3578.97,59.72,479.41,0.000585,0.6834,2,Shell-Side Fouled
2026-01-30 06:15:00,18.335,30.734,142.68,65.13,28.57,55.66,11.872,11.025,4.453,3.626,0.8471,0.8268,3483.45,58.19,478.88,0.000658,0.6796,2,Shell-Side Fouled
2026-01-30 06:30:00,20.005,33.438,145.16,73.88,29.89,54.86,11.624,10.597,4.525,3.563,1.0265,0.9624,3493.54,64.39,434.02,0.000828,0.6184,2,Shell-Side Fouled
2026-01-30 06:45:00,17.703,29.642,147.04,66.06,31.92,60.24,12.221,11.418,4.425,3.521,0.8032,0.9045,3512.01,56.44,497.85,0.000624,0.7034,2,Shell-Side Fouled
2026-01-30 07:00:00,20.821,30.434,143.45,73.26,29.09,57.21,11.995,10.901,4.504,3.706,1.0935,0.7973,3580.23,62.88,455.51,0.000715,0.6137,2,Shell-Side Fouled
2026-01-30 07:15:00,15.335,30.563,148.23,61.54,29.25,54.72,11.962,11.328,4.359,3.593,0.6335,0.7661,3257.06,57.57,452.58,0.000766,0.7286,2,Shell-Side Fouled
2026-01-30 07:30:00,19.074,28.8,144.25,65.57,28.88,59.39,11.994,11.06,4.552,3.852,0.9337,0.7002,3676.55,57.45,511.94,0.000497,0.6819,2,Shell-Side Fouled
2026-01-30 07:45:00,19.636,29.017,143.83,73.78,30.73,58.49,12.257,11.271,4.563,3.833,0.9853,0.73,3370.17,61.8,436.26,0.000816,0.6194,2,Shell-Side Fouled
2026-01-30 08:00:00,16.561,34.878,144.31,61.14,26.34,49.46,11.862,11.121,4.466,3.383,0.7414,1.0835,3374.52,59.9,450.72,0.000707,0.705,2,Shell-Side Fouled
2026-01-30 08:15:00,19.641,31.445,142.49,68.94,27.28,54.18,12.026,11.047,4.454,3.604,0.9786,0.8504,3539.29,62.09,456.01,0.000785,0.6384,2,Shell-Side Fouled
2026-01-30 08:30:00,18.536,30.916,140.25,67.32,29.83,55.44,12.174,11.299,4.456,3.541,0.8746,0.9146,3312.01,57.96,457.11,0.000697,0.6605,2,Shell-Side Fouled
2026-01-30 08:45:00,18.567,32.36,142.8,63.82,30.23,56.76,11.909,11.013,4.619,3.679,0.8963,0.9395,3592.86,55.76,515.46,0.000561,0.7016,2,Shell-Side Fouled
2026-01-30 09:00:00,18.772,31.819,146.89,64.56,28.14,56.58,12.096,11.154,4.521,3.524,0.9426,0.9976,3786.57,59.34,510.5,0.000525,0.6933,2,Shell-Side Fouled
2026-01-30 09:15:00,18.662,31.652,142.23,65.07,28.85,55.49,12.156,11.271,4.392,3.525,0.8848,0.8676,3527.91,57.85,487.83,0.000568,0.6805,2,Shell-Side Fouled
2026-01-30 09:30:00,18.691,32.484,145.98,66.05,28.66,55.59,12.306,11.367,4.419,3.486,0.9388,0.9332,3660.49,60.04,487.77,0.000597,0.6814,2,Shell-Side Fouled
2026-01-30 09:45:00,16.722,32.613,144.82,63.12,28.8,53.33,12.133,11.411,4.447,3.483,0.722,0.9635,3347.1,58.31,459.25,0.000674,0.7042,2,Shell-Side Fouled
2026-01-30 10:00:00,18.508,34.837,146.69,71.31,29.47,52.92,12.068,11.189,4.334,3.391,0.8791,0.9427,3417.74,64.35,424.88,0.000781,0.643,2,Shell-Side Fouled
2026-01-30 10:15:00,20.183,30.914,144.33,69.07,27.88,56.66,11.882,10.831,4.572,3.632,1.0513,0.9395,3721.82,61.53,483.89,0.000534,0.6463,2,Shell-Side Fouled
2026-01-30 10:30:00,15.577,31.474,146.26,56.33,27.17,53.23,12.117,11.477,4.598,3.576,0.6395,1.0223,3432.1,55.06,498.68,0.000538,0.7551,2,Shell-Side Fouled
2026-01-30 10:45:00,17.271,30.587,146.29,60.7,27.31,55.6,11.852,11.056,4.545,3.668,0.7961,0.8771,3621.62,57.34,505.25,0.00052,0.7194,2,Shell-Side Fouled
2026-01-30 11:00:00,18.234,31.267,142.37,63.53,28.75,55.67,12.115,11.23,4.573,3.694,0.8848,0.8784,3521.77,56.85,495.61,0.000551,0.6938,2,Shell-Side Fouled
2026-01-30 11:15:00,19.828,30.449,144.57,69.34,29.62,58.31,11.838,10.828,4.424,3.667,1.0096,0.7567,3654.36,60.01,487.15,0.000605,0.6544,2,Shell-Side Fouled
2026-01-30 11:30:00,17.039,33.305,142.06,61.89,30.71,54.73,11.986,11.229,4.695,3.669,0.7572,1.0257,3346.94,54.52,491.15,0.000544,0.72,2,Shell-Side Fouled
2026-01-30 11:45:00,19.126,32.307,141.22,66.63,29.45,55.31,11.748,10.816,4.577,3.583,0.9318,0.9938,3494.91,58.18,480.54,0.000614,0.6673,2,Shell-Side Fouled
2026-01-30 12:00:00,20.47,32.506,143.99,71.69,27.55,54.22,11.926,10.86,4.525,3.432,1.0663,1.0932,3626.1,64.27,451.33,0.000746,0.621,2,Shell-Side Fouled
2026-01-30 12:15:00,20.367,29.198,146.85,73.25,27.41,57.47,11.823,10.782,4.54,3.848,1.0412,0.6911,3672.36,65.2,450.59,0.000801,0.6162,2,Shell-Side Fouled
2026-01-30 12:30:00,18.424,27.751,148.47,69.71,26.14,56.76,11.963,11.08,4.553,3.858,0.8825,0.6955,3555.39,64.68,439.77,0.000761,0.6439,2,Shell-Side Fouled
2026-01-30 12:45:00,14.598,29.093,143.85,55.91,24.12,49.96,11.732,11.158,4.512,3.757,0.5747,0.7548,3144.95,57.34,438.78,0.000805,0.7345,2,Shell-Side Fouled
2026-01-30 13:00:00,17.339,32.466,147.02,65.7,28.36,53.79,11.95,11.181,4.436,3.382,0.7688,1.0539,3454.5,61.08,452.43,0.000753,0.6853,2,Shell-Side Fouled
2026-01-30 13:15:00,18.561,31.42,144.15,66.5,28.48,55.33,11.817,10.912,4.38,3.361,0.9049,1.0182,3530.99,59.87,471.8,0.000665,0.6713,2,Shell-Side Fouled
2026-01-30 13:30:00,16.185,33.734,146.31,61.27,29.06,52.95,12.077,11.365,4.348,3.437,0.7121,0.9117,3372.03,57.46,469.46,0.000713,0.7253,2,Shell-Side Fouled
2026-01-30 13:45:00,18.464,31.612,142.74,63.37,27.6,54.74,12.182,11.294,4.682,3.81,0.8876,0.8722,3590.24,58.02,495.01,0.000525,0.6893,2,Shell-Side Fouled
2026-01-30 14:00:00,20.072,34.314,142.88,70.01,26.77,51.73,11.735,10.725,4.433,3.251,1.01,1.1825,3583.2,64.25,446.17,0.000735,0.6276,2,Shell-Side Fouled
2026-01-30 14:15:00,16.744,33.659,143.94,62.27,29.29,53.08,11.998,11.277,4.53,3.529,0.7208,1.001,3350.6,57.11,469.38,0.000637,0.7124,2,Shell-Side Fouled
2026-01-30 14:30:00,20.147,34.075,144.84,70.37,27.18,52.96,11.954,10.894,4.448,3.529,1.0606,0.9183,3675.68,64.5,455.88,0.000764,0.6329,2,Shell-Side Fouled
2026-01-30 14:45:00,17.996,28.522,141.99,62.93,27.95,57.16,12.076,11.231,4.549,3.867,0.845,0.6824,3486.02,56.27,495.6,0.000524,0.6933,2,Shell-Side Fouled
2026-01-30 15:00:00,18.142,29.542,140.25,60.72,25.76,54.36,11.951,11.086,4.563,3.747,0.8659,0.8158,3534.66,56.66,499.03,0.000536,0.6946,2,Shell-Side Fouled
2026-01-30 15:15:00,18.258,35.745,145.65,67.81,28.52,51.81,11.771,10.929,4.541,3.519,0.8423,1.0217,3482.28,62.65,444.64,0.000801,0.6646,2,Shell-Side Fouled
2026-01-30 15:30:00,20.021,33.931,146.88,70.48,31.04,57.44,11.469,10.489,4.454,3.433,0.9796,1.0211,3747.78,61.06,491.01,0.000538,0.6596,2,Shell-Side Fouled
2026-01-30 15:45:00,19.573,33.393,143.12,71.75,28.33,52.82,12.272,11.312,4.348,3.306,0.9594,1.0421,3422.22,64.03,427.61,0.000862,0.6217,2,Shell-Side Fouled
2026-01-30 16:00:00,16.457,33.461,146.12,64.1,29.11,52.74,11.906,11.208,4.551,3.653,0.6983,0.8975,3307.47,59.48,444.85,0.000779,0.701,2,Shell-Side Fouled
2026-01-30 16:15:00,17.127,32.484,149.35,65.91,26.12,51.88,11.995,11.222,4.338,3.283,0.7739,1.0552,3501.58,64.38,435.09,0.000799,0.6771,2,Shell-Side Fouled
2026-01-30 16:30:00,19.323,32.547,141.18,64.73,26.55,53.13,11.446,10.483,4.363,3.446,0.9634,0.917,3619.22,59.68,485.16,0.000622,0.667,2,Shell-Side Fouled
2026-01-30 16:45:00,19.958,33.113,145.75,70.91,29.65,56.06,12.154,11.145,4.379,3.473,1.0089,0.9055,3659.06,62.38,469.28,0.000654,0.6446,2,Shell-Side Fouled
2026-01-30 17:00:00,21.034,30.448,143.7,72.92,29.68,58.32,11.744,10.592,4.632,3.922,1.1523,0.7097,3647.67,61.94,471.12,0.000593,0.6208,2,Shell-Side Fouled
2026-01-30 17:15:00,20.812,30.071,142.93,69.91,28.8,58.4,11.88,10.814,4.57,3.639,1.0657,0.9311,3723.25,60.23,494.53,0.00053,0.6398,2,Shell-Side Fouled
2026-01-30 17:30:00,19.553,32.995,146.61,69.75,25.11,51.78,11.908,10.952,4.477,3.523,0.9554,0.9543,3681.77,66.61,442.18,0.000768,0.6326,2,Shell-Side Fouled
2026-01-30 17:45:00,16.617,32.803,142.27,60.73,30.26,54.45,11.945,11.241,4.452,3.357,0.7042,1.0948,3319.47,54.18,490.15,0.000586,0.728,2,Shell-Side Fouled
2026-01-30 18:00:00,18.395,30.039,144.52,67.01,28.51,56.31,11.538,10.654,4.609,3.842,0.8839,0.7674,3493.44,59.96,466.1,0.000699,0.6682,2,Shell-Side Fouled
2026-01-30 18:15:00,20.694,30.641,145.6,71.82,28.38,57.55,12.319,11.282,4.513,3.593,1.0368,0.919,3740.59,63.14,473.94,0.000653,0.6294,2,Shell-Side Fouled
2026-01-30 18:30:00,16.805,32.63,145.37,63.87,28.19,52.77,11.789,11.058,4.604,3.611,0.7317,0.9929,3355.83,59.68,449.81,0.000708,0.6955,2,Shell-Side Fouled
2026-01-30 18:45:00,20.131,33.945,146.85,68.32,28.83,56.1,12.25,11.225,4.476,3.444,1.0248,1.0313,3873.1,61.61,502.92,0.00053,0.6654,2,Shell-Side Fouled
2026-01-30 19:00:00,18.407,31.186,146.47,63.23,26.94,55.71,11.756,10.876,4.618,3.599,0.8795,1.019,3754.14,59.42,505.43,0.000539,0.6964,2,Shell-Side Fouled
2026-01-30 19:15:00,19.515,32.079,146.33,73.56,28.71,54.63,11.936,10.977,4.552,3.653,0.9594,0.8981,3479.09,65.5,424.92,0.000849,0.6187,2,Shell-Side Fouled
2026-01-30 19:30:00,17.492,29.126,140.89,63.42,27.62,54.86,12.061,11.238,4.685,3.923,0.8234,0.7619,3320.01,57.29,463.6,0.000664,0.6839,2,Shell-Side Fouled
2026-01-30 19:45:00,19.276,35.346,140.41,68.31,29.34,52.37,11.981,11.033,4.405,3.148,0.9484,1.2572,3405.09,60.2,452.49,0.000736,0.6492,2,Shell-Side Fouled
2026-01-30 20:00:00,19.631,31.961,144.95,65.62,25.65,54.18,11.851,10.878,4.364,3.494,0.9731,0.8699,3815.94,61.94,492.89,0.00053,0.665,2,Shell-Side Fouled
2026-01-30 20:15:00,19.725,30.367,148.57,69.56,27.27,57.32,12.088,11.12,4.547,3.597,0.9675,0.9505,3817.91,63.66,479.81,0.000586,0.6514,2,Shell-Side Fouled
2026-01-30 20:30:00,18.947,31.768,143.13,71.53,28.18,53.19,12.068,11.166,4.685,3.719,0.9023,0.9665,3323.83,63.84,416.55,0.000868,0.6229,2,Shell-Side Fouled
2026-01-30 20:45:00,19.98,28.617,146.67,71.45,24.72,55.47,12.092,11.031,4.54,3.852,1.0608,0.6884,3681.94,66.5,442.94,0.000729,0.6168,2,Shell-Side Fouled
2026-01-30 21:00:00,17.179,30.489,145.09,62.57,28.05,55.28,11.889,11.132,4.47,3.721,0.7568,0.7494,3473.33,57.82,480.54,0.000548,0.7051,2,Shell-Side Fouled
2026-01-30 21:15:00,19.401,30.992,144.7,67.85,27.44,55.61,11.951,10.964,4.626,3.874,0.9873,0.7522,3652.92,61.58,474.59,0.000594,0.6554,2,Shell-Side Fouled
2026-01-30 21:30:00,19.224,30.161,145.19,66.59,26.14,55.48,12.026,11.069,4.498,3.748,0.9579,0.7501,3701.6,61.84,478.83,0.000583,0.6602,2,Shell-Side Fouled
2026-01-30 21:45:00,17.956,33.822,143.64,66.41,29.95,53.96,11.81,10.964,4.647,3.56,0.8465,1.0868,3397.65,59.13,459.7,0.00071,0.6793,2,Shell-Side Fouled
2026-01-30 22:00:00,17.164,29.996,146.12,65.64,27.3,54.27,11.911,11.17,4.443,3.586,0.7408,0.8575,3384.5,61.25,442.08,0.00079,0.6774,2,Shell-Side Fouled
2026-01-30 22:15:00,17.124,33.34,143.16,63.33,29.42,53.43,12.381,11.589,4.5,3.471,0.7924,1.0287,3349.29,57.36,467.11,0.000712,0.7019,2,Shell-Side Fouled
2026-01-30 22:30:00,18.698,32.009,145.33,63.76,26.16,54.07,11.953,11.069,4.355,3.492,0.8834,0.8631,3736.72,60.52,493.96,0.000562,0.6845,2,Shell-Side Fouled
2026-01-30 22:45:00,16.811,31.464,147.86,61.57,29.74,56.74,12.075,11.315,4.47,3.644,0.76,0.8268,3554.06,56.37,504.35,0.000529,0.7305,2,Shell-Side Fouled
2026-01-30 23:00:00,20.578,32.743,145.89,73.97,28.37,54.84,11.748,10.698,4.411,3.569,1.0496,0.8417,3625.7,65.73,441.31,0.000815,0.612,2,Shell-Side Fouled
2026-01-30 23:15:00,18.606,32.231,145.04,63.58,25.89,53.43,11.548,10.662,4.406,3.349,0.8857,1.0564,3713.24,60.71,489.3,0.000557,0.6837,2,Shell-Side Fouled
2026-01-30 23:30:00,19.06,33.774,142.69,66.51,27.31,52.49,12.123,11.197,4.453,3.531,0.9264,0.9216,3557.28,61.19,465.05,0.000683,0.6603,2,Shell-Side Fouled
2026-01-30 23:45:00,17.743,32.736,145.23,64.1,24.92,50.67,11.954,11.126,4.747,3.62,0.8283,1.1269,3527.07,62.86,448.89,0.000765,0.6744,2,Shell-Side Fouled
2026-01-31 00:00:00,18.989,32.128,140.8,66.52,25.43,51.14,12.016,11.098,4.587,3.723,0.9183,0.8641,3455.82,62.25,444.11,0.000754,0.6438,2,Shell-Side Fouled
2026-01-31 00:15:00,17.887,34.376,147.16,66.13,26.89,51.58,12.28,11.452,4.513,3.335,0.8276,1.1771,3551.08,63.28,448.92,0.000792,0.6738,2,Shell-Side Fouled
2026-01-31 00:30:00,19.652,34.745,146.37,68.27,27.86,53.73,11.985,11.01,4.204,3.028,0.9748,1.1766,3760.38,62.95,477.86,0.000627,0.659,2,Shell-Side Fouled
2026-01-31 00:45:00,21.15,33.275,143.32,73.42,27.88,53.9,12.28,11.162,4.359,3.269,1.1187,1.0902,3622.17,65.03,445.57,0.000753,0.6055,2,Shell-Side Fouled
2026-01-31 01:00:00,18.921,31.825,145.13,70.56,26.64,52.6,12.496,11.587,4.516,3.538,0.909,0.9773,3456.95,65.24,423.94,0.000826,0.6293,2,Shell-Side Fouled
2026-01-31 01:15:00,19.95,30.545,146.29,68.8,27.05,56.68,12.085,11.09,4.55,3.603,0.9951,0.9471,3787.61,62.66,483.55,0.000626,0.6499,2,Shell-Side Fouled
2026-01-31 01:30:00,17.168,32.489,142.71,65.28,31.39,55.35,11.893,11.109,4.473,3.404,0.7839,1.0693,3257.0,56.47,461.42,0.000685,0.6956,2,Shell-Side Fouled
2026-01-31 01:45:00,20.222,36.5,142.35,70.74,26.05,49.28,12.021,10.948,4.292,2.959,1.0722,1.3328,3547.76,65.94,430.41,0.000875,0.6158,2,Shell-Side Fouled
2026-01-31 02:00:00,18.136,32.459,146.18,68.24,28.3,53.8,11.731,10.857,4.517,3.569,0.8742,0.9479,3463.17,62.54,443.02,0.000761,0.6612,2,Shell-Side Fouled
2026-01-31 02:15:00,19.804,33.436,143.97,71.5,27.6,52.74,12.196,11.212,4.314,3.305,0.984,1.0098,3516.42,64.7,434.78,0.000814,0.6228,2,Shell-Side Fouled
2026-01-31 02:30:00,17.599,29.656,147.65,63.51,28.77,58.01,11.782,10.986,4.514,3.687,0.7958,0.8265,3627.89,57.92,501.11,0.000547,0.7078,2,Shell-Side Fouled
2026-01-31 02:45:00,18.997,29.385,148.41,69.84,27.86,57.61,11.813,10.881,4.515,3.624,0.9316,0.8903,3656.82,63.28,462.33,0.000717,0.6518,2,Shell-Side Fouled
2026-01-31 03:00:00,19.755,32.329,147.97,69.77,25.7,53.68,11.72,10.713,4.476,3.655,1.0067,0.8215,3784.87,66.03,458.55,0.000715,0.6395,2,Shell-Side Fouled
2026-01-31 03:15:00,17.163,32.116,139.98,62.43,29.22,53.48,11.932,11.149,4.379,3.453,0.7829,0.9268,3260.91,55.67,468.63,0.000674,0.7002,2,Shell-Side Fouled
2026-01-31 03:30:00,17.265,35.219,141.97,61.99,27.69,50.64,12.261,11.495,4.551,3.346,0.7661,1.2047,3383.22,58.23,464.79,0.000631,0.6999,2,Shell-Side Fouled
2026-01-31 03:45:00,18.688,29.147,143.95,64.79,28.72,58.44,12.375,11.441,4.479,3.726,0.9345,0.7533,3624.25,57.28,506.17,0.000548,0.6869,2,Shell-Side Fouled
2026-01-31 04:00:00,17.285,30.253,146.54,61.52,27.21,55.66,11.877,11.071,4.482,3.667,0.8056,0.815,3600.67,58.08,495.99,0.00053,0.7125,2,Shell-Side Fouled
2026-01-31 04:15:00,16.491,32.53,138.33,59.5,26.66,50.06,12.093,11.379,4.499,3.631,0.7139,0.8675,3185.09,56.06,454.51,0.000671,0.7059,2,Shell-Side Fouled
2026-01-31 04:30:00,18.516,32.059,147.56,67.68,27.7,54.71,12.182,11.315,4.252,3.418,0.8673,0.8338,3623.7,62.75,462.01,0.000729,0.6664,2,Shell-Side Fouled
2026-01-31 04:45:00,17.346,32.46,146.86,65.68,30.56,55.96,12.48,11.709,4.565,3.536,0.771,1.0293,3449.95,58.66,470.53,0.000666,0.698,2,Shell-Side Fouled
2026-01-31 05:00:00,15.695,33.029,148.36,64.34,28.84,52.21,11.999,11.334,4.501,3.387,0.6642,1.1147,3230.8,60.87,424.63,0.000882,0.703,2,Shell-Side Fouled
2026-01-31 05:15:00,19.067,32.189,146.65,68.22,28.99,56.19,12.189,11.264,4.424,3.435,0.9249,0.9891,3663.42,61.32,477.92,0.000607,0.6665,2,Shell-Side Fouled
2026-01-31 05:30:00,18.218,32.565,146.83,65.82,26.02,52.55,12.03,11.162,4.627,3.746,0.868,0.8808,3615.42,63.17,457.85,0.000714,0.6705,2,Shell-Side Fouled
2026-01-31 05:45:00,17.869,30.401,144.36,65.87,28.1,55.12,11.967,11.148,4.473,3.641,0.8186,0.8329,3436.12,59.87,459.17,0.000715,0.6751,2,Shell-Side Fouled
2026-01-31 06:00:00,19.184,32.277,146.37,67.29,28.1,55.62,11.865,10.944,4.388,3.482,0.921,0.9065,3716.98,61.4,484.28,0.000607,0.6687,2,Shell-Side Fouled
2026-01-31 06:15:00,19.031,31.677,144.7,66.26,28.75,56.35,12.489,11.56,4.401,3.632,0.9289,0.7692,3657.64,59.34,493.09,0.000559,0.6765,2,Shell-Side Fouled
2026-01-31 06:30:00,16.359,34.566,147.1,59.65,27.8,52.04,11.821,11.093,4.509,3.273,0.7278,1.2355,3504.81,57.81,485.04,0.000602,0.733,2,Shell-Side Fouled
2026-01-31 06:45:00,19.761,28.866,144.24,72.04,29.49,58.43,11.815,10.816,4.622,3.967,0.9995,0.6549,3495.51,61.67,453.45,0.000795,0.6292,2,Shell-Side Fouled
2026-01-31 07:00:00,17.647,32.112,144.02,64.61,28.39,53.95,12.176,11.339,4.429,3.462,0.8366,0.9672,3433.32,59.11,464.66,0.000711,0.6868,2,Shell-Side Fouled
2026-01-31 07:15:00,16.796,30.054,142.94,61.66,28.54,55.13,11.742,11.003,4.534,3.648,0.7388,0.8854,3344.42,56.09,476.98,0.000634,0.7104,2,Shell-Side Fouled
2026-01-31 07:30:00,15.56,34.648,145.1,61.45,30.83,52.82,11.962,11.313,4.528,3.426,0.6486,1.1026,3188.98,55.9,456.42,0.000737,0.732,2,Shell-Side Fouled
2026-01-31 07:45:00,17.245,31.313,145.13,67.17,30.07,55.21,11.914,11.116,4.606,3.656,0.7982,0.9507,3293.61,59.66,441.64,0.000791,0.6775,2,Shell-Side Fouled
2026-01-31 08:00:00,21.058,34.91,146.17,72.43,27.34,53.38,12.073,10.899,4.307,3.132,1.1739,1.175,3804.01,66.1,460.41,0.000738,0.6205,2,Shell-Side Fouled
2026-01-31 08:15:00,18.44,30.084,140.68,63.93,27.84,55.39,12.127,11.264,4.575,3.777,0.8627,0.7987,3467.1,57.21,484.82,0.000597,0.6801,2,Shell-Side Fouled
2026-01-31 08:30:00,19.154,32.581,142.84,68.99,27.42,52.84,11.726,10.797,4.636,3.556,0.9293,1.0806,3465.93,62.7,442.24,0.000736,0.6399,2,Shell-Side Fouled
2026-01-31 08:45:00,18.038,30.892,145.12,63.62,26.72,54.59,12.434,11.595,4.363,3.378,0.8389,0.9859,3601.69,59.75,482.21,0.000631,0.6884,2,Shell-Side Fouled
2026-01-31 09:00:00,18.703,32.192,142.44,64.05,29.94,56.61,11.501,10.607,4.475,3.498,0.8941,0.9775,3592.11,56.05,512.68,0.000549,0.6968,2,Shell-Side Fouled
2026-01-31 09:15:00,16.772,31.916,147.43,63.31,28.31,54.2,12.028,11.289,4.495,3.518,0.7393,0.977,3456.44,59.44,465.24,0.000634,0.7062,2,Shell-Side Fouled
2026-01-31 09:30:00,19.978,29.788,147.82,69.89,27.12,57.73,11.829,10.777,4.497,3.653,1.0522,0.8439,3814.69,63.52,480.43,0.000649,0.6457,2,Shell-Side Fouled
2026-01-31 09:45:00,20.133,33.329,146.17,74.35,29.85,55.25,11.557,10.523,4.452,3.447,1.0344,1.0046,3542.54,64.98,436.17,0.000758,0.6174,2,Shell-Side Fouled
2026-01-31 10:00:00,17.913,29.756,141.8,62.53,24.73,52.68,12.109,11.268,4.458,3.627,0.8407,0.8302,3479.17,59.83,465.18,0.00072,0.6772,2,Shell-Side Fouled
2026-01-31 10:15:00,20.031,30.575,145.68,68.47,27.93,57.55,11.822,10.805,4.528,3.705,1.0168,0.8228,3788.99,61.28,494.63,0.000574,0.6557,2,Shell-Side Fouled
2026-01-31 10:30:00,19.543,32.149,146.42,72.53,27.76,54.06,12.081,11.099,4.535,3.708,0.9819,0.8277,3537.53,65.72,430.61,0.000873,0.6226,2,Shell-Side Fouled
2026-01-31 10:45:00,17.145,29.974,143.66,62.31,28.15,55.4,12.01,11.222,4.624,3.771,0.7875,0.8532,3417.14,57.0,479.62,0.000655,0.7043,2,Shell-Side Fouled
2026-01-31 11:00:00,17.765,30.001,145.48,66.96,28.93,56.16,12.147,11.319,4.615,3.7,0.8278,0.9153,3417.65,60.07,455.17,0.000724,0.6737,2,Shell-Side Fouled
2026-01-31 11:15:00,17.794,28.053,145.05,62.26,27.64,58.39,12.372,11.544,4.549,3.9,0.8278,0.6491,3609.33,56.71,509.16,0.000484,0.7052,2,Shell-Side Fouled
2026-01-31 11:30:00,16.811,31.56,144.94,58.78,26.34,53.21,11.643,10.911,4.56,3.778,0.7328,0.7818,3548.66,57.04,497.69,0.000514,0.7264,2,Shell-Side Fouled
2026-01-31 11:45:00,17.931,27.65,148.06,64.4,28.44,60.21,11.91,11.066,4.411,3.692,0.8444,0.7187,3674.98,58.09,506.08,0.000553,0.6994,2,Shell-Side Fouled
2026-01-31 12:00:00,18.372,33.628,147.82,68.09,25.94,51.45,12.023,11.138,4.357,3.387,0.8847,0.9697,3588.95,65.57,437.88,0.000825,0.6542,2,Shell-Side Fouled
2026-01-31 12:15:00,18.49,31.313,143.15,68.85,29.84,55.53,11.901,11.001,4.447,3.6,0.9002,0.8472,3365.57,60.07,448.22,0.000756,0.6557,2,Shell-Side Fouled
2026-01-31 12:30:00,17.929,34.472,150.21,64.95,28.48,54.44,11.887,11.03,4.488,3.346,0.8563,1.1416,3744.79,61.42,487.75,0.000558,0.7004,2,Shell-Side Fouled
2026-01-31 12:45:00,18.322,31.602,146.9,64.61,27.66,55.59,11.967,11.084,4.482,3.684,0.8828,0.7981,3694.08,60.09,491.83,0.00061,0.6901,2,Shell-Side Fouled
2026-01-31 13:00:00,18.039,29.995,143.04,65.04,29.45,56.92,12.416,11.576,4.583,3.863,0.8407,0.7203,3447.28,57.18,482.27,0.000609,0.6867,2,Shell-Side Fouled
2026-01-31 13:15:00,17.779,33.908,143.68,63.86,29.88,54.39,11.728,10.892,4.522,3.449,0.8357,1.0724,3476.72,57.25,485.82,0.00055,0.7014,2,Shell-Side Fouled
2026-01-31 13:30:00,18.726,34.28,146.75,68.19,28.03,53.16,12.297,11.397,4.581,3.682,0.9001,0.8998,3604.38,63.16,456.57,0.000735,0.6617,2,Shell-Side Fouled
2026-01-31 13:45:00,16.164,30.287,143.98,58.74,29.79,56.43,11.944,11.255,4.525,3.713,0.6894,0.8123,3375.72,52.95,510.03,0.000502,0.7465,2,Shell-Side Fouled
2026-01-31 14:00:00,18.349,31.392,142.22,66.45,28.3,54.23,12.451,11.569,4.541,3.542,0.8815,0.9994,3406.37,59.64,456.91,0.000716,0.6651,2,Shell-Side Fouled
2026-01-31 14:15:00,18.379,29.845,145.07,68.55,26.91,54.51,11.869,10.994,4.367,3.63,0.8749,0.7364,3445.93,62.96,437.85,0.000851,0.6477,2,Shell-Side Fouled
2026-01-31 14:30:00,16.058,34.494,149.12,62.88,30.33,53.84,12.134,11.461,4.39,3.401,0.6726,0.9889,3393.05,58.4,464.79,0.000661,0.726,2,Shell-Side Fouled
2026-01-31 14:45:00,17.915,31.476,148.75,65.73,31.25,58.91,11.91,11.094,4.534,3.518,0.8155,1.0152,3643.53,57.81,504.18,0.000488,0.7065,2,Shell-Side Fouled
2026-01-31 15:00:00,16.873,27.585,146.84,67.6,27.45,55.83,11.871,11.121,4.773,4.155,0.75,0.618,3275.57,62.15,421.64,0.000839,0.6637,2,Shell-Side Fouled
2026-01-31 15:15:00,18.756,31.744,143.27,70.0,29.38,54.73,11.67,10.771,4.472,3.701,0.8991,0.7713,3366.9,61.5,438.0,0.000795,0.6434,2,Shell-Side Fouled
2026-01-31 15:30:00,16.298,31.882,140.64,60.74,28.53,52.44,11.854,11.143,4.619,3.629,0.7112,0.9892,3190.33,55.59,459.14,0.000701,0.7126,2,Shell-Side Fouled
2026-01-31 15:45:00,17.454,33.61,146.17,61.09,27.45,53.32,11.733,10.935,4.624,3.478,0.7981,1.1466,3637.95,58.32,499.03,0.000548,0.7166,2,Shell-Side Fouled
2026-01-31 16:00:00,20.345,31.785,141.66,68.36,26.05,53.52,11.862,10.844,4.407,3.393,1.0174,1.0137,3653.44,62.45,468.03,0.000665,0.634,2,Shell-Side Fouled
2026-01-31 16:15:00,16.16,32.918,140.4,61.38,27.38,50.1,12.249,11.548,4.337,3.326,0.7007,1.0111,3128.81,57.64,434.24,0.000827,0.6992,2,Shell-Side Fouled
2026-01-31 16:30:00,16.567,34.092,145.47,60.44,28.93,53.12,12.159,11.423,4.556,3.367,0.7358,1.1881,3451.36,56.59,487.94,0.000534,0.7296,2,Shell-Side Fouled
2026-01-31 16:45:00,19.229,32.705,140.61,67.21,27.16,52.43,11.868,10.936,4.369,3.465,0.9314,0.9036,3457.95,60.99,453.6,0.000706,0.647,2,Shell-Side Fouled
2026-01-31 17:00:00,19.968,31.844,141.39,70.23,26.15,52.28,12.038,11.035,4.6,3.657,1.0029,0.9428,3481.05,63.98,435.3,0.000831,0.6175,2,Shell-Side Fouled
2026-01-31 17:15:00,17.32,31.398,142.79,67.13,31.72,56.16,11.908,11.126,4.599,3.614,0.7823,0.9846,3210.9,57.25,448.67,0.000736,0.6812,2,Shell-Side Fouled
2026-01-31 17:30:00,18.045,30.056,144.41,63.87,27.52,55.83,12.174,11.334,4.477,3.768,0.8396,0.7091,3560.65,58.64,485.77,0.000628,0.689,2,Shell-Side Fouled
2026-01-31 17:45:00,20.176,30.864,142.21,72.05,29.58,56.44,11.726,10.671,4.433,3.534,1.0552,0.8991,3468.17,61.6,450.39,0.000706,0.623,2,Shell-Side Fouled
2026-01-31 18:00:00,17.028,31.826,143.14,62.07,27.76,53.16,11.954,11.191,4.469,3.533,0.7627,0.9358,3381.78,57.74,468.53,0.000709,0.7026,2,Shell-Side Fouled
2026-01-31 18:15:00,18.782,31.621,142.4,68.68,28.44,54.08,11.687,10.757,4.514,3.686,0.9295,0.8276,3392.18,61.16,443.71,0.000749,0.6469,2,Shell-Side Fouled
2026-01-31 18:30:00,17.074,32.825,143.61,62.64,28.84,53.5,12.002,11.266,4.48,3.417,0.7362,1.0627,3386.88,57.42,471.84,0.000729,0.7055,2,Shell-Side Fouled
2026-01-31 18:45:00,18.12,29.567,146.81,67.09,27.36,55.97,11.524,10.657,4.57,3.677,0.8675,0.8921,3539.45,61.8,458.16,0.000691,0.6674,2,Shell-Side Fouled
2026-01-31 19:00:00,21.458,28.123,141.79,72.62,26.36,57.26,12.358,11.166,4.436,3.645,1.1916,0.7908,3635.84,63.48,458.18,0.000732,0.5992,2,Shell-Side Fouled
2026-01-31 19:15:00,20.045,32.792,143.16,68.44,28.47,55.21,12.484,11.449,4.556,3.444,1.0346,1.1124,3669.46,60.84,482.49,0.000607,0.6515,2,Shell-Side Fouled
2026-01-31 19:30:00,19.527,34.232,145.17,69.33,27.8,53.13,12.126,11.121,4.487,3.507,1.0055,0.9796,3627.82,63.47,457.27,0.0007,0.6461,2,Shell-Side Fouled
2026-01-31 19:45:00,19.66,30.9,140.0,66.07,27.53,55.08,12.079,11.065,4.596,3.7,1.0142,0.8967,3560.86,58.71,485.22,0.000569,0.6573,2,Shell-Side Fouled
2026-01-31 20:00:00,17.68,32.783,149.06,64.34,28.02,54.78,11.967,11.177,4.363,3.389,0.7896,0.9744,3669.84,60.76,483.16,0.000589,0.6999,2,Shell-Side Fouled
2026-01-31 20:15:00,17.469,30.97,145.71,64.2,27.32,54.24,12.472,11.653,4.593,3.85,0.8185,0.7434,3488.42,60.1,464.38,0.000683,0.6885,2,Shell-Side Fouled
2026-01-31 20:30:00,18.412,33.019,146.72,68.74,27.38,52.84,12.076,11.202,4.605,3.767,0.8738,0.8378,3517.88,64.07,439.24,0.000816,0.6534,2,Shell-Side Fouled
2026-01-31 20:45:00,17.104,33.056,146.14,61.96,29.75,55.25,12.007,11.231,4.463,3.59,0.7752,0.8731,3527.46,56.57,498.88,0.000493,0.7232,2,Shell-Side Fouled
2026-01-31 21:00:00,18.738,31.82,148.24,67.97,29.63,57.31,11.853,10.933,4.62,3.68,0.9201,0.9398,3684.98,60.89,484.14,0.000607,0.6768,2,Shell-Side Fouled
2026-01-31 21:15:00,21.732,32.149,146.49,75.99,24.97,52.87,11.835,10.676,4.552,3.555,1.1581,0.9968,3753.66,70.18,427.89,0.00081,0.5801,2,Shell-Side Fouled
2026-01-31 21:30:00,20.333,32.6,142.72,73.1,29.16,54.59,12.166,11.144,4.462,3.424,1.0219,1.0383,3468.36,63.49,437.01,0.000777,0.6131,2,Shell-Side Fouled
2026-01-31 21:45:00,18.059,31.484,144.88,65.72,30.6,57.19,11.932,11.096,4.495,3.57,0.836,0.9246,3502.43,57.45,487.69,0.000524,0.6927,2,Shell-Side Fouled
2026-01-31 22:00:00,18.795,34.958,146.8,69.41,27.88,52.24,12.209,11.284,4.616,3.601,0.9247,1.0147,3563.91,64.45,442.4,0.000782,0.6508,2,Shell-Side Fouled
2026-01-31 22:15:00,18.043,31.218,147.46,67.7,25.71,52.7,11.788,10.951,4.567,3.584,0.837,0.9836,3525.71,64.84,435.0,0.000826,0.6551,2,Shell-Side Fouled
2026-01-31 22:30:00,19.141,32.421,143.83,71.23,27.59,52.69,11.888,10.918,4.367,3.55,0.9697,0.8175,3404.76,64.5,422.29,0.000845,0.6246,2,Shell-Side Fouled
2026-01-31 22:45:00,19.191,30.929,141.72,66.67,27.39,54.65,12.419,11.489,4.49,3.549,0.9302,0.9415,3528.42,60.04,470.16,0.000677,0.6564,2,Shell-Side Fouled
2026-01-31 23:00:00,18.253,33.349,143.3,66.09,31.93,56.67,11.813,10.963,4.561,3.534,0.8499,1.0272,3452.57,56.38,489.88,0.000617,0.6933,2,Shell-Side Fouled
2026-01-31 23:15:00,19.008,30.932,148.13,73.06,29.52,56.54,12.075,11.125,4.561,3.63,0.9501,0.9313,3496.2,64.61,432.9,0.000788,0.633,2,Shell-Side Fouled
2026-01-31 23:30:00,17.395,36.047,141.2,59.85,26.35,49.34,12.009,11.22,4.504,3.207,0.7882,1.2971,3466.99,57.85,479.4,0.000607,0.7083,2,Shell-Side Fouled
2026-01-31 23:45:00,16.462,32.542,146.91,60.0,27.77,53.51,11.547,10.842,4.443,3.652,0.7047,0.7906,3505.36,57.49,487.76,0.000607,0.7295,2,Shell-Side Fouled
2026-02-01 00:00:00,20.221,33.469,146.61,71.7,29.36,55.86,12.101,11.065,4.594,3.491,1.0353,1.1036,3711.04,63.5,467.54,0.000659,0.6389,2,Shell-Side Fouled
2026-02-01 00:15:00,20.522,29.91,147.55,74.88,27.29,56.49,11.923,10.889,4.382,3.516,1.0341,0.8664,3653.37,66.99,436.29,0.000796,0.6043,2,Shell-Side Fouled
2026-02-01 00:30:00,18.062,32.38,144.2,66.73,27.56,52.86,12.032,11.182,4.535,3.455,0.8499,1.0806,3427.96,61.62,445.04,0.000795,0.6641,2,Shell-Side Fouled
2026-02-01 00:45:00,19.897,30.883,143.2,67.19,27.76,56.44,11.989,11.008,4.607,3.834,0.9818,0.7732,3705.22,60.02,493.88,0.000532,0.6584,2,Shell-Side Fouled
2026-02-01 01:00:00,18.759,31.981,145.6,66.76,26.31,53.39,11.771,10.849,4.341,3.369,0.922,0.9719,3623.07,62.82,461.4,0.000744,0.6609,2,Shell-Side Fouled
2026-02-01 01:15:00,20.271,30.738,142.05,71.34,27.49,54.8,11.909,10.873,4.505,3.605,1.0354,0.9001,3511.79,63.08,445.34,0.000746,0.6172,2,Shell-Side Fouled
2026-02-01 01:30:00,18.777,33.668,145.67,69.68,27.81,52.62,12.138,11.237,4.584,3.547,0.9012,1.037,3495.47,64.09,436.31,0.000809,0.6447,2,Shell-Side Fouled
2026-02-01 01:45:00,18.154,32.675,145.99,64.21,28.7,55.31,11.842,10.974,4.358,3.454,0.8672,0.9041,3637.51,58.85,494.48,0.000576,0.6972,2,Shell-Side Fouled
2026-02-01 02:00:00,19.327,31.924,147.53,70.08,26.2,53.66,11.783,10.843,4.386,3.592,0.9402,0.7941,3667.49,65.73,446.34,0.000812,0.6384,2,Shell-Side Fouled
2026-02-01 02:15:00,17.677,33.973,146.57,63.15,25.9,51.32,11.948,11.134,4.292,3.367,0.8141,0.9248,3613.07,61.77,467.91,0.000695,0.6914,2,Shell-Side Fouled
2026-02-01 02:30:00,16.415,32.582,147.22,65.2,32.27,56.47,12.261,11.529,4.37,3.489,0.7326,0.8816,3298.48,57.04,462.64,0.000714,0.7135,2,Shell-Side Fouled
2026-02-01 02:45:00,18.842,30.852,141.77,67.2,28.33,54.99,11.919,11.024,4.469,3.689,0.8952,0.7801,3442.16,59.65,461.63,0.000732,0.6573,2,Shell-Side Fouled
2026-02-01 03:00:00,16.747,31.789,146.97,63.79,28.11,53.77,12.134,11.363,4.52,3.687,0.7718,0.8327,3412.78,59.9,455.79,0.00074,0.6998,2,Shell-Side Fouled
2026-02-01 03:15:00,18.36,30.142,142.57,63.59,28.58,56.75,12.041,11.18,4.554,3.804,0.8608,0.75,3552.74,56.67,501.57,0.000539,0.6929,2,Shell-Side Fouled
2026-02-01 03:30:00,19.353,33.096,148.89,66.71,26.54,54.68,11.953,10.984,4.411,3.333,0.9691,1.0781,3896.63,63.4,491.71,0.000598,0.6717,2,Shell-Side Fouled
2026-02-01 03:45:00,18.852,32.07,144.21,68.86,27.34,53.28,11.971,11.039,4.682,3.868,0.9313,0.8142,3480.16,63.02,441.76,0.000758,0.6448,2,Shell-Side Fouled
2026-02-01 04:00:00,16.694,34.385,147.83,60.55,27.85,52.67,11.824,11.088,4.579,3.547,0.7364,1.032,3569.9,58.47,488.44,0.000596,0.7275,2,Shell-Side Fouled
2026-02-01 04:15:00,18.55,32.453,144.82,71.33,30.71,55.31,11.974,11.127,4.272,3.394,0.8465,0.8777,3339.9,61.88,431.8,0.000831,0.644,2,Shell-Side Fouled
2026-02-01 04:30:00,18.094,32.449,146.23,65.31,29.86,56.28,11.809,10.93,4.371,3.464,0.8788,0.9067,3586.88,58.53,490.25,0.000574,0.6953,2,Shell-Side Fouled
2026-02-01 04:45:00,17.094,30.545,147.56,65.31,26.3,53.25,12.112,11.355,4.464,3.713,0.7569,0.7512,3444.45,62.65,439.85,0.000771,0.6783,2,Shell-Side Fouled
2026-02-01 05:00:00,19.772,30.937,143.81,67.47,24.97,53.54,12.027,11.021,4.425,3.561,1.006,0.8641,3697.99,63.42,466.5,0.000675,0.6424,2,Shell-Side Fouled
2026-02-01 05:15:00,18.423,35.945,144.17,66.87,26.2,49.39,12.004,11.1,4.52,3.491,0.9041,1.0282,3489.08,63.95,436.45,0.00084,0.6552,2,Shell-Side Fouled
2026-02-01 05:30:00,17.785,30.764,140.36,63.92,28.99,54.87,11.823,10.989,4.589,3.797,0.8335,0.7926,3330.94,56.49,471.73,0.000678,0.6864,2,Shell-Side Fouled
2026-02-01 05:45:00,19.137,32.228,140.42,69.53,30.34,54.99,11.931,10.978,4.648,3.598,0.9528,1.0499,3324.2,59.34,448.17,0.000758,0.644,2,Shell-Side Fouled
2026-02-01 06:00:00,14.82,30.478,146.75,56.23,25.91,51.68,11.762,11.168,4.357,3.451,0.5948,0.9055,3286.84,56.66,464.1,0.000691,0.7491,2,Shell-Side Fouled
2026-02-01 06:15:00,17.585,33.28,147.28,66.51,29.05,54.04,11.906,11.124,4.461,3.47,0.7817,0.9911,3479.85,61.17,455.13,0.000696,0.6832,2,Shell-Side Fouled
2026-02-01 06:30:00,19.444,29.843,144.74,70.46,30.2,58.54,12.1,11.158,4.711,3.849,0.9421,0.862,3538.48,60.34,469.13,0.000626,0.6485,2,Shell-Side Fouled
2026-02-01 06:45:00,18.619,31.355,148.14,69.92,28.79,55.99,11.977,11.089,4.423,3.61,0.888,0.8133,3568.26,63.24,451.37,0.000736,0.6554,2,Shell-Side Fouled
2026-02-01 07:00:00,17.108,32.408,144.31,61.11,27.66,53.37,12.308,11.537,4.508,3.699,0.7704,0.8091,3486.91,57.48,485.27,0.000615,0.7132,2,Shell-Side Fouled
2026-02-01 07:15:00,18.993,31.941,143.82,67.52,29.58,56.15,11.882,10.933,4.542,3.759,0.9489,0.783,3550.35,59.37,478.37,0.000657,0.6679,2,Shell-Side Fouled
2026-02-01 07:30:00,20.568,29.662,145.41,68.41,27.64,58.91,12.269,11.217,4.353,3.441,1.0526,0.9121,3880.09,60.8,510.57,0.000533,0.6538,2,Shell-Side Fouled
2026-02-01 07:45:00,17.494,32.339,144.08,63.26,27.42,53.02,11.603,10.794,4.541,3.695,0.8087,0.8469,3463.87,59.22,467.96,0.000632,0.6928,2,Shell-Side Fouled
2026-02-01 08:00:00,17.268,32.387,143.46,67.13,29.43,53.26,12.085,11.296,4.434,3.533,0.7893,0.9014,3229.3,60.18,429.3,0.000812,0.6694,2,Shell-Side Fouled
2026-02-01 08:15:00,20.751,30.079,142.07,70.54,29.32,58.22,12.185,11.116,4.556,3.653,1.0691,0.9028,3636.65,60.03,484.65,0.000614,0.6344,2,Shell-Side Fouled
2026-02-01 08:30:00,18.97,28.116,147.23,70.36,29.22,59.59,11.924,11.02,4.512,3.862,0.9041,0.6497,3572.42,61.49,464.8,0.000676,0.6514,2,Shell-Side Fouled
2026-02-01 08:45:00,17.529,33.638,146.54,67.4,30.04,54.19,12.347,11.532,4.674,3.537,0.8146,1.1365,3398.69,60.76,447.46,0.000724,0.6793,2,Shell-Side Fouled
2026-02-01 09:00:00,20.2,32.784,138.41,65.37,26.82,53.18,11.863,10.803,4.461,3.419,1.0599,1.0424,3614.96,58.83,491.58,0.000484,0.6546,2,Shell-Side Fouled
2026-02-01 09:15:00,20.157,33.066,144.54,73.45,28.34,53.71,11.663,10.641,4.566,3.417,1.0219,1.1494,3511.08,65.32,429.98,0.000841,0.6118,2,Shell-Side Fouled
2026-02-01 09:30:00,18.828,30.802,143.49,66.67,28.55,56.05,12.058,11.125,4.503,3.753,0.9325,0.7502,3543.61,59.41,477.18,0.000602,0.6683,2,Shell-Side Fouled
2026-02-01 09:45:00,18.308,31.794,149.7,71.71,29.27,55.57,12.238,11.376,4.546,3.571,0.8615,0.9759,3498.49,64.88,431.35,0.00085,0.6477,2,Shell-Side Fouled
2026-02-01 10:00:00,16.331,32.154,141.73,58.16,27.2,52.06,11.968,11.276,4.349,3.316,0.6924,1.033,3344.18,55.21,484.58,0.000602,0.7297,2,Shell-Side Fouled
2026-02-01 10:15:00,16.495,31.799,146.86,61.61,26.6,52.49,11.956,11.272,4.493,3.588,0.6842,0.9053,3445.17,59.87,460.39,0.000737,0.7089,2,Shell-Side Fouled
2026-02-01 10:30:00,18.972,32.222,148.7,71.84,29.42,55.92,12.248,11.314,4.297,3.299,0.9345,0.9975,3572.64,64.35,444.17,0.000782,0.6444,2,Shell-Side Fouled
2026-02-01 10:45:00,17.578,30.226,144.41,61.02,27.42,55.82,12.001,11.22,4.49,3.614,0.7809,0.8758,3591.51,56.72,506.55,0.000543,0.7128,2,Shell-Side Fouled
2026-02-01 11:00:00,18.039,31.073,142.25,68.73,28.44,53.42,11.909,11.031,4.405,3.454,0.8781,0.9507,3248.89,61.4,423.33,0.000883,0.6459,2,Shell-Side Fouled
2026-02-01 11:15:00,19.096,31.156,145.67,65.34,26.16,54.99,11.826,10.888,4.332,3.532,0.9375,0.7999,3758.33,61.37,489.94,0.000551,0.6722,2,Shell-Side Fouled
2026-02-01 11:30:00,19.397,34.108,144.12,69.18,28.47,53.42,12.069,11.102,4.627,3.663,0.9662,0.9646,3561.13,62.41,456.51,0.000754,0.6479,2,Shell-Side Fouled
2026-02-01 11:45:00,17.931,33.42,140.05,65.87,29.19,52.49,12.018,11.182,4.451,3.603,0.8356,0.8483,3258.85,58.48,445.83,0.000789,0.6691,2,Shell-Side Fouled
2026-02-01 12:00:00,18.691,28.564,141.52,66.7,26.37,55.04,12.091,11.193,4.556,3.789,0.8979,0.7665,3426.12,60.5,453.06,0.000737,0.6498,2,Shell-Side Fouled
2026-02-01 12:15:00,18.128,32.212,141.91,63.86,29.3,55.02,12.05,11.164,4.536,3.691,0.8863,0.8449,3466.63,56.76,488.57,0.000568,0.6931,2,Shell-Side Fouled
2026-02-01 12:30:00,16.767,32.479,144.17,61.79,28.19,53.09,11.995,11.244,4.562,3.761,0.7514,0.8008,3383.94,57.65,469.61,0.000634,0.7102,2,Shell-Side Fouled
2026-02-01 12:45:00,18.456,32.109,144.11,67.66,28.31,54.04,11.677,10.809,4.405,3.595,0.8678,0.8098,3456.66,61.24,451.54,0.000706,0.6602,2,Shell-Side Fouled
2026-02-01 13:00:00,17.77,32.509,146.66,61.83,26.16,53.32,12.054,11.226,4.321,3.522,0.8285,0.7988,3693.21,59.95,492.82,0.000552,0.704,2,Shell-Side Fouled
2026-02-01 13:15:00,18.181,32.429,145.67,63.35,28.17,55.2,11.885,11.013,4.608,3.717,0.8727,0.8913,3666.45,58.54,501.07,0.000571,0.7006,2,Shell-Side Fouled
2026-02-01 13:30:00,19.094,31.464,149.19,70.36,28.76,56.78,12.186,11.258,4.478,3.543,0.9279,0.9349,3687.71,63.66,463.41,0.000691,0.6546,2,Shell-Side Fouled
2026-02-01 13:45:00,18.955,31.842,139.38,64.12,26.03,52.27,12.195,11.252,4.476,3.654,0.9431,0.8218,3495.09,59.26,471.84,0.000655,0.664,2,Shell-Side Fouled
2026-02-01 14:00:00,17.927,35.007,142.85,66.97,28.73,51.49,12.036,11.232,4.487,3.398,0.8037,1.0895,3332.82,60.99,437.18,0.000848,0.665,2,Shell-Side Fouled
2026-02-01 14:15:00,19.407,34.492,147.43,68.3,28.86,54.93,11.872,10.889,4.421,3.469,0.9839,0.9527,3762.53,62.24,483.59,0.000562,0.6674,2,Shell-Side Fouled
2026-02-01 14:30:00,17.805,32.17,144.34,60.95,25.89,52.92,12.218,11.391,4.57,3.539,0.8271,1.0305,3637.65,58.8,494.9,0.000527,0.704,2,Shell-Side Fouled
2026-02-01 14:45:00,20.352,32.695,147.45,70.72,27.21,55.18,12.22,11.164,4.458,3.437,1.0556,1.0212,3825.73,64.86,471.87,0.000656,0.6381,2,Shell-Side Fouled
2026-02-01 15:00:00,18.074,31.772,148.1,65.39,28.1,55.65,11.999,11.168,4.69,3.752,0.8311,0.9373,3662.38,60.75,482.28,0.000591,0.6893,2,Shell-Side Fouled
2026-02-01 15:15:00,19.331,28.97,143.27,66.3,26.96,57.04,11.957,11.013,4.39,3.518,0.9438,0.8718,3645.5,59.74,488.16,0.000592,0.6618,2,Shell-Side Fouled
2026-02-01 15:30:00,20.166,34.552,145.73,72.28,27.64,52.74,11.789,10.744,4.607,3.678,1.0446,0.9289,3628.63,65.88,440.62,0.000759,0.622,2,Shell-Side Fouled
2026-02-01 15:45:00,17.29,30.704,147.27,63.63,25.37,52.95,12.087,11.29,4.526,3.736,0.7965,0.7895,3542.82,62.13,456.17,0.000753,0.6861,2,Shell-Side Fouled
2026-02-01 16:00:00,19.591,31.197,145.0,68.91,27.09,55.07,12.107,11.143,4.401,3.585,0.964,0.8153,3652.16,62.83,465.03,0.000688,0.6454,2,Shell-Side Fouled
2026-02-01 16:15:00,18.988,29.342,150.48,68.44,27.23,58.32,12.21,11.258,4.52,3.722,0.9519,0.7985,3816.42,63.3,482.3,0.00061,0.6656,2,Shell-Side Fouled
2026-02-01 16:30:00,17.435,31.725,143.95,65.74,26.94,52.11,12.027,11.222,4.536,3.497,0.8048,1.0396,3341.07,61.55,434.24,0.000836,0.6685,2,Shell-Side Fouled
2026-02-01 16:45:00,17.054,31.427,145.85,63.61,25.63,51.76,12.277,11.514,4.525,3.687,0.763,0.8383,3436.04,61.85,444.43,0.000812,0.6841,2,Shell-Side Fouled
2026-02-01 17:00:00,16.352,32.831,141.88,64.27,31.09,53.73,12.053,11.324,4.635,3.656,0.7282,0.9792,3109.3,56.26,442.17,0.000722,0.7005,2,Shell-Side Fouled
2026-02-01 17:15:00,18.315,31.264,144.25,68.18,28.42,54.52,12.243,11.35,4.447,3.59,0.8931,0.8567,3413.65,61.39,444.86,0.00072,0.6568,2,Shell-Side Fouled
2026-02-01 17:30:00,17.928,33.201,147.72,67.56,25.42,50.77,12.045,11.211,4.53,3.434,0.8343,1.0954,3520.82,65.79,428.14,0.000865,0.6554,2,Shell-Side Fouled
2026-02-01 17:45:00,16.837,32.385,145.56,63.01,27.45,52.58,11.974,11.247,4.182,3.181,0.7266,1.0014,3405.22,59.74,456.0,0.000762,0.6989,2,Shell-Side Fouled
2026-02-01 18:00:00,17.114,32.861,143.77,65.18,28.62,52.58,12.01,11.264,4.472,3.552,0.7457,0.9201,3295.35,59.77,441.06,0.000761,0.6825,2,Shell-Side Fouled
2026-02-01 18:15:00,18.293,32.637,146.3,67.35,29.13,55.05,12.081,11.193,4.402,3.443,0.8889,0.9591,3538.4,60.94,464.54,0.000701,0.6738,2,Shell-Side Fouled
2026-02-01 18:30:00,18.478,31.218,145.44,70.31,28.93,54.97,11.916,11.044,4.584,3.643,0.8722,0.9402,3401.22,62.76,433.57,0.000802,0.6448,2,Shell-Side Fouled
2026-02-01 18:45:00,17.245,35.09,142.58,62.72,25.71,48.7,11.843,11.068,4.523,3.36,0.7757,1.1627,3374.3,61.1,441.84,0.000795,0.6834,2,Shell-Side Fouled
2026-02-01 19:00:00,17.709,33.267,140.42,65.44,30.64,54.01,12.199,11.389,4.432,3.527,0.81,0.9053,3253.25,56.75,458.64,0.000754,0.683,2,Shell-Side Fouled
2026-02-01 19:15:00,18.584,33.605,146.28,65.47,28.16,54.33,11.58,10.7,4.564,3.42,0.8801,1.1439,3679.29,60.58,485.85,0.00061,0.6841,2,Shell-Side Fouled
2026-02-01 19:30:00,18.877,33.218,143.54,66.03,27.78,53.57,11.824,10.918,4.632,3.702,0.9065,0.9308,3584.57,60.47,474.24,0.000695,0.6696,2,Shell-Side Fouled
2026-02-01 19:45:00,18.244,30.866,144.73,63.75,28.05,56.08,12.003,11.153,4.374,3.556,0.8504,0.818,3619.85,58.21,497.46,0.000567,0.6941,2,Shell-Side Fouled
2026-02-01 20:00:00,17.632,28.682,142.43,60.24,27.33,56.91,11.754,10.926,4.44,3.756,0.8278,0.6844,3550.55,55.09,515.57,0.000517,0.714,2,Shell-Side Fouled
2026-02-01 20:15:00,19.302,32.99,144.89,69.97,28.27,53.93,12.137,11.195,4.588,3.571,0.9413,1.017,3542.9,63.17,448.71,0.000731,0.6424,2,Shell-Side Fouled
2026-02-01 20:30:00,18.817,33.849,142.19,64.6,27.24,52.5,12.18,11.264,4.394,3.218,0.9162,1.1759,3576.75,59.75,478.86,0.000612,0.675,2,Shell-Side Fouled
2026-02-01 20:45:00,17.564,31.749,142.0,65.7,29.85,54.56,11.84,11.036,4.579,3.628,0.8039,0.9509,3283.11,57.86,453.91,0.000704,0.6803,2,Shell-Side Fouled
2026-02-01 21:00:00,19.049,29.253,145.09,68.19,26.79,56.11,11.949,11.019,4.436,3.616,0.9299,0.8197,3589.08,62.18,461.76,0.000667,0.6501,2,Shell-Side Fouled
2026-02-01 21:15:00,16.838,33.257,145.66,58.72,25.09,50.86,11.919,11.194,4.486,3.602,0.7257,0.884,3586.62,59.03,486.1,0.000588,0.7211,2,Shell-Side Fouled
2026-02-01 21:30:00,18.872,35.194,147.18,71.44,29.98,53.76,11.904,10.974,4.4,3.16,0.9298,1.2391,3501.79,63.96,437.98,0.000838,0.6462,2,Shell-Side Fouled
2026-02-01 21:45:00,18.29,31.17,144.08,68.06,28.74,54.86,12.155,11.286,4.463,3.547,0.8684,0.9159,3406.53,60.91,447.44,0.000776,0.6591,2,Shell-Side Fouled
2026-02-01 22:00:00,18.64,30.029,143.37,65.59,28.7,56.97,12.145,11.247,4.398,3.693,0.8978,0.7057,3552.31,58.18,488.48,0.00055,0.6783,2,Shell-Side Fouled
2026-02-01 22:15:00,18.042,32.454,146.64,63.47,25.96,53.03,11.731,10.881,4.447,3.412,0.8499,1.0354,3676.36,61.34,479.45,0.000615,0.6892,2,Shell-Side Fouled
2026-02-01 22:30:00,17.488,32.134,144.84,63.08,30.11,56.16,12.099,11.299,4.423,3.569,0.7995,0.8538,3503.06,56.31,497.68,0.000534,0.7126,2,Shell-Side Fouled
2026-02-01 22:45:00,18.619,29.066,141.95,66.68,27.09,55.33,12.13,11.224,4.562,3.721,0.9068,0.8413,3433.55,60.06,457.32,0.000708,0.6554,2,Shell-Side Fouled
2026-02-01 23:00:00,16.334,30.108,144.44,59.17,28.19,55.28,11.975,11.273,4.527,3.736,0.7017,0.7915,3412.69,55.03,496.08,0.000547,0.7336,2,Shell-Side Fouled
2026-02-01 23:15:00,17.245,31.574,145.71,59.81,26.72,54.19,11.599,10.833,4.385,3.526,0.766,0.8584,3629.25,57.44,505.5,0.000506,0.7219,2,Shell-Side Fouled
2026-02-01 23:30:00,19.265,30.654,139.95,62.79,24.09,52.49,11.92,10.974,4.513,3.685,0.946,0.8276,3641.94,59.8,487.22,0.000593,0.666,2,Shell-Side Fouled
2026-02-01 23:45:00,16.65,30.261,145.11,59.92,28.43,55.87,11.967,11.236,4.638,3.71,0.7308,0.928,3475.05,55.45,501.4,0.000507,0.7301,2,Shell-Side Fouled
2026-02-02 00:00:00,17.751,31.407,141.94,66.15,29.4,54.49,12.067,11.235,4.61,3.773,0.8318,0.8371,3296.07,58.48,450.87,0.000734,0.6735,2,Shell-Side Fouled
2026-02-02 00:15:00,21.293,33.476,147.29,72.59,27.18,55.0,12.031,10.884,4.49,3.525,1.1478,0.965,3896.57,66.1,471.59,0.000695,0.6219,2,Shell-Side Fouled
2026-02-02 00:30:00,17.463,33.113,142.59,66.45,29.55,53.07,12.169,11.365,4.44,3.58,0.8036,0.8599,3257.82,59.37,438.98,0.000776,0.6736,2,Shell-Side Fouled
2026-02-02 00:45:00,17.044,30.063,147.31,67.85,28.84,55.22,11.661,10.925,4.449,3.532,0.7362,0.9168,3318.28,61.8,429.55,0.000817,0.6707,2,Shell-Side Fouled
2026-02-02 01:00:00,19.228,30.283,144.34,64.2,26.65,56.44,12.249,11.264,4.457,3.663,0.9847,0.7935,3775.18,59.2,510.17,0.000525,0.6809,2,Shell-Side Fouled
2026-02-02 01:15:00,18.866,34.679,148.82,68.79,26.69,52.18,12.118,11.215,4.542,3.348,0.9037,1.1948,3699.08,65.64,450.85,0.000778,0.6553,2,Shell-Side Fouled
2026-02-02 01:30:00,17.671,33.634,145.37,63.81,24.66,49.75,11.667,10.867,4.566,3.52,0.7996,1.0465,3531.19,63.24,446.73,0.000805,0.6757,2,Shell-Side Fouled
2026-02-02 01:45:00,17.828,29.799,143.46,63.56,25.2,53.19,11.985,11.158,4.559,3.761,0.8272,0.7979,3489.68,60.66,460.2,0.000658,0.6756,2,Shell-Side Fouled
2026-02-02 02:00:00,18.248,30.724,144.1,64.33,25.71,53.45,12.332,11.488,4.371,3.511,0.8437,0.8605,3566.21,60.98,467.83,0.000663,0.6738,2,Shell-Side Fouled
2026-02-02 02:15:00,17.59,31.953,148.17,66.73,27.72,53.97,11.977,11.173,4.418,3.494,0.8039,0.9248,3509.65,62.6,448.51,0.000796,0.6761,2,Shell-Side Fouled
2026-02-02 02:30:00,18.13,32.807,145.56,65.02,26.4,52.46,11.936,11.075,4.31,3.423,0.8605,0.887,3577.26,61.92,462.16,0.000715,0.6758,2,Shell-Side Fouled
2026-02-02 02:45:00,17.177,30.943,147.98,63.79,25.44,52.8,11.757,10.988,4.454,3.689,0.7687,0.7647,3542.89,62.52,453.34,0.000703,0.687,2,Shell-Side Fouled
2026-02-02 03:00:00,16.606,30.852,143.41,57.7,28.95,55.96,12.084,11.372,4.345,3.573,0.7119,0.772,3487.0,52.77,528.63,0.000477,0.7488,2,Shell-Side Fouled
2026-02-02 03:15:00,17.568,31.319,145.91,64.65,28.73,55.42,12.04,11.248,4.479,3.604,0.7924,0.8748,3497.39,59.06,473.72,0.000636,0.6934,2,Shell-Side Fouled
2026-02-02 03:30:00,16.517,36.352,145.78,58.59,28.02,51.21,11.926,11.206,4.573,3.544,0.7202,1.0294,3527.95,56.67,498.01,0.000509,0.7404,2,Shell-Side Fouled
2026-02-02 03:45:00,19.822,31.821,146.94,69.16,28.6,56.97,12.212,11.241,4.406,3.446,0.9711,0.9608,3777.02,62.02,487.21,0.00061,0.6572,2,Shell-Side Fouled
2026-02-02 04:00:00,17.428,30.847,144.51,66.15,27.21,53.14,12.016,11.206,4.417,3.61,0.81,0.8074,3345.65,61.47,435.39,0.00081,0.668,2,Shell-Side Fouled
2026-02-02 04:15:00,19.519,33.537,145.59,70.96,28.65,54.08,12.062,11.104,4.469,3.469,0.9584,0.9997,3569.07,63.78,447.66,0.000793,0.6382,2,Shell-Side Fouled
2026-02-02 04:30:00,18.145,32.493,144.32,68.11,28.84,53.76,12.014,11.179,4.493,3.413,0.8347,1.0806,3387.91,61.38,441.57,0.00079,0.66,2,Shell-Side Fouled
2026-02-02 04:45:00,17.851,34.034,140.79,67.49,29.33,51.85,11.651,10.81,4.554,3.563,0.8414,0.9911,3205.61,60.01,427.33,0.00084,0.6576,2,Shell-Side Fouled
2026-02-02 05:00:00,17.732,33.46,141.79,58.68,24.66,50.45,11.688,10.886,4.408,3.546,0.801,0.8616,3610.5,58.04,497.65,0.000527,0.7095,2,Shell-Side Fouled
2026-02-02 05:15:00,18.731,31.524,143.26,66.04,30.1,56.97,11.952,11.063,4.506,3.49,0.8889,1.0159,3543.75,57.49,493.15,0.000581,0.6824,2,Shell-Side Fouled
2026-02-02 05:30:00,18.727,28.208,141.62,70.56,30.96,58.59,12.097,11.165,4.648,3.988,0.9315,0.6602,3260.39,58.66,444.67,0.000827,0.6422,2,Shell-Side Fouled
2026-02-02 05:45:00,18.293,32.897,143.67,64.89,28.75,54.4,11.86,10.953,4.465,3.629,0.9069,0.8357,3530.78,58.76,480.73,0.000578,0.6855,2,Shell-Side Fouled
2026-02-02 06:00:00,18.962,30.296,145.12,70.7,28.43,55.71,11.63,10.743,4.36,3.464,0.8869,0.8962,3457.02,62.92,439.53,0.000772,0.6378,2,Shell-Side Fouled
2026-02-02 06:15:00,18.791,30.086,145.31,68.74,27.36,55.37,11.98,11.084,4.437,3.574,0.8961,0.8634,3525.29,62.55,450.91,0.000763,0.6492,2,Shell-Side Fouled
2026-02-02 06:30:00,20.31,33.171,142.43,66.71,27.35,54.5,12.067,11.052,4.484,3.592,1.0145,0.8911,3767.91,60.43,498.8,0.000534,0.658,2,Shell-Side Fouled
2026-02-02 06:45:00,17.972,31.869,147.59,63.14,27.81,55.7,12.196,11.372,4.397,3.409,0.8242,0.9881,3718.51,59.17,502.77,0.000531,0.7051,2,Shell-Side Fouled
2026-02-02 07:00:00,18.752,32.855,142.72,67.67,27.91,52.99,12.318,11.425,4.605,3.537,0.8932,1.0687,3448.05,61.39,449.32,0.000826,0.6537,2,Shell-Side Fouled
2026-02-02 07:15:00,18.764,31.174,145.98,70.83,28.89,55.38,12.141,11.221,4.482,3.729,0.919,0.753,3455.17,63.18,437.52,0.000764,0.6418,2,Shell-Side Fouled
2026-02-02 07:30:00,18.16,34.677,145.39,64.31,27.21,52.07,11.999,11.128,4.583,3.423,0.8702,1.1599,3607.29,60.95,473.46,0.000662,0.686,2,Shell-Side Fouled
2026-02-02 07:45:00,19.069,31.762,143.88,66.08,28.79,56.14,12.255,11.327,4.485,3.422,0.9289,1.0626,3634.83,58.96,493.19,0.000557,0.676,2,Shell-Side Fouled
2026-02-02 08:00:00,18.57,36.66,145.52,60.97,23.88,48.96,11.778,10.89,4.553,3.496,0.8881,1.0577,3846.77,62.15,495.15,0.000555,0.6951,2,Shell-Side Fouled
2026-02-02 08:15:00,19.466,29.856,146.09,67.03,28.51,58.69,11.813,10.823,4.395,3.45,0.9903,0.9448,3770.84,59.66,505.62,0.000519,0.6724,2,Shell-Side Fouled
2026-02-02 08:30:00,17.401,31.904,142.66,64.68,29.3,54.21,12.307,11.508,4.415,3.492,0.7997,0.9233,3324.78,57.91,459.29,0.000708,0.688,2,Shell-Side Fouled
2026-02-02 08:45:00,19.853,32.566,149.06,72.17,25.34,52.79,12.076,11.071,4.435,3.575,1.0049,0.86,3739.84,68.6,436.11,0.000792,0.6215,2,Shell-Side Fouled
2026-02-02 09:00:00,20.785,33.647,146.03,74.13,27.68,53.68,11.785,10.662,4.619,3.773,1.123,0.8465,3661.21,66.8,438.49,0.000821,0.6075,2,Shell-Side Fouled
2026-02-02 09:15:00,21.501,31.486,143.93,75.48,29.68,57.05,11.994,10.831,4.498,3.691,1.1627,0.8074,3606.09,64.16,449.63,0.000801,0.5992,2,Shell-Side Fouled
2026-02-02 09:30:00,18.711,31.935,146.64,69.63,29.16,55.58,12.169,11.284,4.366,3.447,0.8848,0.9185,3530.23,62.38,452.72,0.000729,0.6555,2,Shell-Side Fouled
2026-02-02 09:45:00,18.561,31.397,148.29,72.58,30.65,56.86,11.807,10.914,4.451,3.456,0.8922,0.9955,3442.8,63.49,433.82,0.000799,0.6436,2,Shell-Side Fouled
2026-02-02 10:00:00,18.127,30.458,145.13,66.14,27.6,55.12,12.069,11.201,4.337,3.372,0.8688,0.9649,3507.77,60.68,462.47,0.000697,0.6721,2,Shell-Side Fouled
2026-02-02 10:15:00,19.936,28.867,148.86,76.54,29.86,59.1,11.823,10.809,4.412,3.69,1.0139,0.722,3532.09,65.89,428.83,0.000809,0.6077,2,Shell-Side Fouled
2026-02-02 10:30:00,18.529,32.389,144.0,66.9,27.1,52.93,11.926,11.034,4.557,3.705,0.8921,0.8511,3500.09,61.94,452.04,0.000683,0.6595,2,Shell-Side Fouled
2026-02-02 10:45:00,17.175,32.51,144.72,62.47,24.58,50.03,12.399,11.631,4.518,3.587,0.7678,0.9301,3461.3,62.01,446.52,0.000769,0.6847,2,Shell-Side Fouled
2026-02-02 11:00:00,19.987,30.603,143.87,67.17,25.99,55.32,11.748,10.753,4.489,3.59,0.995,0.899,3755.9,61.88,485.6,0.000589,0.6506,2,Shell-Side Fouled
2026-02-02 11:15:00,22.093,31.662,142.97,71.18,28.24,57.58,11.714,10.534,4.546,3.669,1.1797,0.8776,3886.16,61.75,503.47,0.00056,0.6258,2,Shell-Side Fouled
2026-02-02 11:30:00,17.796,34.46,147.89,63.26,30.1,55.69,12.16,11.34,4.521,3.524,0.8208,0.9966,3689.76,57.74,511.25,0.000496,0.7185,2,Shell-Side Fouled
2026-02-02 11:45:00,16.984,28.306,145.97,62.55,26.14,55.45,11.849,11.094,4.504,3.804,0.7543,0.7001,3471.17,59.41,467.41,0.000663,0.6962,2,Shell-Side Fouled
2026-02-02 12:00:00,17.702,30.058,145.85,62.26,28.34,57.16,12.024,11.195,4.442,3.581,0.8284,0.8606,3625.22,56.98,508.99,0.000527,0.7114,2,Shell-Side Fouled
2026-02-02 12:15:00,17.082,30.715,146.31,60.9,27.82,55.64,12.068,11.332,4.598,3.817,0.7357,0.7808,3574.33,57.12,500.62,0.000552,0.7208,2,Shell-Side Fouled
2026-02-02 12:30:00,16.358,32.709,148.4,63.15,28.8,53.76,12.01,11.268,4.653,3.583,0.7426,1.0703,3416.41,59.49,459.42,0.00071,0.7127,2,Shell-Side Fouled
2026-02-02 12:45:00,16.844,33.107,144.44,60.44,27.2,52.23,11.748,11.025,4.305,3.228,0.7235,1.0768,3466.56,57.79,479.86,0.000568,0.7165,2,Shell-Side Fouled
2026-02-02 13:00:00,19.982,34.213,143.94,67.29,27.6,53.81,12.028,10.986,4.64,3.544,1.0418,1.0961,3752.4,61.51,488.06,0.000577,0.6588,2,Shell-Side Fouled
2026-02-02 13:15:00,18.199,30.507,142.12,64.24,27.08,54.28,11.805,10.936,4.528,3.584,0.8691,0.9447,3472.28,58.91,471.55,0.000689,0.677,2,Shell-Side Fouled
2026-02-02 13:30:00,19.86,34.031,144.54,67.72,29.08,55.33,12.22,11.206,4.453,3.529,1.0142,0.9249,3738.05,60.44,494.8,0.000581,0.6654,2,Shell-Side Fouled
2026-02-02 13:45:00,20.178,31.271,145.9,73.49,27.15,54.51,11.881,10.818,4.534,3.63,1.0623,0.9046,3579.77,66.34,431.69,0.000854,0.6097,2,Shell-Side Fouled
2026-02-02 14:00:00,19.106,31.462,144.6,71.15,28.74,54.86,12.018,11.075,4.579,3.693,0.9428,0.8867,3438.11,63.15,435.54,0.000803,0.6339,2,Shell-Side Fouled
2026-02-02 14:15:00,20.191,35.251,144.09,69.25,29.78,54.89,12.04,10.989,4.774,3.693,1.0505,1.0814,3702.17,60.99,485.6,0.000623,0.6547,2,Shell-Side Fouled
2026-02-02 14:30:00,15.676,29.736,146.2,60.28,30.68,57.2,11.989,11.309,4.609,3.828,0.6801,0.7807,3300.08,53.96,489.31,0.000557,0.7438,2,Shell-Side Fouled
2026-02-02 14:45:00,17.216,30.135,143.44,63.19,28.56,55.4,11.878,11.108,4.418,3.656,0.7698,0.7621,3384.88,57.25,473.01,0.000672,0.6985,2,Shell-Side Fouled
2026-02-02 15:00:00,18.145,34.141,144.97,68.47,30.71,54.52,12.142,11.287,4.403,3.297,0.8558,1.1059,3400.76,60.32,451.05,0.000756,0.6695,2,Shell-Side Fouled
2026-02-02 15:15:00,20.026,35.479,139.27,70.11,29.22,52.08,11.821,10.782,4.241,3.066,1.0393,1.1747,3393.29,61.14,444.0,0.000799,0.6285,2,Shell-Side Fouled
2026-02-02 15:30:00,19.338,34.435,145.11,64.74,27.68,54.11,11.989,11.058,4.381,3.495,0.9314,0.8861,3807.77,60.05,507.32,0.000523,0.6844,2,Shell-Side Fouled
2026-02-02 15:45:00,18.601,29.208,141.27,68.86,26.72,53.72,11.931,11.013,4.648,3.839,0.9184,0.8095,3299.8,62.1,425.1,0.000878,0.6321,2,Shell-Side Fouled
2026-02-02 16:00:00,17.653,32.898,143.29,68.92,30.72,54.09,12.174,11.341,4.521,3.672,0.8327,0.8491,3216.35,60.14,427.88,0.000854,0.6606,2,Shell-Side Fouled
2026-02-02 16:15:00,20.824,30.753,146.27,71.34,26.83,56.54,11.841,10.745,4.321,3.334,1.0965,0.9878,3822.83,64.51,474.11,0.000652,0.6273,2,Shell-Side Fouled
2026-02-02 16:30:00,17.705,29.421,146.08,63.13,26.11,55.34,11.582,10.793,4.63,3.927,0.7886,0.703,3597.94,59.92,480.38,0.000647,0.6914,2,Shell-Side Fouled
2026-02-02 16:45:00,19.676,31.19,145.57,70.96,27.26,54.83,12.404,11.388,4.371,3.576,1.0161,0.7949,3596.86,64.38,446.96,0.000776,0.6307,2,Shell-Side Fouled
2026-02-02 17:00:00,20.255,32.092,146.27,73.21,30.23,57.23,12.154,11.083,4.5,3.699,1.0708,0.8009,3625.73,63.23,458.7,0.000684,0.6297,2,Shell-Side Fouled
2026-02-02 17:15:00,19.169,35.83,145.12,68.2,27.86,51.95,12.31,11.363,4.486,3.54,0.9473,0.9466,3612.18,63.12,457.85,0.000742,0.6559,2,Shell-Side Fouled
2026-02-02 17:30:00,16.287,28.987,140.4,61.01,27.86,53.98,11.529,10.821,4.484,3.671,0.7086,0.8132,3167.83,55.59,455.86,0.000737,0.7054,2,Shell-Side Fouled
2026-02-02 17:45:00,17.478,32.411,141.04,64.36,29.6,53.81,11.809,10.978,4.515,3.644,0.8311,0.8716,3283.47,57.03,460.61,0.000711,0.6881,2,Shell-Side Fouled
2026-02-02 18:00:00,17.787,35.649,147.01,65.5,30.06,53.87,11.758,10.907,4.552,3.329,0.8509,1.2229,3551.67,59.72,475.81,0.000616,0.6969,2,Shell-Side Fouled
2026-02-02 18:15:00,18.176,31.935,144.39,69.02,29.92,55.03,11.792,10.935,4.425,3.619,0.8568,0.8052,3356.27,60.81,441.53,0.000754,0.6584,2,Shell-Side Fouled
2026-02-02 18:30:00,17.81,31.281,141.36,64.51,28.21,53.83,12.256,11.419,4.442,3.644,0.8377,0.7979,3353.29,58.21,460.87,0.000776,0.6792,2,Shell-Side Fouled
2026-02-02 18:45:00,18.081,35.437,145.77,65.47,26.85,50.84,11.988,11.141,4.522,3.238,0.8463,1.2835,3556.91,62.61,454.49,0.000745,0.6752,2,Shell-Side Fouled
2026-02-02 19:00:00,19.676,31.634,146.23,69.88,30.57,58.38,12.111,11.102,4.523,3.704,1.0086,0.8187,3680.39,60.36,487.77,0.000514,0.6601,2,Shell-Side Fouled
2026-02-02 19:15:00,18.618,31.041,144.96,67.55,25.34,52.53,12.165,11.273,4.484,3.483,0.8913,1.001,3531.11,64.07,440.9,0.000849,0.6472,2,Shell-Side Fouled
2026-02-02 19:30:00,17.959,32.239,144.24,64.56,27.14,53.13,11.944,11.096,4.504,3.683,0.8478,0.8209,3506.14,60.34,464.86,0.000729,0.6805,2,Shell-Side Fouled
2026-02-02 19:45:00,18.573,33.155,142.37,69.1,27.47,51.51,11.777,10.898,4.547,3.553,0.8785,0.9941,3334.38,63.08,422.89,0.000895,0.6377,2,Shell-Side Fouled
2026-02-02 20:00:00,18.198,31.808,139.95,66.93,28.58,53.04,11.965,11.093,4.556,3.587,0.8727,0.9689,3255.24,59.36,438.71,0.000842,0.6556,2,Shell-Side Fouled
2026-02-02 20:15:00,17.461,29.048,145.94,62.47,27.4,56.78,12.257,11.473,4.452,3.751,0.7836,0.7015,3570.6,57.97,492.76,0.000558,0.7041,2,Shell-Side Fouled
2026-02-02 20:30:00,21.655,33.505,147.71,72.3,27.83,56.37,12.021,10.846,4.457,3.421,1.1752,1.0357,4000.87,65.12,491.54,0.000545,0.6291,2,Shell-Side Fouled
2026-02-02 20:45:00,20.205,33.957,143.11,69.71,26.83,52.4,12.249,11.219,4.71,3.754,1.0298,0.9561,3633.69,63.83,455.41,0.00072,0.6313,2,Shell-Side Fouled
2026-02-02 21:00:00,18.786,34.194,143.37,69.72,28.14,51.83,11.732,10.844,4.616,3.531,0.8886,1.0857,3389.4,63.31,428.3,0.000815,0.6391,2,Shell-Side Fouled
2026-02-02 21:15:00,20.923,31.292,145.68,71.99,29.67,58.52,12.229,11.093,4.438,3.672,1.1364,0.7662,3777.36,62.06,486.94,0.000574,0.6352,2,Shell-Side Fouled
2026-02-02 21:30:00,20.266,32.113,144.81,70.74,28.37,55.75,12.011,10.962,4.478,3.618,1.0489,0.86,3678.07,62.85,468.16,0.000663,0.6362,2,Shell-Side Fouled
2026-02-02 21:45:00,19.352,31.557,145.61,71.38,29.38,56.04,11.656,10.7,4.41,3.438,0.9556,0.9725,3519.48,62.81,448.28,0.000791,0.6387,2,Shell-Side Fouled
2026-02-02 22:00:00,18.786,32.843,147.91,69.46,27.11,53.39,12.132,11.226,4.674,3.656,0.9059,1.018,3610.75,64.99,444.5,0.000826,0.6494,2,Shell-Side Fouled
2026-02-02 22:15:00,17.844,32.582,143.48,69.28,30.85,54.65,11.956,11.104,4.389,3.516,0.8517,0.8735,3243.96,60.15,431.42,0.000851,0.6588,2,Shell-Side Fouled
2026-02-02 22:30:00,17.448,31.713,143.67,61.89,28.79,55.14,12.368,11.586,4.462,3.517,0.7824,0.9449,3495.95,56.34,496.36,0.000558,0.7119,2,Shell-Side Fouled
2026-02-02 22:45:00,16.392,29.686,146.19,59.07,27.05,55.22,11.935,11.251,4.684,3.811,0.684,0.8722,3498.51,56.45,495.76,0.000551,0.7312,2,Shell-Side Fouled
2026-02-02 23:00:00,16.711,30.743,145.59,60.56,27.83,54.9,12.067,11.321,4.56,3.744,0.7463,0.8165,3481.69,56.87,489.8,0.000594,0.7221,2,Shell-Side Fouled
2026-02-02 23:15:00,20.148,32.691,145.27,71.21,27.08,53.81,11.523,10.495,4.622,3.631,1.0276,0.9915,3655.49,64.95,450.28,0.000748,0.6266,2,Shell-Side Fouled
2026-02-02 23:30:00,18.705,31.874,143.71,64.76,25.29,52.42,11.839,10.941,4.607,3.814,0.8977,0.7935,3617.85,61.8,468.33,0.00064,0.6667,2,Shell-Side Fouled
2026-02-02 23:45:00,19.712,32.884,150.54,68.92,27.43,56.08,11.943,10.967,4.618,3.633,0.9755,0.9855,3941.81,64.39,489.74,0.000583,0.663,2,Shell-Side Fouled
2026-02-03 00:00:00,20.236,33.256,143.59,69.59,26.94,53.31,12.16,11.131,4.257,3.217,1.0282,1.0402,3668.89,63.52,462.1,0.000654,0.6344,2,Shell-Side Fouled
2026-02-03 00:15:00,18.238,32.673,145.41,68.47,28.13,53.28,11.735,10.862,4.397,3.503,0.8729,0.8946,3437.88,62.71,438.57,0.000835,0.656,2,Shell-Side Fouled
2026-02-03 00:30:00,17.604,31.054,144.62,63.43,29.27,56.22,11.993,11.217,4.504,3.489,0.7761,1.0145,3501.95,57.04,491.15,0.000563,0.7039,2,Shell-Side Fouled
2026-02-03 00:45:00,18.681,36.23,143.47,64.16,26.74,50.69,12.056,11.171,4.401,3.321,0.8847,1.0802,3630.01,60.97,476.31,0.000595,0.6794,2,Shell-Side Fouled
2026-02-03 01:00:00,19.09,30.998,143.98,65.95,28.88,57.02,12.074,11.148,4.437,3.669,0.9261,0.7682,3649.17,58.51,498.91,0.000547,0.6779,2,Shell-Side Fouled
2026-02-03 01:15:00,19.405,29.996,147.94,66.49,26.93,57.78,11.85,10.917,4.615,3.889,0.9328,0.7255,3872.11,61.42,504.33,0.000534,0.6731,2,Shell-Side Fouled
2026-02-03 01:30:00,18.727,31.358,142.64,69.82,29.96,55.42,11.818,10.896,4.514,3.724,0.9213,0.7907,3340.87,60.48,441.91,0.000808,0.6462,2,Shell-Side Fouled
2026-02-03 01:45:00,17.951,32.353,141.83,64.19,29.0,54.22,12.037,11.189,4.482,3.694,0.8477,0.7886,3414.45,57.47,475.31,0.000614,0.6881,2,Shell-Side Fouled
2026-02-03 02:00:00,17.341,31.447,145.04,64.09,25.69,51.83,11.79,11.037,4.434,3.541,0.7526,0.8927,3439.01,61.81,445.1,0.00075,0.6782,2,Shell-Side Fouled
2026-02-03 02:15:00,16.909,33.633,146.17,61.92,27.89,52.69,12.188,11.438,4.81,3.783,0.7505,1.0276,3490.48,58.83,474.65,0.000651,0.7123,2,Shell-Side Fouled
2026-02-03 02:30:00,18.5,36.782,144.3,69.34,32.5,54.58,12.088,11.183,4.585,3.555,0.9048,1.0292,3397.47,59.4,457.54,0.000747,0.6705,2,Shell-Side Fouled
2026-02-03 02:45:00,18.6,33.03,146.33,67.75,27.14,53.05,12.025,11.135,4.267,3.354,0.8901,0.9122,3580.61,63.34,452.25,0.000773,0.6593,2,Shell-Side Fouled
2026-02-03 03:00:00,19.323,32.984,147.7,68.86,28.22,55.27,12.035,11.108,4.574,3.564,0.9266,1.0099,3732.55,63.03,473.76,0.000638,0.6599,2,Shell-Side Fouled
2026-02-03 03:15:00,17.884,30.228,147.75,70.57,29.53,56.27,12.263,11.43,4.481,3.645,0.8332,0.8367,3381.82,62.93,429.92,0.00084,0.6528,2,Shell-Side Fouled
2026-02-03 03:30:00,18.494,33.469,146.5,67.58,26.95,52.49,11.956,11.068,4.399,3.498,0.8884,0.9015,3575.86,63.63,449.57,0.000763,0.6602,2,Shell-Side Fouled
2026-02-03 03:45:00,19.53,33.692,150.83,69.41,28.14,55.78,11.952,10.991,4.556,3.559,0.9611,0.997,3896.07,64.46,483.54,0.000592,0.6637,2,Shell-Side Fouled
2026-02-03 04:00:00,18.851,31.421,150.37,68.97,25.74,54.33,12.448,11.559,4.638,3.737,0.8885,0.9011,3759.79,66.16,454.65,0.000746,0.6532,2,Shell-Side Fouled
2026-02-03 04:15:00,18.406,30.36,147.37,63.96,27.68,57.29,12.082,11.236,4.499,3.797,0.8458,0.7023,3761.06,59.16,508.6,0.000499,0.6968,2,Shell-Side Fouled
2026-02-03 04:30:00,18.315,30.261,148.48,66.15,25.94,55.12,12.467,11.598,4.53,3.577,0.8696,0.9532,3694.58,63.1,468.38,0.000674,0.6719,2,Shell-Side Fouled
2026-02-03 04:45:00,19.988,32.968,142.62,65.83,24.88,52.14,12.042,11.001,4.523,3.45,1.0415,1.0726,3760.63,62.47,481.56,0.000666,0.6522,2,Shell-Side Fouled
2026-02-03 05:00:00,17.328,31.495,139.56,60.81,27.94,53.31,11.868,11.082,4.532,3.538,0.786,0.9944,3343.6,55.33,483.42,0.000625,0.7056,2,Shell-Side Fouled
2026-02-03 05:15:00,16.867,34.301,147.2,59.6,27.97,53.19,12.058,11.313,4.6,3.64,0.7442,0.9602,3619.87,57.26,505.73,0.000496,0.7347,2,Shell-Side Fouled
2026-02-03 05:30:00,20.081,30.272,142.92,69.47,26.41,54.94,12.086,11.045,4.347,3.551,1.0407,0.7967,3613.32,62.87,459.81,0.000744,0.6304,2,Shell-Side Fouled
2026-02-03 05:45:00,20.917,31.647,145.62,73.37,29.37,57.33,11.607,10.478,4.436,3.38,1.1294,1.056,3702.76,63.59,465.81,0.000674,0.6215,2,Shell-Side Fouled
2026-02-03 06:00:00,18.177,31.647,147.54,68.55,28.43,54.99,11.726,10.88,4.709,3.751,0.8457,0.9585,3517.6,62.72,448.64,0.000679,0.6631,2,Shell-Side Fouled
2026-02-03 06:15:00,18.929,35.481,142.16,67.37,29.11,52.47,11.838,10.914,4.613,3.427,0.9239,1.1864,3468.19,60.37,459.61,0.000707,0.6615,2,Shell-Side Fouled
2026-02-03 06:30:00,18.831,30.519,141.28,65.99,26.3,53.5,11.99,11.104,4.535,3.638,0.8865,0.8967,3473.81,60.58,458.7,0.000743,0.6548,2,Shell-Side Fouled
2026-02-03 06:45:00,19.627,34.383,142.95,71.05,30.94,54.97,12.117,11.165,4.543,3.544,0.9512,0.9991,3457.27,60.94,453.88,0.000716,0.6419,2,Shell-Side Fouled
2026-02-03 07:00:00,18.909,33.448,144.3,66.14,29.48,55.35,12.015,11.089,4.453,3.394,0.9268,1.0591,3621.33,58.99,491.09,0.000655,0.6807,2,Shell-Side Fouled
2026-02-03 07:15:00,16.458,33.728,146.82,65.66,30.33,53.52,11.817,11.125,4.572,3.658,0.6916,0.9134,3272.75,59.7,438.56,0.000792,0.6967,2,Shell-Side Fouled
2026-02-03 07:30:00,17.177,30.846,144.34,61.31,28.25,55.32,12.023,11.245,4.498,3.765,0.778,0.7322,3494.31,56.5,494.8,0.000561,0.7152,2,Shell-Side Fouled
2026-02-03 07:45:00,20.221,31.702,146.24,73.27,28.6,55.85,12.172,11.162,4.529,3.583,1.0101,0.9461,3614.75,64.86,445.82,0.000801,0.6203,2,Shell-Side Fouled
2026-02-03 08:00:00,20.362,31.691,145.77,67.76,25.05,54.4,12.039,10.99,4.509,3.618,1.0489,0.8906,3891.76,63.99,486.55,0.000534,0.6462,2,Shell-Side Fouled
2026-02-03 08:15:00,18.689,31.193,143.66,65.18,27.37,54.91,12.032,11.139,4.38,3.396,0.8937,0.9837,3593.67,59.7,481.55,0.000641,0.6749,2,Shell-Side Fouled
2026-02-03 08:30:00,17.637,32.247,146.62,70.67,30.46,54.79,11.898,11.091,4.454,3.543,0.8073,0.9108,3281.6,62.51,419.99,0.00085,0.6538,2,Shell-Side Fouled
2026-02-03 08:45:00,19.942,32.927,141.57,66.2,27.82,54.55,11.994,11.014,4.279,3.158,0.9803,1.1213,3682.72,59.42,495.81,0.000552,0.6626,2,Shell-Side Fouled
2026-02-03 09:00:00,17.124,32.394,148.24,64.39,29.46,55.41,12.101,11.348,4.492,3.652,0.7535,0.8402,3517.61,59.23,475.09,0.000586,0.7059,2,Shell-Side Fouled
2026-02-03 09:15:00,20.355,32.266,147.45,73.03,29.44,56.93,12.416,11.367,4.518,3.652,1.0483,0.8658,3711.3,64.22,462.3,0.00068,0.6306,2,Shell-Side Fouled
2026-02-03 09:30:00,19.661,29.59,144.83,68.33,27.72,57.48,11.786,10.823,4.588,3.874,0.9623,0.7134,3685.08,61.03,483.08,0.000574,0.6532,2,Shell-Side Fouled
2026-02-03 09:45:00,19.537,33.859,149.2,72.36,28.65,54.61,11.932,10.975,4.453,3.294,0.957,1.159,3677.97,65.91,446.45,0.000786,0.6374,2,Shell-Side Fouled
2026-02-03 10:00:00,17.982,34.424,145.46,66.94,27.45,51.46,11.843,11.026,4.485,3.301,0.8172,1.1835,3458.99,62.85,440.27,0.000796,0.6653,2,Shell-Side Fouled
2026-02-03 10:15:00,18.179,34.842,146.76,63.52,28.13,53.56,12.245,11.362,4.541,3.373,0.8826,1.1677,3707.36,59.71,496.73,0.000573,0.7016,2,Shell-Side Fouled
2026-02-03 10:30:00,20.308,29.911,141.75,67.62,23.73,53.2,12.095,11.071,4.336,3.479,1.0233,0.857,3688.65,63.63,463.77,0.000634,0.6281,2,Shell-Side Fouled
2026-02-03 10:45:00,19.341,35.216,143.37,66.17,26.02,50.85,12.062,11.09,4.521,3.525,0.9722,0.996,3658.11,62.73,466.55,0.000673,0.6579,2,Shell-Side Fouled
2026-02-03 11:00:00,18.914,33.325,146.91,70.76,28.03,53.34,12.005,11.109,4.209,3.304,0.8968,0.9051,3529.05,64.86,435.28,0.000823,0.6406,2,Shell-Side Fouled
2026-02-03 11:15:00,17.442,33.984,142.6,64.2,27.09,50.66,11.864,11.093,4.45,3.542,0.7706,0.9088,3350.31,60.43,443.53,0.000824,0.6788,2,Shell-Side Fouled
2026-02-03 11:30:00,18.76,31.613,144.62,66.76,29.52,56.58,12.055,11.15,4.385,3.351,0.9044,1.034,3578.58,59.04,484.88,0.000627,0.6765,2,Shell-Side Fouled
2026-02-03 11:45:00,17.223,31.925,141.16,62.36,28.48,53.38,11.989,11.207,4.516,3.738,0.7819,0.7773,3325.13,56.61,469.86,0.000683,0.6994,2,Shell-Side Fouled
2026-02-03 12:00:00,18.106,31.629,149.05,65.33,28.15,56.22,12.076,11.229,4.299,3.37,0.8478,0.9287,3714.13,60.82,488.54,0.000618,0.6925,2,Shell-Side Fouled
2026-02-03 12:15:00,18.533,32.552,144.33,65.18,27.56,53.95,11.55,10.639,4.579,3.748,0.9119,0.8309,3593.9,60.2,477.62,0.000614,0.6778,2,Shell-Side Fouled
2026-02-03 12:30:00,18.316,31.778,145.5,66.45,26.75,53.43,12.042,11.162,4.568,3.728,0.8798,0.8404,3547.28,62.26,455.83,0.000687,0.6657,2,Shell-Side Fouled
2026-02-03 12:45:00,18.541,33.551,148.33,70.5,30.32,55.51,11.862,11.031,4.525,3.495,0.8308,1.0302,3535.19,62.87,449.84,0.000739,0.6595,2,Shell-Side Fouled
2026-02-03 13:00:00,16.277,29.397,149.7,63.47,26.06,54.01,11.788,11.072,4.408,3.518,0.7156,0.8901,3438.6,62.05,443.3,0.000718,0.6974,2,Shell-Side Fouled
2026-02-03 13:15:00,18.354,35.168,144.13,65.18,27.78,51.91,11.931,11.066,4.608,3.57,0.8654,1.0375,3550.28,60.74,467.6,0.000694,0.6786,2,Shell-Side Fouled
2026-02-03 13:30:00,20.413,34.318,142.7,70.11,27.38,52.66,11.858,10.78,4.543,3.531,1.0773,1.0122,3630.43,63.48,457.52,0.000754,0.6294,2,Shell-Side Fouled
2026-02-03 13:45:00,20.35,33.905,148.06,74.53,31.88,57.72,12.109,11.085,4.533,3.649,1.0242,0.8835,3666.28,63.54,461.61,0.00074,0.6329,2,Shell-Side Fouled
2026-02-03 14:00:00,18.911,33.601,142.63,69.5,29.7,53.8,11.909,10.97,4.447,3.508,0.9393,0.9388,3388.41,61.06,443.92,0.000778,0.6476,2,Shell-Side Fouled
2026-02-03 14:15:00,16.402,34.368,149.75,64.88,29.55,53.27,12.215,11.52,4.475,3.318,0.6951,1.1574,3410.3,60.87,448.18,0.000745,0.706,2,Shell-Side Fouled
2026-02-03 14:30:00,19.276,31.298,144.25,71.44,30.59,56.85,12.12,11.18,4.532,3.716,0.9397,0.8158,3438.47,61.2,449.47,0.000747,0.6406,2,Shell-Side Fouled
2026-02-03 14:45:00,16.639,33.66,143.71,65.26,28.3,51.01,12.01,11.293,4.556,3.494,0.7172,1.0613,3197.91,60.61,422.07,0.000811,0.6798,2,Shell-Side Fouled
2026-02-03 15:00:00,18.728,30.709,143.32,67.27,28.86,56.02,12.114,11.231,4.536,3.692,0.8826,0.8439,3489.26,59.54,468.82,0.000687,0.6644,2,Shell-Side Fouled
2026-02-03 15:15:00,19.84,32.499,146.49,68.23,26.56,54.54,11.984,11.007,4.534,3.543,0.9775,0.991,3803.98,63.53,479.05,0.000567,0.6526,2,Shell-Side Fouled
2026-02-03 15:30:00,18.463,29.61,147.14,69.78,28.27,56.51,12.385,11.49,4.53,3.789,0.8947,0.7407,3499.56,62.91,445.05,0.000739,0.6508,2,Shell-Side Fouled
2026-02-03 15:45:00,19.635,33.027,145.67,70.5,27.42,53.59,11.977,10.97,4.443,3.507,1.0076,0.9367,3616.39,64.5,448.52,0.000715,0.6357,2,Shell-Side Fouled
2026-02-03 16:00:00,18.986,31.665,145.11,69.3,27.3,53.92,12.006,11.096,4.514,3.734,0.9107,0.7802,3526.02,63.45,444.61,0.000755,0.6435,2,Shell-Side Fouled
2026-02-03 16:15:00,17.907,30.888,143.52,65.57,26.91,53.37,12.225,11.391,4.514,3.677,0.8344,0.8368,3419.79,60.82,449.84,0.000743,0.6684,2,Shell-Side Fouled
2026-02-03 16:30:00,18.953,33.655,149.79,66.99,27.2,54.5,11.776,10.818,4.566,3.621,0.9578,0.9451,3844.86,63.55,484.02,0.00058,0.6754,2,Shell-Side Fouled
2026-02-03 16:45:00,19.347,30.8,146.37,65.83,26.48,56.1,11.995,11.04,4.632,3.673,0.9548,0.9594,3817.43,61.33,497.94,0.000541,0.6717,2,Shell-Side Fouled
2026-02-03 17:00:00,19.242,28.57,146.31,71.22,26.59,56.2,11.762,10.817,4.554,3.87,0.9458,0.6842,3539.76,64.73,437.51,0.000801,0.6272,2,Shell-Side Fouled
2026-02-03 17:15:00,19.094,33.8,145.86,69.49,29.35,54.61,11.946,11.02,4.83,3.776,0.9262,1.0534,3572.57,62.24,459.19,0.000725,0.6554,2,Shell-Side Fouled
2026-02-03 17:30:00,18.684,35.167,144.79,68.16,29.4,53.24,12.303,11.419,4.51,3.478,0.884,1.0314,3508.01,61.42,456.92,0.000762,0.6641,2,Shell-Side Fouled
2026-02-03 17:45:00,18.613,32.915,141.08,63.36,29.07,54.81,12.082,11.197,4.666,3.778,0.8848,0.8877,3544.08,56.33,503.29,0.00051,0.6939,2,Shell-Side Fouled
2026-02-03 18:00:00,18.667,32.506,150.23,67.36,26.14,54.01,12.099,11.195,4.504,3.46,0.904,1.0442,3790.01,64.88,467.3,0.000709,0.6678,2,Shell-Side Fouled
2026-02-03 18:15:00,17.299,35.569,144.53,65.17,27.55,50.16,12.121,11.338,4.611,3.394,0.7837,1.2166,3363.49,61.71,436.05,0.000799,0.6784,2,Shell-Side Fouled
2026-02-03 18:30:00,17.148,29.451,143.14,64.82,29.49,56.19,11.611,10.83,4.533,3.817,0.7819,0.7166,3290.49,57.32,459.24,0.000681,0.6891,2,Shell-Side Fouled
2026-02-03 18:45:00,20.26,33.935,144.1,66.62,26.76,53.84,11.688,10.668,4.462,3.55,1.0202,0.9124,3845.57,61.67,498.86,0.000507,0.6602,2,Shell-Side Fouled
2026-02-03 19:00:00,20.223,32.932,146.33,74.44,29.52,55.37,12.185,11.162,4.642,3.756,1.0223,0.886,3561.96,65.25,436.68,0.00085,0.6155,2,Shell-Side Fouled
2026-02-03 19:15:00,15.988,35.866,142.54,58.37,26.97,48.94,12.246,11.56,4.379,3.094,0.6855,1.2854,3296.97,56.94,463.19,0.000706,0.7283,2,Shell-Side Fouled
2026-02-03 19:30:00,18.024,31.968,148.25,65.92,25.9,53.08,12.13,11.283,4.48,3.725,0.8461,0.7555,3635.46,63.66,456.86,0.000748,0.6729,2,Shell-Side Fouled
2026-02-03 19:45:00,19.567,34.964,145.64,69.65,29.43,54.33,12.256,11.25,4.522,3.599,1.0059,0.9229,3643.17,62.31,467.73,0.000694,0.6539,2,Shell-Side Fouled
2026-02-03 20:00:00,19.24,32.578,148.69,69.34,30.49,57.93,11.815,10.855,4.443,3.608,0.9602,0.8344,3740.1,61.18,489.1,0.000548,0.6713,2,Shell-Side Fouled
2026-02-03 20:15:00,19.091,31.885,144.4,67.86,26.74,53.57,11.679,10.736,4.663,3.709,0.9429,0.9539,3579.95,62.72,456.59,0.00071,0.6505,2,Shell-Side Fouled
2026-02-03 20:30:00,17.328,34.015,145.66,63.4,28.92,53.46,12.163,11.371,4.536,3.675,0.7919,0.8611,3492.12,58.68,476.06,0.000653,0.7046,2,Shell-Side Fouled
2026-02-03 20:45:00,19.749,34.259,140.42,68.54,26.44,50.7,12.405,11.429,4.523,3.516,0.9761,1.0068,3477.97,62.94,442.07,0.000792,0.6306,2,Shell-Side Fouled
2026-02-03 21:00:00,18.481,33.099,149.41,68.46,27.13,53.6,12.061,11.178,4.6,3.735,0.8827,0.8651,3665.71,64.8,452.58,0.000801,0.662,2,Shell-Side Fouled
2026-02-03 21:15:00,18.331,35.239,140.89,61.75,28.1,52.2,11.704,10.853,4.43,3.351,0.8515,1.0784,3554.19,56.79,500.68,0.000506,0.7017,2,Shell-Side Fouled
2026-02-03 21:30:00,16.662,30.857,151.35,68.13,28.49,54.81,11.636,10.87,4.36,3.58,0.7662,0.7796,3397.08,63.93,425.12,0.000861,0.6774,2,Shell-Side Fouled
2026-02-03 21:45:00,18.183,33.571,147.31,70.63,29.58,53.9,11.872,11.006,4.694,3.779,0.8658,0.9146,3415.79,63.68,429.13,0.000857,0.6513,2,Shell-Side Fouled
2026-02-03 22:00:00,18.244,30.415,146.37,68.16,28.65,56.12,12.003,11.125,4.648,3.822,0.8777,0.8263,3495.57,61.43,455.24,0.000664,0.6643,2,Shell-Side Fouled
2026-02-03 22:15:00,21.683,34.175,145.33,75.78,28.78,54.62,11.62,10.465,4.395,3.23,1.1555,1.1651,3695.02,66.47,444.69,0.0008,0.5968,2,Shell-Side Fouled
2026-02-03 22:30:00,18.624,30.099,144.43,66.4,26.13,54.4,11.876,11.009,4.62,3.758,0.8672,0.8616,3560.18,61.84,460.53,0.000668,0.6596,2,Shell-Side Fouled
2026-02-03 22:45:00,19.196,32.22,146.62,67.87,25.72,53.19,12.173,11.23,4.387,3.429,0.9436,0.9585,3703.84,64.42,459.93,0.000736,0.6514,2,Shell-Side Fouled
2026-02-03 23:00:00,20.009,30.617,145.45,70.41,29.04,57.76,12.147,11.098,4.541,3.831,1.0495,0.7097,3678.7,61.65,477.33,0.000656,0.6446,2,Shell-Side Fouled
2026-02-03 23:15:00,17.627,34.457,147.38,62.73,27.97,53.32,11.96,11.158,4.323,3.183,0.8025,1.1403,3655.36,59.57,490.91,0.000564,0.7089,2,Shell-Side Fouled
2026-02-03 23:30:00,18.764,31.057,145.03,70.15,29.44,55.93,12.053,11.15,4.5,3.731,0.9028,0.7691,3442.35,61.78,445.76,0.000805,0.6478,2,Shell-Side Fouled
2026-02-03 23:45:00,17.25,31.816,147.52,63.49,26.66,53.34,12.111,11.353,4.211,3.366,0.7576,0.8448,3551.47,61.08,465.16,0.000685,0.6953,2,Shell-Side Fouled
2026-02-04 00:00:00,16.459,36.141,144.11,57.8,27.68,50.7,11.991,11.284,4.387,3.111,0.7072,1.2759,3480.32,55.92,497.91,0.000565,0.7413,2,Shell-Side Fouled
2026-02-04 00:15:00,19.724,31.582,147.24,71.84,28.41,55.98,11.681,10.698,4.482,3.66,0.9834,0.8221,3643.37,64.41,452.51,0.000723,0.6345,2,Shell-Side Fouled
2026-02-04 00:30:00,17.512,32.123,146.31,65.32,28.52,54.38,12.037,11.251,4.562,3.569,0.7859,0.9929,3474.69,60.22,461.62,0.000729,0.6876,2,Shell-Side Fouled
2026-02-04 00:45:00,19.173,30.48,145.76,69.09,28.38,56.62,12.163,11.207,4.413,3.439,0.9565,0.9737,3601.29,61.8,466.17,0.000715,0.6531,2,Shell-Side Fouled
2026-02-04 01:00:00,20.85,28.369,146.35,76.43,28.07,58.16,11.965,10.878,4.264,3.627,1.0869,0.6366,3571.75,66.3,431.0,0.000839,0.5911,2,Shell-Side Fouled
2026-02-04 01:15:00,19.196,31.011,145.65,68.62,28.16,56.08,12.209,11.283,4.49,3.693,0.926,0.7969,3622.77,61.8,468.98,0.000687,0.6556,2,Shell-Side Fouled
2026-02-04 01:30:00,17.002,33.31,137.34,58.91,26.92,50.37,11.732,10.98,4.514,3.485,0.7519,1.0296,3267.21,54.97,475.5,0.000638,0.7104,2,Shell-Side Fouled
2026-02-04 01:45:00,16.737,29.103,148.76,63.68,26.77,55.42,11.895,11.19,4.563,3.919,0.7043,0.6443,3488.65,60.83,458.84,0.000671,0.6974,2,Shell-Side Fouled
2026-02-04 02:00:00,17.148,30.607,147.96,67.84,30.11,56.39,12.052,11.298,4.553,3.699,0.7532,0.8541,3366.07,60.73,443.43,0.000752,0.6798,2,Shell-Side Fouled
2026-02-04 02:15:00,16.973,30.719,147.87,69.49,30.34,55.69,11.993,11.245,4.558,3.739,0.7482,0.8193,3259.28,61.92,421.08,0.000884,0.6669,2,Shell-Side Fouled
2026-02-04 02:30:00,18.379,31.493,143.56,66.76,28.52,54.76,11.727,10.878,4.58,3.754,0.8492,0.8263,3458.48,60.01,461.04,0.00068,0.6676,2,Shell-Side Fouled
2026-02-04 02:45:00,18.449,33.777,146.16,68.54,28.05,52.87,12.075,11.187,4.62,3.605,0.888,1.015,3508.33,63.26,443.64,0.000806,0.6571,2,Shell-Side Fouled
2026-02-04 03:00:00,18.466,27.864,144.34,67.29,28.11,58.01,11.835,10.956,4.417,3.625,0.8796,0.7918,3485.78,59.68,467.3,0.000651,0.6629,2,Shell-Side Fouled
2026-02-04 03:15:00,18.762,32.783,143.9,68.01,28.79,54.23,12.09,11.222,4.46,3.599,0.8678,0.8616,3488.32,61.01,457.42,0.000659,0.6593,2,Shell-Side Fouled
2026-02-04 03:30:00,16.426,30.608,144.06,62.91,30.67,56.18,12.005,11.291,4.479,3.725,0.7146,0.7536,3265.88,55.49,470.87,0.000637,0.7157,2,Shell-Side Fouled
2026-02-04 03:45:00,19.364,33.371,142.77,66.62,27.06,52.93,11.855,10.913,4.518,3.477,0.9414,1.0416,3612.7,61.3,471.44,0.000679,0.6581,2,Shell-Side Fouled
2026-02-04 04:00:00,18.399,33.571,143.47,67.24,26.55,51.02,11.938,11.067,4.598,3.525,0.871,1.0726,3436.66,63.07,435.93,0.000851,0.652,2,Shell-Side Fouled
2026-02-04 04:15:00,18.257,31.289,143.29,67.33,27.74,53.7,11.875,11.052,4.517,3.671,0.8228,0.8455,3397.99,61.22,444.01,0.000776,0.6574,2,Shell-Side Fouled
2026-02-04 04:30:00,18.595,31.683,147.93,66.43,26.07,54.07,12.011,11.093,4.404,3.368,0.9182,1.0356,3712.7,63.39,468.53,0.00069,0.6688,2,Shell-Side Fouled
2026-02-04 04:45:00,18.58,30.377,146.07,70.96,29.23,56.13,11.799,10.9,4.37,3.488,0.8991,0.8822,3419.12,62.78,435.72,0.000862,0.6429,2,Shell-Side Fouled
2026-02-04 05:00:00,18.716,32.631,144.54,65.08,30.02,56.71,12.035,11.128,4.531,3.472,0.9071,1.0583,3643.85,57.46,507.35,0.000505,0.6939,2,Shell-Side Fouled
2026-02-04 05:15:00,16.81,34.831,147.67,63.92,29.87,53.54,11.785,11.051,4.644,3.443,0.7342,1.2017,3449.33,59.08,467.06,0.000734,0.711,2,Shell-Side Fouled
2026-02-04 05:30:00,19.109,30.163,143.51,69.92,28.47,55.77,12.036,11.091,4.546,3.773,0.9451,0.7738,3444.98,61.73,446.49,0.000788,0.6397,2,Shell-Side Fouled
2026-02-04 05:45:00,18.802,31.317,146.25,67.03,27.55,55.4,12.18,11.256,4.543,3.64,0.9239,0.9028,3649.19,61.64,473.6,0.000639,0.6674,2,Shell-Side Fouled
2026-02-04 06:00:00,16.742,32.559,144.21,60.06,29.24,54.58,12.067,11.327,4.599,3.587,0.7397,1.011,3451.58,55.09,501.23,0.000553,0.7319,2,Shell-Side Fouled
2026-02-04 06:15:00,19.346,33.083,147.13,72.38,29.38,54.98,12.291,11.335,4.418,3.418,0.9557,1.0005,3543.16,64.48,439.6,0.000791,0.6349,2,Shell-Side Fouled
2026-02-04 06:30:00,18.288,34.846,146.19,67.88,27.42,51.48,11.873,11.026,4.528,3.487,0.8469,1.0416,3508.66,63.78,440.06,0.000815,0.6593,2,Shell-Side Fouled
2026-02-04 06:45:00,19.732,35.071,145.12,67.62,28.45,53.99,11.779,10.79,4.574,3.402,0.9892,1.1721,3746.9,61.53,487.14,0.000596,0.6643,2,Shell-Side Fouled
2026-02-04 07:00:00,18.776,32.106,147.45,64.98,24.08,52.32,11.639,10.754,4.638,3.761,0.8844,0.8766,3793.67,64.24,472.44,0.000604,0.6685,2,Shell-Side Fouled
2026-02-04 07:15:00,20.229,32.67,144.24,71.19,28.61,55.09,12.222,11.17,4.589,3.788,1.0515,0.801,3620.38,63.03,459.54,0.000726,0.6317,2,Shell-Side Fouled
2026-02-04 07:30:00,18.973,32.897,147.74,70.31,28.84,54.99,12.21,11.316,4.487,3.664,0.8941,0.8234,3598.92,63.7,451.95,0.00074,0.6512,2,Shell-Side Fouled
2026-02-04 07:45:00,19.97,32.126,146.8,72.09,28.41,55.61,11.886,10.871,4.481,3.647,1.0151,0.8341,3655.52,64.55,453.05,0.000776,0.6311,2,Shell-Side Fouled
2026-02-04 08:00:00,16.755,33.873,144.76,63.11,28.08,51.73,11.833,11.083,4.472,3.472,0.7506,0.9998,3351.62,59.38,451.56,0.000686,0.6998,2,Shell-Side Fouled
2026-02-04 08:15:00,20.104,31.675,142.38,68.5,27.68,55.14,12.07,11.044,4.778,3.919,1.0259,0.8583,3639.04,61.12,476.28,0.000563,0.6441,2,Shell-Side Fouled
2026-02-04 08:30:00,17.92,30.847,144.57,61.7,27.5,55.69,12.211,11.398,4.633,3.673,0.8131,0.9603,3638.31,57.25,508.4,0.000509,0.7079,2,Shell-Side Fouled
2026-02-04 08:45:00,19.466,33.803,145.93,67.64,30.29,56.69,11.877,10.919,4.614,3.462,0.9581,1.1516,3733.51,59.57,501.37,0.000545,0.677,2,Shell-Side Fouled
2026-02-04 09:00:00,17.673,31.571,143.57,64.91,26.72,52.5,12.212,11.401,4.49,3.469,0.8114,1.0207,3405.63,60.85,447.72,0.000741,0.6731,2,Shell-Side Fouled
2026-02-04 09:15:00,18.393,32.804,145.64,69.28,27.85,52.92,11.991,11.093,4.4,3.402,0.8978,0.9986,3441.03,63.67,432.36,0.000842,0.6483,2,Shell-Side Fouled
2026-02-04 09:30:00,19.382,32.246,144.41,70.6,28.7,54.68,11.993,11.033,4.472,3.648,0.9595,0.824,3504.97,62.81,446.46,0.000831,0.6379,2,Shell-Side Fouled
2026-02-04 09:45:00,21.836,30.52,148.22,73.73,27.66,58.86,12.012,10.813,4.487,3.676,1.1989,0.8111,3984.83,65.34,487.87,0.000592,0.6178,2,Shell-Side Fouled
2026-02-04 10:00:00,21.078,33.111,141.6,70.88,30.01,56.37,11.85,10.713,4.43,3.616,1.1374,0.8137,3652.19,60.36,484.09,0.000539,0.6338,2,Shell-Side Fouled
2026-02-04 10:15:00,19.482,34.101,141.9,65.68,28.41,53.9,11.632,10.653,4.527,3.395,0.9789,1.1323,3637.86,59.05,492.86,0.000624,0.6716,2,Shell-Side Fouled
2026-02-04 10:30:00,17.521,35.012,146.17,66.99,29.91,53.11,12.074,11.3,4.566,3.489,0.7739,1.0767,3399.02,60.84,446.95,0.000764,0.681,2,Shell-Side Fouled
2026-02-04 10:45:00,20.486,33.121,146.44,76.29,29.61,55.02,12.124,11.082,4.687,3.795,1.0415,0.892,3520.89,66.57,423.15,0.000818,0.6004,2,Shell-Side Fouled
2026-02-04 11:00:00,18.692,35.556,147.26,70.36,27.24,50.91,12.099,11.212,4.317,3.336,0.8871,0.9814,3521.6,66.21,425.53,0.000855,0.6407,2,Shell-Side Fouled
2026-02-04 11:15:00,19.741,32.918,143.9,71.28,27.01,52.51,11.919,10.942,4.478,3.458,0.9766,1.0198,3512.63,65.01,432.25,0.000813,0.6213,2,Shell-Side Fouled
2026-02-04 11:30:00,19.548,29.835,145.76,73.08,28.49,56.38,11.858,10.885,4.536,3.775,0.973,0.7606,3480.62,64.41,432.31,0.000863,0.6198,2,Shell-Side Fouled
2026-02-04 11:45:00,18.29,32.966,146.46,64.2,29.19,55.91,12.025,11.172,4.461,3.58,0.853,0.8809,3686.43,58.44,504.6,0.000495,0.7015,2,Shell-Side Fouled
2026-02-04 12:00:00,17.244,33.867,144.33,61.83,27.69,52.29,12.08,11.333,4.358,3.19,0.747,1.1681,3485.32,58.38,477.57,0.000611,0.7073,2,Shell-Side Fouled
2026-02-04 12:15:00,17.8,27.719,144.16,67.4,29.21,58.08,12.326,11.507,4.477,3.851,0.819,0.6256,3347.83,58.93,454.51,0.000713,0.6678,2,Shell-Side Fouled
2026-02-04 12:30:00,18.327,30.316,145.85,67.49,27.93,55.67,11.991,11.146,4.392,3.54,0.8442,0.8516,3518.37,61.43,458.22,0.000737,0.6646,2,Shell-Side Fouled
2026-02-04 12:45:00,17.834,27.933,146.82,65.29,27.97,58.45,12.28,11.465,4.483,3.795,0.8149,0.6882,3562.61,59.22,481.23,0.000615,0.686,2,Shell-Side Fouled
2026-02-04 13:00:00,18.38,37.083,143.99,67.35,28.47,50.71,11.989,11.109,4.616,3.372,0.8806,1.2435,3451.03,62.16,444.11,0.000775,0.6634,2,Shell-Side Fouled
2026-02-04 13:15:00,19.419,31.137,147.51,71.73,29.47,57.14,11.982,10.99,4.4,3.449,0.9921,0.951,3605.19,63.3,455.63,0.000711,0.642,2,Shell-Side Fouled
2026-02-04 13:30:00,18.26,32.297,145.07,66.33,27.34,53.41,12.202,11.338,4.599,3.628,0.8648,0.9709,3522.59,61.62,457.37,0.000765,0.6688,2,Shell-Side Fouled
2026-02-04 13:45:00,18.273,34.864,139.48,65.1,26.43,49.26,12.287,11.418,4.453,3.346,0.8685,1.1075,3329.67,60.85,437.75,0.000769,0.6579,2,Shell-Side Fouled
2026-02-04 14:00:00,16.769,32.36,142.88,63.09,28.41,52.62,12.36,11.656,4.484,3.677,0.7039,0.8076,3277.94,58.11,451.28,0.000777,0.697,2,Shell-Side Fouled
2026-02-04 14:15:00,19.079,31.352,149.74,70.91,27.26,55.35,11.678,10.762,4.578,3.566,0.9164,1.0126,3684.57,65.79,448.01,0.000714,0.6436,2,Shell-Side Fouled
2026-02-04 14:30:00,18.079,34.278,141.95,62.52,29.16,53.69,12.439,11.609,4.554,3.662,0.8292,0.892,3518.32,56.42,498.86,0.00052,0.7043,2,Shell-Side Fouled
2026-02-04 14:45:00,19.315,34.899,140.11,66.61,24.34,48.16,12.326,11.329,4.506,3.258,0.9966,1.2479,3478.02,63.92,435.27,0.000831,0.6349,2,Shell-Side Fouled
2026-02-04 15:00:00,17.963,31.355,144.64,63.21,26.83,54.15,12.338,11.505,4.512,3.558,0.8325,0.9542,3583.75,59.38,482.84,0.000577,0.6912,2,Shell-Side Fouled
2026-02-04 15:15:00,16.551,32.668,143.58,63.51,29.97,53.72,11.789,11.048,4.42,3.361,0.7413,1.0593,3246.57,57.15,454.47,0.00075,0.7047,2,Shell-Side Fouled
2026-02-04 15:30:00,17.444,29.684,138.29,66.24,29.26,54.06,12.286,11.465,4.556,3.611,0.8208,0.9449,3079.12,57.4,429.16,0.000861,0.6608,2,Shell-Side Fouled
2026-02-04 15:45:00,17.798,33.996,148.07,66.01,28.98,54.13,12.078,11.242,4.535,3.422,0.8351,1.1131,3578.28,61.14,468.22,0.000618,0.689,2,Shell-Side Fouled
2026-02-04 16:00:00,16.009,31.144,145.94,62.0,28.68,53.95,12.17,11.527,4.461,3.507,0.6434,0.9539,3292.15,57.77,455.88,0.000733,0.7158,2,Shell-Side Fouled
2026-02-04 16:15:00,17.758,34.733,142.56,63.62,28.18,51.81,11.914,11.093,4.444,3.43,0.8211,1.0143,3434.25,58.83,467.02,0.000683,0.6901,2,Shell-Side Fouled
2026-02-04 16:30:00,18.863,33.796,145.66,68.5,29.5,54.72,12.009,11.107,4.397,3.428,0.902,0.969,3565.8,61.35,464.98,0.0007,0.6643,2,Shell-Side Fouled
2026-02-04 16:45:00,18.22,31.673,145.02,67.84,28.97,54.97,11.919,11.093,4.57,3.686,0.8261,0.8834,3445.07,60.92,452.41,0.000722,0.665,2,Shell-Side Fouled
2026-02-04 17:00:00,19.674,32.464,146.38,71.73,27.02,53.51,11.974,11.014,4.466,3.5,0.9596,0.9654,3598.05,65.89,436.88,0.000815,0.6254,2,Shell-Side Fouled
2026-02-04 17:15:00,18.383,32.913,146.48,65.54,29.14,55.61,11.703,10.807,4.626,3.766,0.8965,0.8607,3645.4,59.53,489.87,0.000551,0.6898,2,Shell-Side Fouled
2026-02-04 17:30:00,18.28,31.723,147.4,65.04,27.3,55.09,11.898,11.01,4.398,3.529,0.8881,0.8689,3688.47,61.0,483.7,0.000618,0.6858,2,Shell-Side Fouled
2026-02-04 17:45:00,16.163,32.569,149.63,61.21,27.27,52.97,12.02,11.356,4.343,3.458,0.6646,0.8851,3501.42,59.93,467.41,0.00067,0.7226,2,Shell-Side Fouled
2026-02-04 18:00:00,19.111,30.86,147.87,69.48,27.46,55.88,12.065,11.156,4.55,3.639,0.9097,0.9109,3670.45,63.78,460.42,0.000757,0.651,2,Shell-Side Fouled
2026-02-04 18:15:00,20.371,29.846,146.49,70.63,26.51,56.83,12.466,11.385,4.311,3.483,1.0802,0.8275,3785.82,64.22,471.58,0.000602,0.6322,2,Shell-Side Fouled
2026-02-04 18:30:00,18.511,30.909,145.98,65.36,27.69,55.96,12.038,11.171,4.426,3.557,0.8672,0.8692,3656.38,60.09,486.78,0.00056,0.6815,2,Shell-Side Fouled
2026-02-04 18:45:00,20.752,34.486,142.02,70.38,27.71,52.95,11.727,10.643,4.316,3.201,1.0839,1.1149,3641.94,63.05,462.13,0.000765,0.6267,2,Shell-Side Fouled
2026-02-04 19:00:00,17.91,32.69,152.52,68.42,30.38,57.36,11.974,11.122,4.642,3.598,0.8522,1.0445,3690.48,62.3,473.91,0.000623,0.6886,2,Shell-Side Fouled
2026-02-04 19:15:00,15.712,31.431,142.74,60.23,28.99,53.15,12.276,11.612,4.439,3.692,0.6633,0.7471,3176.5,55.38,458.86,0.000673,0.7254,2,Shell-Side Fouled
2026-02-04 19:30:00,19.196,32.567,145.4,68.03,30.46,57.16,12.054,11.125,4.458,3.547,0.9289,0.9109,3639.05,59.34,490.56,0.000603,0.6731,2,Shell-Side Fouled
2026-02-04 19:45:00,18.14,31.947,147.88,68.15,28.26,54.78,11.815,10.941,4.444,3.441,0.874,1.0024,3543.82,62.78,451.6,0.000772,0.6666,2,Shell-Side Fouled
2026-02-04 20:00:00,19.108,32.455,145.7,68.62,25.93,52.5,11.872,10.909,4.406,3.459,0.9634,0.9468,3608.52,64.69,446.26,0.00082,0.6436,2,Shell-Side Fouled
2026-02-04 20:15:00,17.85,30.694,147.52,68.37,26.69,53.64,12.139,11.326,4.672,3.814,0.8139,0.8576,3461.44,64.29,430.72,0.000874,0.655,2,Shell-Side Fouled
2026-02-04 20:30:00,18.285,33.839,145.91,63.4,28.44,54.55,11.937,11.069,4.354,3.184,0.8673,1.1709,3696.52,58.72,503.64,0.000547,0.7024,2,Shell-Side Fouled
2026-02-04 20:45:00,17.522,30.914,145.4,67.24,27.44,53.38,11.785,11.014,4.601,3.701,0.771,0.8999,3355.28,62.31,430.81,0.000856,0.6626,2,Shell-Side Fouled
2026-02-04 21:00:00,16.066,33.404,143.24,62.87,27.6,50.23,12.085,11.421,4.478,3.512,0.6649,0.9657,3163.55,59.54,425.03,0.000828,0.695,2,Shell-Side Fouled
2026-02-04 21:15:00,16.749,34.255,145.94,62.0,28.42,52.46,11.886,11.131,4.417,3.497,0.7553,0.9203,3444.46,58.51,470.99,0.000641,0.7143,2,Shell-Side Fouled
2026-02-04 21:30:00,18.952,30.391,144.57,66.59,27.31,55.79,11.861,10.95,4.516,3.719,0.9105,0.7963,3620.61,60.7,477.17,0.000617,0.665,2,Shell-Side Fouled
2026-02-04 21:45:00,18.602,29.071,147.47,67.47,27.58,57.56,12.048,11.152,4.72,3.994,0.8966,0.7263,3645.64,61.55,473.86,0.00068,0.6673,2,Shell-Side Fouled
2026-02-04 22:00:00,17.125,32.803,147.85,67.73,30.29,54.78,11.91,11.134,4.564,3.601,0.7762,0.9637,3361.75,61.1,440.19,0.000801,0.6815,2,Shell-Side Fouled
2026-02-04 22:15:00,18.618,31.367,145.44,68.72,26.9,53.56,12.083,11.187,4.48,3.567,0.8961,0.9138,3499.85,63.6,440.21,0.000774,0.6472,2,Shell-Side Fouled
2026-02-04 22:30:00,17.269,31.393,141.64,66.93,31.1,55.17,11.946,11.166,4.482,3.508,0.7802,0.9735,3161.2,57.48,439.97,0.000735,0.6759,2,Shell-Side Fouled
2026-02-04 22:45:00,18.543,32.069,143.48,63.15,26.93,54.13,11.938,11.059,4.696,3.863,0.8789,0.8327,3649.37,58.84,496.15,0.000517,0.6892,2,Shell-Side Fouled
2026-02-04 23:00:00,17.138,29.047,148.17,67.21,28.78,56.75,12.184,11.405,4.583,3.949,0.7799,0.634,3399.51,61.14,444.82,0.000812,0.6782,2,Shell-Side Fouled
2026-02-04 23:15:00,21.524,29.632,143.85,74.47,28.11,57.62,12.033,10.885,4.696,3.845,1.1486,0.8515,3658.51,64.24,455.59,0.000758,0.5995,2,Shell-Side Fouled
2026-02-04 23:30:00,17.489,34.273,144.86,64.91,26.32,50.21,11.807,11.03,4.553,3.439,0.7776,1.1147,3425.71,62.49,438.58,0.000813,0.6744,2,Shell-Side Fouled
2026-02-04 23:45:00,18.366,30.812,146.88,65.85,26.49,54.77,11.74,10.874,4.421,3.436,0.8661,0.9851,3646.07,62.04,470.13,0.000685,0.6731,2,Shell-Side Fouled
2026-02-05 00:00:00,16.9,32.312,141.83,65.15,27.47,50.96,11.93,11.165,4.577,3.626,0.7657,0.9509,3174.78,60.42,420.35,0.000866,0.6705,2,Shell-Side Fouled
2026-02-05 00:15:00,19.991,29.949,142.9,68.73,28.76,57.75,12.322,11.296,4.529,3.814,1.0265,0.7146,3632.69,59.74,486.48,0.000551,0.6498,2,Shell-Side Fouled
2026-02-05 00:30:00,17.205,33.983,144.13,62.89,28.79,52.88,11.645,10.867,4.62,3.56,0.7783,1.06,3424.56,58.06,471.87,0.000656,0.7044,2,Shell-Side Fouled
2026-02-05 00:45:00,20.49,32.694,148.35,69.7,28.24,57.1,11.975,10.888,4.684,3.796,1.0877,0.8876,3948.13,63.12,500.41,0.000549,0.6548,2,Shell-Side Fouled
2026-02-05 01:00:00,19.935,31.709,142.81,67.31,26.55,54.35,12.015,11.012,4.419,3.415,1.0028,1.004,3687.75,61.56,479.23,0.000618,0.6494,2,Shell-Side Fouled
2026-02-05 01:15:00,17.763,31.502,140.85,66.07,29.63,54.33,11.997,11.16,4.52,3.527,0.837,0.9931,3254.57,57.92,449.56,0.000784,0.6724,2,Shell-Side Fouled
2026-02-05 01:30:00,19.459,33.309,148.41,66.44,28.04,56.08,12.012,11.039,4.582,3.637,0.9725,0.9452,3908.01,61.47,508.6,0.000479,0.681,2,Shell-Side Fouled
2026-02-05 01:45:00,16.642,30.742,147.05,63.53,29.25,55.72,12.235,11.513,4.298,3.395,0.7217,0.9034,3405.22,58.22,467.9,0.000676,0.709,2,Shell-Side Fouled
2026-02-05 02:00:00,18.094,35.142,144.0,67.36,27.55,50.66,11.785,10.951,4.515,3.454,0.8343,1.0613,3397.59,62.82,432.71,0.000884,0.6582,2,Shell-Side Fouled
2026-02-05 02:15:00,19.839,34.253,141.61,72.08,30.6,54.18,12.086,11.062,4.605,3.661,1.0246,0.9438,3379.81,61.62,438.77,0.000781,0.6264,2,Shell-Side Fouled
2026-02-05 02:30:00,18.658,31.427,143.08,68.21,29.86,55.89,12.478,11.567,4.408,3.479,0.9112,0.9286,3422.65,59.46,460.49,0.000731,0.6613,2,Shell-Side Fouled
2026-02-05 02:45:00,18.276,34.734,146.94,65.32,26.73,51.88,11.855,10.991,4.461,3.542,0.8646,0.9188,3655.02,62.64,466.81,0.000709,0.679,2,Shell-Side Fouled
2026-02-05 03:00:00,19.616,31.917,148.29,69.35,27.23,55.63,12.148,11.154,4.456,3.53,0.9947,0.9256,3793.55,64.11,473.4,0.000627,0.652,2,Shell-Side Fouled
2026-02-05 03:15:00,17.781,31.129,145.18,65.62,27.35,53.96,11.643,10.837,4.435,3.502,0.8064,0.9327,3465.95,60.96,454.83,0.000748,0.6752,2,Shell-Side Fouled
2026-02-05 03:30:00,18.318,30.878,144.56,63.2,26.69,54.95,12.157,11.287,4.405,3.407,0.8694,0.9985,3651.25,59.14,493.9,0.00058,0.6902,2,Shell-Side Fouled
2026-02-05 03:45:00,19.38,35.073,145.15,73.44,30.1,53.3,12.284,11.317,4.486,3.524,0.9675,0.9621,3404.88,64.59,421.72,0.000876,0.6233,2,Shell-Side Fouled
2026-02-05 04:00:00,19.937,33.2,139.12,64.58,26.0,52.21,12.432,11.39,4.618,3.743,1.0413,0.8753,3640.76,59.51,489.44,0.000633,0.6589,2,Shell-Side Fouled
2026-02-05 04:15:00,18.145,30.457,145.34,63.46,26.0,54.57,11.891,11.046,4.413,3.657,0.845,0.756,3639.96,60.24,483.43,0.000614,0.6861,2,Shell-Side Fouled
2026-02-05 04:30:00,21.039,32.821,144.78,73.18,29.97,56.85,12.233,11.13,4.588,3.601,1.1035,0.9871,3690.61,62.94,469.09,0.00064,0.6237,2,Shell-Side Fouled
2026-02-05 04:45:00,18.349,30.821,143.11,66.88,27.31,53.89,11.704,10.838,4.605,3.814,0.8666,0.7912,3426.85,61.07,448.94,0.000686,0.6583,2,Shell-Side Fouled
2026-02-05 05:00:00,15.952,32.984,142.27,63.58,29.48,51.76,12.124,11.442,4.647,3.632,0.682,1.0149,3075.41,57.79,425.76,0.00088,0.6977,2,Shell-Side Fouled
2026-02-05 05:15:00,17.023,31.935,143.58,65.01,29.26,53.79,11.811,11.037,4.459,3.442,0.7738,1.0171,3276.72,58.68,446.71,0.000769,0.6873,2,Shell-Side Fouled
2026-02-05 05:30:00,17.32,32.743,145.08,64.8,28.07,52.94,12.348,11.546,4.333,3.445,0.802,0.8881,3406.55,60.25,452.33,0.000718,0.6861,2,Shell-Side Fouled
2026-02-05 05:45:00,17.724,31.582,143.11,63.77,27.11,53.18,11.919,11.108,4.391,3.386,0.8116,1.0041,3445.32,59.37,464.29,0.000675,0.6839,2,Shell-Side Fouled
2026-02-05 06:00:00,18.443,35.416,145.07,63.9,29.4,54.15,11.915,11.03,4.63,3.4,0.8851,1.2301,3667.45,58.22,503.93,0.000578,0.7017,2,Shell-Side Fouled
2026-02-05 06:15:00,19.887,32.089,149.6,74.68,27.78,54.97,12.004,10.985,4.499,3.595,1.0195,0.9046,3650.23,68.0,429.47,0.000813,0.615,2,Shell-Side Fouled
2026-02-05 06:30:00,20.783,33.82,146.57,71.45,27.49,54.52,12.068,10.941,4.374,3.315,1.1277,1.0588,3824.61,65.07,470.23,0.000623,0.6308,2,Shell-Side Fouled
2026-02-05 06:45:00,19.321,31.564,146.76,65.91,26.96,55.94,11.664,10.701,4.355,3.478,0.9626,0.8769,3827.15,61.27,499.7,0.000516,0.6749,2,Shell-Side Fouled
2026-02-05 07:00:00,19.444,32.012,153.84,75.67,32.39,60.2,12.278,11.3,4.409,3.475,0.9784,0.9344,3724.0,65.25,456.55,0.000709,0.6437,2,Shell-Side Fouled
2026-02-05 07:15:00,16.726,32.307,145.96,62.3,28.31,53.67,11.919,11.19,4.586,3.678,0.7283,0.9071,3428.26,58.37,469.85,0.000694,0.7111,2,Shell-Side Fouled
2026-02-05 07:30:00,17.756,30.623,149.41,67.39,27.85,55.7,12.001,11.179,4.475,3.618,0.822,0.8569,3568.18,62.78,454.69,0.00071,0.6747,2,Shell-Side Fouled
2026-02-05 07:45:00,17.52,33.188,143.7,64.61,25.68,50.13,11.651,10.849,4.468,3.584,0.803,0.8837,3394.8,62.31,435.87,0.000838,0.6701,2,Shell-Side Fouled
2026-02-05 08:00:00,17.389,32.432,144.64,62.74,29.47,55.19,11.741,10.968,4.511,3.624,0.7738,0.8877,3489.22,56.81,491.39,0.000564,0.7111,2,Shell-Side Fouled
2026-02-05 08:15:00,19.915,33.449,146.96,67.94,28.2,55.74,12.261,11.272,4.471,3.521,0.9887,0.9497,3855.43,61.96,497.79,0.000602,0.6653,2,Shell-Side Fouled
2026-02-05 08:30:00,19.525,32.061,141.54,70.68,27.3,52.56,12.168,11.211,4.466,3.576,0.9577,0.8896,3389.69,63.47,427.25,0.000855,0.6203,2,Shell-Side Fouled
2026-02-05 08:45:00,19.072,31.492,145.46,67.03,28.71,56.52,11.754,10.834,4.689,3.752,0.9197,0.937,3664.89,60.12,487.68,0.000557,0.6718,2,Shell-Side Fouled
2026-02-05 09:00:00,20.491,31.581,148.25,72.16,28.44,57.34,12.37,11.271,4.322,3.432,1.0991,0.8897,3819.85,64.46,474.06,0.000685,0.6351,2,Shell-Side Fouled
2026-02-05 09:15:00,19.154,36.529,145.19,66.91,29.44,53.48,11.914,10.958,4.607,3.312,0.9556,1.295,3673.4,60.6,484.96,0.000619,0.6763,2,Shell-Side Fouled
2026-02-05 09:30:00,17.378,32.018,145.28,62.28,29.76,56.14,11.807,11.013,4.524,3.479,0.7938,1.0449,3533.92,56.15,503.49,0.000527,0.7185,2,Shell-Side Fouled
2026-02-05 09:45:00,19.013,30.455,144.15,71.91,30.24,56.65,12.083,11.161,4.404,3.464,0.9221,0.9394,3364.78,61.78,435.72,0.000798,0.6341,2,Shell-Side Fouled
2026-02-05 10:00:00,17.474,34.856,146.22,61.01,26.82,51.84,12.027,11.237,4.503,3.512,0.7899,0.9909,3648.07,59.28,492.34,0.00056,0.7137,2,Shell-Side Fouled
2026-02-05 10:15:00,17.761,26.617,144.61,65.39,29.56,60.51,11.978,11.144,4.571,3.965,0.8345,0.6058,3447.23,56.58,487.43,0.000581,0.6885,2,Shell-Side Fouled
2026-02-05 10:30:00,16.071,32.85,142.74,59.93,28.22,51.94,11.692,11.007,4.509,3.464,0.6847,1.0453,3260.43,56.17,464.35,0.000675,0.7231,2,Shell-Side Fouled
2026-02-05 10:45:00,18.937,29.94,144.64,66.86,25.14,53.94,11.952,11.0,4.645,3.834,0.952,0.8107,3608.68,63.08,457.69,0.000665,0.6508,2,Shell-Side Fouled
2026-02-05 11:00:00,15.927,29.765,148.14,62.47,29.32,56.16,11.982,11.305,4.516,3.793,0.6767,0.7236,3342.94,57.65,463.91,0.000642,0.721,2,Shell-Side Fouled
2026-02-05 11:15:00,17.364,33.349,142.3,61.93,26.65,51.15,11.998,11.226,4.597,3.712,0.7722,0.8851,3418.77,58.87,464.62,0.000672,0.6949,2,Shell-Side Fouled
2026-02-05 11:30:00,17.575,29.255,144.11,67.15,29.91,56.98,11.837,11.055,4.601,3.795,0.782,0.8063,3313.82,58.69,451.69,0.000689,0.6739,2,Shell-Side Fouled
2026-02-05 11:45:00,19.588,32.902,143.19,64.95,25.77,53.05,12.186,11.222,4.686,3.562,0.9644,1.124,3754.78,61.16,491.11,0.000545,0.6663,2,Shell-Side Fouled
2026-02-05 12:00:00,18.272,31.695,146.4,65.9,27.57,54.75,12.268,11.439,4.46,3.571,0.8288,0.889,3603.75,61.16,471.37,0.000662,0.6775,2,Shell-Side Fouled
2026-02-05 12:15:00,17.455,35.211,148.43,65.41,28.8,52.9,11.692,10.926,4.437,3.379,0.7664,1.0578,3550.32,61.42,462.4,0.000663,0.694,2,Shell-Side Fouled
2026-02-05 12:30:00,19.139,29.071,145.25,64.95,28.64,59.59,11.653,10.702,4.358,3.575,0.9514,0.783,3765.29,57.5,523.9,0.000473,0.6886,2,Shell-Side Fouled
2026-02-05 12:45:00,18.116,31.409,145.24,68.98,29.26,55.02,11.878,11.041,4.46,3.516,0.8369,0.9446,3384.82,61.55,439.93,0.00076,0.6576,2,Shell-Side Fouled
2026-02-05 13:00:00,18.779,32.061,145.03,68.52,28.81,55.05,12.057,11.158,4.442,3.456,0.8994,0.9862,3519.77,61.45,458.2,0.00073,0.6583,2,Shell-Side Fouled
2026-02-05 13:15:00,20.129,33.337,144.85,73.81,30.62,55.73,12.196,11.127,4.419,3.313,1.0685,1.1063,3503.39,63.41,442.0,0.000715,0.6219,2,Shell-Side Fouled
2026-02-05 13:30:00,17.782,31.789,144.77,65.75,28.36,54.25,12.153,11.335,4.663,3.636,0.8188,1.0269,3442.64,60.09,458.35,0.000719,0.6788,2,Shell-Side Fouled
2026-02-05 13:45:00,17.403,31.168,147.17,63.55,27.63,54.97,12.005,11.229,4.492,3.661,0.7757,0.8307,3565.26,59.71,477.71,0.000595,0.6995,2,Shell-Side Fouled
2026-02-05 14:00:00,19.845,29.491,149.02,71.36,28.44,59.04,11.775,10.774,4.46,3.617,1.0008,0.8431,3775.8,63.57,475.18,0.000651,0.6441,2,Shell-Side Fouled
2026-02-05 14:15:00,18.942,28.249,148.3,72.31,27.85,57.69,11.899,10.993,4.547,3.712,0.9064,0.8353,3526.42,64.82,435.25,0.000802,0.6309,2,Shell-Side Fouled
2026-02-05 14:30:00,18.175,28.722,145.49,65.0,27.19,57.02,12.069,11.192,4.414,3.587,0.8776,0.8278,3584.39,59.59,481.19,0.000634,0.6804,2,Shell-Side Fouled
2026-02-05 14:45:00,19.472,31.982,141.98,64.55,28.45,56.05,12.2,11.201,4.559,3.781,0.9996,0.7786,3693.87,57.46,514.31,0.000475,0.682,2,Shell-Side Fouled
2026-02-05 15:00:00,19.753,34.425,141.76,71.06,29.67,53.43,12.447,11.473,4.553,3.648,0.9746,0.9044,3421.67,61.92,442.09,0.000778,0.6308,2,Shell-Side Fouled
2026-02-05 15:15:00,19.504,29.663,145.45,69.46,28.22,57.48,11.94,10.952,4.55,3.73,0.9873,0.8194,3631.02,61.68,470.95,0.000666,0.6482,2,Shell-Side Fouled
2026-02-05 15:30:00,18.25,34.121,144.63,63.18,27.87,53.38,12.392,11.544,4.366,3.172,0.8484,1.1932,3641.6,58.92,494.43,0.000544,0.6975,2,Shell-Side Fouled
2026-02-05 15:45:00,18.01,32.892,147.13,62.72,25.33,52.4,11.76,10.906,4.555,3.602,0.8538,0.9528,3724.75,61.68,483.11,0.000619,0.6931,2,Shell-Side Fouled
2026-02-05 16:00:00,18.13,31.524,144.2,62.3,27.41,54.99,12.339,11.455,4.33,3.425,0.8839,0.9053,3637.64,57.86,502.97,0.000543,0.7013,2,Shell-Side Fouled
2026-02-05 16:15:00,16.424,29.004,147.87,63.05,29.62,57.75,12.127,11.427,4.418,3.519,0.6999,0.8993,3413.13,57.16,477.7,0.000613,0.7173,2,Shell-Side Fouled
2026-02-05 16:30:00,17.905,34.334,142.79,65.63,25.7,49.26,12.197,11.345,4.478,3.394,0.8526,1.0844,3384.81,62.97,429.99,0.000845,0.659,2,Shell-Side Fouled
2026-02-05 16:45:00,17.43,33.93,141.13,63.79,28.0,51.26,12.25,11.483,4.632,3.733,0.7671,0.8986,3302.55,58.74,449.77,0.000738,0.6836,2,Shell-Side Fouled
2026-02-05 17:00:00,18.953,30.114,149.66,67.85,25.18,55.33,12.011,11.078,4.52,3.825,0.9325,0.695,3798.76,65.11,466.72,0.000648,0.6572,2,Shell-Side Fouled
2026-02-05 17:15:00,16.755,30.07,148.91,63.83,27.9,55.66,11.461,10.74,4.47,3.648,0.7203,0.8222,3492.38,60.1,464.87,0.000679,0.7031,2,Shell-Side Fouled
2026-02-05 17:30:00,18.98,34.527,150.48,70.85,26.3,51.93,11.924,11.049,4.574,3.637,0.8743,0.9374,3702.9,68.01,435.57,0.000821,0.6413,2,Shell-Side Fouled
2026-02-05 17:45:00,19.981,29.489,145.55,67.98,25.14,55.92,12.174,11.16,4.524,3.759,1.014,0.765,3797.4,63.38,479.28,0.000598,0.6442,2,Shell-Side Fouled
2026-02-05 18:00:00,19.1,30.269,150.5,69.75,30.34,60.17,12.415,11.484,4.719,3.845,0.9309,0.8737,3778.35,61.39,492.37,0.000586,0.672,2,Shell-Side Fouled
2026-02-05 18:15:00,19.496,28.454,146.96,72.51,28.79,58.65,11.894,10.918,4.502,3.767,0.9757,0.7352,3555.78,63.43,448.49,0.000765,0.63,2,Shell-Side Fouled
2026-02-05 18:30:00,20.834,28.708,149.84,72.51,28.14,61.0,11.894,10.772,4.388,3.576,1.122,0.8119,3946.68,64.05,492.92,0.000566,0.6354,2,Shell-Side Fouled
2026-02-05 18:45:00,21.709,34.69,144.1,72.89,28.75,54.85,12.113,10.941,4.66,3.53,1.1727,1.1307,3787.39,64.07,472.9,0.000633,0.6173,2,Shell-Side Fouled
2026-02-05 19:00:00,17.667,30.396,145.08,63.37,29.02,56.83,11.985,11.168,4.613,3.753,0.8168,0.8604,3536.47,57.12,495.26,0.000527,0.704,2,Shell-Side Fouled
2026-02-05 19:15:00,16.884,32.737,139.96,61.23,27.32,51.1,11.943,11.186,4.395,3.545,0.7572,0.8504,3256.62,57.04,456.74,0.000709,0.6989,2,Shell-Side Fouled
2026-02-05 19:30:00,17.902,29.95,149.75,68.42,28.11,56.57,11.937,11.109,4.712,3.977,0.8283,0.735,3567.08,63.09,452.3,0.000695,0.6686,2,Shell-Side Fouled
2026-02-05 19:45:00,17.95,32.097,143.98,65.64,27.83,53.49,11.849,11.026,4.644,3.8,0.823,0.8438,3445.25,60.36,456.62,0.000683,0.6745,2,Shell-Side Fouled
2026-02-05 20:00:00,17.172,31.256,142.52,62.2,26.45,52.29,12.227,11.444,4.361,3.384,0.7825,0.9764,3379.2,58.85,459.36,0.000706,0.692,2,Shell-Side Fouled
2026-02-05 20:15:00,20.207,31.759,147.5,69.43,27.51,56.6,12.379,11.296,4.484,3.572,1.0829,0.9115,3865.01,63.29,488.58,0.000526,0.6506,2,Shell-Side Fouled
2026-02-05 20:30:00,16.407,32.894,146.16,62.5,25.88,50.32,11.934,11.244,4.472,3.41,0.6901,1.0617,3363.0,61.55,437.08,0.000802,0.6956,2,Shell-Side Fouled
2026-02-05 20:45:00,20.781,33.681,143.25,70.09,26.32,52.75,11.792,10.678,4.559,3.447,1.114,1.1118,3724.43,64.33,463.18,0.000656,0.6257,2,Shell-Side Fouled
2026-02-05 21:00:00,19.455,32.3,146.95,69.97,26.25,53.4,12.076,11.154,4.519,3.601,0.9212,0.9179,3669.31,65.51,448.1,0.000811,0.6378,2,Shell-Side Fouled
2026-02-05 21:15:00,18.476,31.669,144.18,63.12,27.92,55.6,12.096,11.227,4.42,3.474,0.8684,0.9469,3668.89,57.84,507.42,0.000504,0.6972,2,Shell-Side Fouled
2026-02-05 21:30:00,17.541,29.861,142.97,62.19,28.2,55.99,11.985,11.21,4.639,3.877,0.7744,0.7624,3471.71,56.39,492.51,0.00058,0.7039,2,Shell-Side Fouled
2026-02-05 21:45:00,17.567,26.605,146.42,66.14,29.41,60.45,12.183,11.404,4.689,4.1,0.7797,0.5887,3454.81,57.91,477.31,0.000672,0.686,2,Shell-Side Fouled
2026-02-05 22:00:00,17.593,31.518,145.82,64.3,30.37,57.02,12.146,11.305,4.423,3.625,0.8402,0.7982,3513.88,57.03,492.89,0.000586,0.7061,2,Shell-Side Fouled
2026-02-05 22:15:00,19.063,33.54,141.62,69.46,28.42,52.43,12.181,11.199,4.551,3.67,0.9823,0.8811,3370.47,62.03,434.68,0.000827,0.6375,2,Shell-Side Fouled
2026-02-05 22:30:00,18.511,31.658,146.75,67.32,27.91,55.11,12.254,11.363,4.373,3.523,0.8913,0.8505,3602.37,61.89,465.62,0.000709,0.6684,2,Shell-Side Fouled
2026-02-05 22:45:00,16.488,30.428,141.81,64.08,28.81,53.47,12.046,11.303,4.485,3.762,0.7433,0.7229,3139.94,57.8,434.6,0.000831,0.6879,2,Shell-Side Fouled
2026-02-05 23:00:00,16.184,33.279,144.02,59.29,26.47,50.6,12.111,11.418,4.303,3.281,0.6927,1.0224,3359.64,57.93,463.95,0.000666,0.7208,2,Shell-Side Fouled
2026-02-05 23:15:00,19.253,36.285,145.4,67.84,28.34,52.44,12.289,11.335,4.485,3.158,0.9538,1.3272,3658.7,62.46,468.6,0.000671,0.6626,2,Shell-Side Fouled
2026-02-05 23:30:00,17.838,32.996,145.11,64.98,28.67,54.04,12.05,11.21,4.563,3.745,0.8399,0.8185,3501.84,59.56,470.39,0.00064,0.6881,2,Shell-Side Fouled
2026-02-05 23:45:00,18.155,32.412,146.84,70.33,29.35,54.44,12.087,11.267,4.44,3.448,0.8194,0.9923,3402.93,63.24,430.46,0.000865,0.6512,2,Shell-Side Fouled
2026-02-06 00:00:00,18.342,32.749,142.83,66.63,29.89,54.89,12.07,11.199,4.482,3.361,0.8707,1.121,3424.56,58.66,467.04,0.000683,0.6748,2,Shell-Side Fouled
2026-02-06 00:15:00,18.723,31.429,147.71,70.27,29.85,56.86,11.914,10.99,4.536,3.569,0.9236,0.9673,3552.42,62.27,456.42,0.000728,0.6571,2,Shell-Side Fouled
2026-02-06 00:30:00,17.232,35.707,147.87,61.71,26.78,51.12,12.174,11.374,4.453,3.318,0.8,1.1352,3637.37,60.68,479.54,0.000662,0.7115,2,Shell-Side Fouled
2026-02-06 00:45:00,18.881,34.074,139.97,67.88,29.48,52.88,11.776,10.846,4.409,3.266,0.9293,1.1429,3334.8,59.46,448.68,0.000781,0.6525,2,Shell-Side Fouled
2026-02-06 01:00:00,20.997,31.493,144.38,74.17,28.23,55.64,11.963,10.854,4.579,3.684,1.1096,0.8947,3611.79,65.02,444.42,0.000784,0.6044,2,Shell-Side Fouled
2026-02-06 01:15:00,19.851,34.882,148.59,70.7,31.97,57.92,11.793,10.816,4.42,3.441,0.977,0.9791,3788.1,61.06,496.31,0.000529,0.6679,2,Shell-Side Fouled
2026-02-06 01:30:00,17.451,31.471,147.86,61.11,27.14,55.3,12.162,11.377,4.368,3.496,0.7846,0.872,3708.99,58.45,507.64,0.000481,0.7186,2,Shell-Side Fouled
2026-02-06 01:45:00,17.651,30.223,142.76,61.9,25.96,53.61,11.574,10.775,4.279,3.548,0.7989,0.731,3496.71,58.57,477.63,0.0007,0.6923,2,Shell-Side Fouled
2026-02-06 02:00:00,17.004,31.316,145.76,60.45,25.1,52.22,12.259,11.483,4.606,3.582,0.7764,1.0241,3554.03,59.8,475.46,0.000636,0.707,2,Shell-Side Fouled
2026-02-06 02:15:00,17.735,36.209,144.88,64.99,27.66,50.58,12.112,11.29,4.531,3.462,0.8222,1.0695,3471.29,61.47,451.74,0.000752,0.6816,2,Shell-Side Fouled
2026-02-06 02:30:00,16.632,29.11,145.06,62.26,28.92,56.63,11.864,11.131,4.332,3.521,0.7335,0.8109,3374.2,56.47,477.99,0.000658,0.713,2,Shell-Side Fouled
2026-02-06 02:45:00,18.298,32.75,147.72,67.94,30.8,56.91,12.163,11.284,4.582,3.544,0.8793,1.0382,3576.9,60.03,476.72,0.000688,0.6824,2,Shell-Side Fouled
2026-02-06 03:00:00,18.914,32.628,143.56,65.28,27.85,54.42,11.824,10.865,4.413,3.542,0.9583,0.8708,3627.26,59.59,486.96,0.000628,0.6765,2,Shell-Side Fouled
2026-02-06 03:15:00,19.94,32.605,144.41,68.55,28.6,55.77,12.22,11.22,4.45,3.414,1.0001,1.0365,3705.89,61.09,485.29,0.000574,0.6551,2,Shell-Side Fouled
2026-02-06 03:30:00,18.776,31.262,149.21,68.12,27.05,55.57,11.966,11.065,4.307,3.447,0.9004,0.8608,3730.34,63.78,467.91,0.000638,0.6638,2,Shell-Side Fouled
2026-02-06 03:45:00,18.002,31.415,143.74,64.58,27.95,54.51,11.978,11.127,4.527,3.503,0.8513,1.0244,3491.3,59.08,472.77,0.000638,0.6836,2,Shell-Side Fouled
2026-02-06 04:00:00,18.307,31.877,145.41,66.97,26.62,53.0,11.625,10.749,4.528,3.579,0.8761,0.9495,3518.2,62.82,448.01,0.000743,0.6603,2,Shell-Side Fouled
2026-02-06 04:15:00,18.137,32.454,147.99,61.57,25.83,54.11,12.264,11.396,4.451,3.349,0.8677,1.1016,3840.12,60.2,510.31,0.00051,0.7074,2,Shell-Side Fouled
2026-02-06 04:30:00,18.463,29.608,146.18,70.62,29.95,57.54,12.238,11.356,4.509,3.871,0.8812,0.6386,3417.43,61.57,444.02,0.000802,0.6501,2,Shell-Side Fouled
2026-02-06 04:45:00,17.299,32.374,145.41,63.46,27.96,53.6,12.018,11.249,4.621,3.709,0.7684,0.9113,3473.47,59.26,468.88,0.000673,0.6977,2,Shell-Side Fouled
2026-02-06 05:00:00,18.166,32.692,140.03,67.66,29.09,52.64,12.083,11.236,4.562,3.645,0.8468,0.9168,3221.19,59.69,431.75,0.00083,0.6524,2,Shell-Side Fouled
2026-02-06 05:15:00,16.288,30.222,146.52,64.49,27.55,53.43,12.121,11.426,4.3,3.354,0.6945,0.9462,3273.15,60.75,431.0,0.000746,0.6894,2,Shell-Side Fouled
2026-02-06 05:30:00,19.928,31.992,147.25,72.17,28.29,55.67,11.947,10.957,4.582,3.66,0.9901,0.922,3665.77,64.84,452.31,0.000745,0.6311,2,Shell-Side Fouled
2026-02-06 05:45:00,20.204,33.418,147.62,71.07,26.94,54.04,11.809,10.759,4.544,3.458,1.0502,1.086,3788.83,65.79,460.75,0.0007,0.6343,2,Shell-Side Fouled
2026-02-06 06:00:00,18.093,29.045,148.64,67.27,32.05,61.73,11.932,11.077,4.436,3.71,0.8551,0.7258,3606.97,57.23,504.23,0.000608,0.6979,2,Shell-Side Fouled
2026-02-06 06:15:00,17.098,32.811,145.86,65.69,28.15,52.61,11.911,11.16,4.636,3.702,0.7507,0.9338,3358.35,61.23,438.81,0.000834,0.6811,2,Shell-Side Fouled
2026-02-06 06:30:00,19.181,29.184,145.85,69.37,27.54,56.97,11.824,10.904,4.573,3.683,0.9202,0.8895,3594.08,62.43,460.59,0.000697,0.6464,2,Shell-Side Fouled
2026-02-06 06:45:00,18.878,32.598,142.34,65.56,29.17,55.2,11.813,10.866,4.445,3.49,0.9471,0.9544,3550.94,58.12,488.77,0.000579,0.6784,2,Shell-Side Fouled
2026-02-06 07:00:00,19.083,31.144,147.8,66.43,25.4,54.59,12.087,11.164,4.584,3.71,0.9224,0.8746,3804.45,63.59,478.59,0.000635,0.6648,2,Shell-Side Fouled
2026-02-06 07:15:00,18.965,33.369,147.19,65.33,26.83,54.08,11.692,10.74,4.528,3.694,0.9523,0.8335,3803.65,61.83,492.11,0.00059,0.6802,2,Shell-Side Fouled
2026-02-06 07:30:00,20.325,34.401,144.54,67.76,27.45,54.01,11.93,10.898,4.513,3.51,1.0321,1.0037,3823.69,62.07,492.83,0.000621,0.6558,2,Shell-Side Fouled
2026-02-06 07:45:00,18.243,31.726,148.14,65.87,26.67,54.37,11.611,10.754,4.447,3.655,0.8566,0.7917,3677.02,62.57,470.1,0.000635,0.6772,2,Shell-Side Fouled
2026-02-06 08:00:00,19.569,31.493,145.14,68.13,28.88,56.9,12.058,11.1,4.515,3.595,0.9575,0.9197,3691.98,60.47,488.42,0.000601,0.6624,2,Shell-Side Fouled
2026-02-06 08:15:00,17.317,29.946,149.2,66.2,27.78,55.88,12.183,11.408,4.359,3.504,0.7746,0.8545,3521.17,61.87,455.33,0.000716,0.6835,2,Shell-Side Fouled
2026-02-06 08:30:00,19.831,30.514,143.29,71.4,28.37,55.73,12.093,11.095,4.48,3.603,0.998,0.8767,3492.99,62.68,445.82,0.000772,0.6256,2,Shell-Side Fouled
2026-02-06 08:45:00,19.988,31.074,145.66,72.96,29.19,56.57,12.3,11.298,4.623,3.807,1.0011,0.816,3559.81,63.77,446.59,0.000731,0.6242,2,Shell-Side Fouled
2026-02-06 09:00:00,18.08,29.864,148.68,65.97,26.71,56.03,11.899,11.019,4.511,3.615,0.8794,0.8956,3663.62,62.18,471.33,0.000637,0.6781,2,Shell-Side Fouled
2026-02-06 09:15:00,16.029,34.501,146.99,62.02,28.29,51.4,12.033,11.345,4.567,3.627,0.6875,0.9403,3337.06,59.39,449.55,0.000831,0.7159,2,Shell-Side Fouled
2026-02-06 09:30:00,17.873,32.997,142.53,62.83,29.3,54.58,11.913,11.069,4.288,3.207,0.8437,1.0806,3490.0,56.43,494.78,0.000511,0.7039,2,Shell-Side Fouled
2026-02-06 09:45:00,18.068,30.203,144.87,67.22,32.7,59.9,12.371,11.506,4.4,3.694,0.8651,0.7063,3437.3,56.01,490.94,0.000568,0.6922,2,Shell-Side Fouled
2026-02-06 10:00:00,17.645,34.082,141.91,65.5,28.28,51.45,11.703,10.909,4.397,3.414,0.7943,0.983,3303.31,59.95,440.79,0.00077,0.6724,2,Shell-Side Fouled
2026-02-06 10:15:00,16.644,30.942,145.33,61.31,27.49,53.95,11.919,11.174,4.428,3.682,0.7452,0.746,3426.09,57.92,473.25,0.000604,0.7129,2,Shell-Side Fouled
2026-02-06 10:30:00,16.968,32.806,147.62,64.75,27.13,52.23,11.683,10.937,4.456,3.655,0.7463,0.8013,3445.11,62.09,443.87,0.000765,0.6878,2,Shell-Side Fouled
2026-02-06 10:45:00,18.932,35.583,144.95,70.4,29.97,53.19,11.789,10.861,4.435,3.175,0.9281,1.2601,3457.71,62.62,441.71,0.000714,0.6484,2,Shell-Side Fouled
2026-02-06 11:00:00,15.736,33.064,143.14,59.91,28.97,52.17,11.731,11.064,4.644,3.775,0.6676,0.8687,3208.84,55.66,461.18,0.000721,0.729,2,Shell-Side Fouled
2026-02-06 11:15:00,18.415,33.101,141.58,65.41,27.96,52.77,12.23,11.336,4.641,3.67,0.8935,0.971,3436.36,59.48,462.18,0.000699,0.6704,2,Shell-Side Fouled
2026-02-06 11:30:00,17.174,29.751,147.45,69.65,30.58,56.88,12.021,11.249,4.483,3.705,0.7719,0.778,3273.58,61.25,427.6,0.000821,0.6657,2,Shell-Side Fouled
2026-02-06 11:45:00,17.731,32.084,147.23,63.82,28.05,55.04,12.282,11.437,4.653,3.757,0.8451,0.8965,3623.47,59.6,486.37,0.000632,0.6998,2,Shell-Side Fouled
2026-02-06 12:00:00,18.867,27.738,144.95,64.68,27.21,59.18,11.833,10.923,4.585,3.964,0.9096,0.6206,3710.69,58.32,508.97,0.000522,0.6818,2,Shell-Side Fouled
2026-02-06 12:15:00,18.568,32.085,144.12,69.65,29.16,54.4,12.134,11.218,4.487,3.567,0.9159,0.92,3387.86,61.88,438.0,0.000819,0.6478,2,Shell-Side Fouled
2026-02-06 12:30:00,16.617,33.264,147.88,65.97,29.51,53.47,11.949,11.21,4.364,3.389,0.7399,0.9744,3334.55,60.91,437.95,0.000769,0.692,2,Shell-Side Fouled
2026-02-06 12:45:00,17.569,32.302,146.69,64.91,29.43,55.47,12.216,11.399,4.429,3.63,0.817,0.7993,3520.3,59.03,477.1,0.000589,0.6974,2,Shell-Side Fouled
2026-02-06 13:00:00,16.307,31.567,147.14,64.46,26.64,51.65,12.147,11.453,4.35,3.422,0.6938,0.9287,3303.4,62.26,424.47,0.000831,0.6862,2,Shell-Side Fouled
2026-02-06 13:15:00,17.575,34.505,145.42,64.56,28.55,52.67,12.125,11.3,4.559,3.615,0.8249,0.9441,3481.85,59.97,464.46,0.000682,0.6919,2,Shell-Side Fouled
2026-02-06 13:30:00,17.989,34.679,143.15,65.26,28.62,52.28,12.179,11.339,4.479,3.227,0.8402,1.2514,3433.22,59.7,460.03,0.000699,0.6801,2,Shell-Side Fouled
2026-02-06 13:45:00,17.329,32.388,141.71,60.94,27.23,52.54,11.913,11.12,4.517,3.518,0.7922,0.9998,3428.89,57.01,481.13,0.00058,0.7055,2,Shell-Side Fouled
2026-02-06 14:00:00,19.697,28.219,143.24,71.9,27.22,56.38,11.894,10.917,4.552,3.815,0.9769,0.7372,3442.59,63.45,434.03,0.000845,0.6149,2,Shell-Side Fouled
2026-02-06 14:15:00,19.171,34.087,146.5,68.79,26.64,52.23,12.178,11.219,4.51,3.385,0.959,1.1245,3649.77,64.75,450.96,0.000782,0.6483,2,Shell-Side Fouled
2026-02-06 14:30:00,19.755,30.946,145.65,68.04,29.29,58.3,12.384,11.377,4.562,3.668,1.0066,0.8938,3756.07,59.8,502.51,0.000513,0.667,2,Shell-Side Fouled
2026-02-06 14:45:00,18.046,36.888,145.63,62.85,29.06,52.78,11.874,11.028,4.626,3.569,0.8468,1.0576,3660.06,58.43,501.16,0.000524,0.7102,2,Shell-Side Fouled
2026-02-06 15:00:00,19.726,31.517,145.61,70.61,24.65,52.14,12.045,11.066,4.396,3.52,0.9791,0.8761,3624.67,66.93,433.24,0.000807,0.62,2,Shell-Side Fouled
2026-02-06 15:15:00,19.561,28.637,144.87,69.69,27.85,57.92,11.908,10.91,4.409,3.605,0.9989,0.8038,3602.91,61.67,467.37,0.000704,0.6424,2,Shell-Side Fouled
2026-02-06 15:30:00,18.162,34.261,146.32,67.72,27.77,52.17,12.003,11.157,4.468,3.401,0.846,1.0674,3497.67,63.22,442.59,0.000789,0.663,2,Shell-Side Fouled
2026-02-06 15:45:00,18.787,33.002,143.76,71.81,29.41,53.39,12.247,11.332,4.337,3.225,0.9149,1.1118,3311.57,63.39,417.92,0.000876,0.6292,2,Shell-Side Fouled
2026-02-06 16:00:00,19.331,30.655,145.85,67.9,28.51,57.3,11.862,10.923,4.6,3.816,0.9392,0.7839,3691.91,60.68,486.71,0.000614,0.6643,2,Shell-Side Fouled
2026-02-06 16:15:00,19.196,30.001,147.55,71.96,28.97,57.29,11.844,10.901,4.598,3.875,0.9434,0.7232,3555.11,63.73,446.29,0.000705,0.6375,2,Shell-Side Fouled
2026-02-06 16:30:00,18.406,31.211,142.54,65.71,26.45,52.99,12.062,11.185,4.497,3.504,0.8768,0.9933,3464.61,60.99,454.45,0.000723,0.6618,2,Shell-Side Fouled
2026-02-06 16:45:00,16.772,33.526,143.31,62.85,28.1,51.67,11.875,11.14,4.403,3.318,0.7349,1.0849,3306.36,58.66,450.89,0.000684,0.6984,2,Shell-Side Fouled
2026-02-06 17:00:00,20.973,31.508,146.03,72.18,28.2,56.99,12.303,11.187,4.361,3.34,1.1159,1.0207,3794.62,63.88,475.23,0.000678,0.6268,2,Shell-Side Fouled
2026-02-06 17:15:00,19.336,31.89,145.13,68.29,26.82,54.1,12.587,11.608,4.453,3.41,0.9783,1.0431,3640.18,63.03,462.01,0.000718,0.6495,2,Shell-Side Fouled
2026-02-06 17:30:00,17.597,31.91,143.77,61.44,27.31,53.9,12.406,11.602,4.513,3.489,0.8035,1.0238,3549.57,57.57,493.28,0.000539,0.707,2,Shell-Side Fouled
2026-02-06 17:45:00,18.407,30.837,148.2,65.26,28.86,57.85,12.027,11.132,4.464,3.727,0.8953,0.7374,3740.18,59.34,504.21,0.000564,0.695,2,Shell-Side Fouled
2026-02-06 18:00:00,17.678,32.806,143.34,64.95,27.4,52.13,12.035,11.208,4.402,3.438,0.8264,0.964,3395.04,60.46,449.2,0.00078,0.6761,2,Shell-Side Fouled
2026-02-06 18:15:00,20.606,30.809,144.32,68.74,27.39,56.98,12.08,11.044,4.726,3.81,1.0355,0.9151,3815.34,61.51,496.22,0.000552,0.6463,2,Shell-Side Fouled
2026-02-06 18:30:00,20.545,33.192,148.08,71.48,29.52,57.28,11.858,10.795,4.691,3.714,1.063,0.9775,3855.28,63.27,487.47,0.00061,0.646,2,Shell-Side Fouled
2026-02-06 18:45:00,15.891,31.841,141.96,57.61,27.51,52.16,12.31,11.652,4.679,3.725,0.6579,0.9542,3283.99,54.62,481.0,0.000624,0.737,2,Shell-Side Fouled
2026-02-06 19:00:00,17.321,30.389,142.05,64.97,27.62,53.34,12.01,11.22,4.502,3.565,0.7901,0.9372,3270.73,59.38,440.69,0.000797,0.6736,2,Shell-Side Fouled
2026-02-06 19:15:00,18.431,30.781,141.99,66.54,28.21,54.67,11.9,11.039,4.553,3.705,0.8616,0.8475,3407.17,59.5,458.12,0.000715,0.6632,2,Shell-Side Fouled
2026-02-06 19:30:00,18.741,31.057,141.32,67.79,27.1,53.08,11.967,11.046,4.519,3.558,0.9217,0.9618,3376.17,61.43,439.7,0.000793,0.6438,2,Shell-Side Fouled
2026-02-06 19:45:00,19.252,30.357,143.73,70.16,28.53,55.86,11.785,10.813,4.511,3.744,0.9715,0.7674,3470.36,61.9,448.55,0.000741,0.6387,2,Shell-Side Fouled
2026-02-06 20:00:00,18.508,34.336,144.57,66.06,29.96,54.74,11.976,11.093,4.359,3.417,0.8828,0.942,3560.09,58.93,483.27,0.000655,0.6851,2,Shell-Side Fouled
2026-02-06 20:15:00,19.954,31.284,141.43,70.49,28.79,55.29,12.072,11.063,4.406,3.399,1.0094,1.0074,3468.21,61.26,452.95,0.000708,0.6298,2,Shell-Side Fouled
2026-02-06 20:30:00,17.451,29.948,148.67,63.63,27.91,56.93,12.066,11.26,4.591,3.741,0.8052,0.8506,3635.82,59.38,489.81,0.000615,0.7043,2,Shell-Side Fouled
2026-02-06 20:45:00,18.553,32.261,142.18,67.67,27.66,52.75,11.641,10.741,4.486,3.695,0.8999,0.7917,3386.76,61.44,440.99,0.000842,0.6506,2,Shell-Side Fouled
2026-02-06 21:00:00,17.398,33.474,141.16,62.1,25.66,49.73,12.181,11.371,4.521,3.46,0.8099,1.0604,3369.99,59.78,451.0,0.000756,0.6845,2,Shell-Side Fouled
2026-02-06 21:15:00,20.572,28.207,142.1,71.51,27.0,57.14,12.117,11.036,4.677,3.884,1.0804,0.7933,3557.49,62.57,454.85,0.000708,0.6133,2,Shell-Side Fouled
2026-02-06 21:30:00,17.709,32.769,143.82,62.85,28.19,53.81,11.724,10.896,4.324,3.449,0.8286,0.8749,3512.67,58.0,484.49,0.000595,0.7002,2,Shell-Side Fouled
2026-02-06 21:45:00,20.112,33.086,144.26,68.98,28.28,55.08,12.466,11.426,4.599,3.75,1.0402,0.8482,3709.5,61.8,480.18,0.000614,0.6491,2,Shell-Side Fouled
2026-02-06 22:00:00,19.074,29.716,144.69,67.76,29.91,58.82,11.911,10.987,4.419,3.49,0.9237,0.9282,3594.85,58.62,490.59,0.000579,0.6702,2,Shell-Side Fouled
2026-02-06 22:15:00,17.781,32.829,142.19,64.96,27.19,51.68,11.976,11.179,4.574,3.454,0.7967,1.1195,3364.14,60.34,445.99,0.000757,0.6716,2,Shell-Side Fouled
2026-02-06 22:30:00,20.203,32.49,144.55,69.21,27.17,54.6,12.332,11.317,4.521,3.679,1.0156,0.8419,3729.21,62.98,473.67,0.000644,0.6419,2,Shell-Side Fouled
2026-02-06 22:45:00,16.683,28.466,143.1,63.75,27.46,54.69,12.138,11.422,4.487,3.687,0.7164,0.8001,3243.22,58.54,443.22,0.000822,0.6861,2,Shell-Side Fouled
2026-02-06 23:00:00,16.213,31.464,146.19,59.56,25.18,51.32,11.849,11.182,4.7,3.737,0.6675,0.9628,3440.88,59.59,461.92,0.000701,0.7159,2,Shell-Side Fouled
2026-02-06 23:15:00,17.311,31.059,141.27,66.06,27.56,52.1,11.965,11.194,4.62,3.779,0.7712,0.8407,3189.73,60.33,422.97,0.000858,0.6614,2,Shell-Side Fouled
2026-02-06 23:30:00,19.155,32.26,134.26,60.3,25.14,50.85,12.146,11.168,4.578,3.67,0.9771,0.9086,3471.19,55.85,497.2,0.000529,0.6778,2,Shell-Side Fouled
2026-02-06 23:45:00,17.348,29.85,143.01,66.05,28.07,54.27,12.071,11.28,4.579,3.698,0.7908,0.8806,3271.26,59.81,437.56,0.000848,0.6696,2,Shell-Side Fouled
2026-02-07 00:00:00,18.292,31.7,148.3,63.7,27.86,56.45,11.929,11.046,4.426,3.411,0.8836,1.0152,3791.8,59.51,509.73,0.000504,0.7025,2,Shell-Side Fouled
2026-02-07 00:15:00,18.713,31.231,141.51,65.93,26.46,52.98,11.826,10.933,4.4,3.585,0.8923,0.8147,3465.23,60.74,456.42,0.000735,0.6569,2,Shell-Side Fouled
2026-02-07 00:30:00,18.48,29.816,142.58,67.75,28.26,55.42,12.045,11.153,4.498,3.584,0.8917,0.9142,3387.94,60.21,450.13,0.000719,0.6546,2,Shell-Side Fouled
2026-02-07 00:45:00,17.134,36.435,146.39,63.15,27.91,50.84,11.95,11.184,4.579,3.579,0.7652,0.9999,3494.2,60.46,462.34,0.000679,0.7026,2,Shell-Side Fouled
2026-02-07 01:00:00,19.197,35.029,142.66,67.52,25.83,49.94,11.947,11.004,4.438,3.3,0.9428,1.1388,3533.88,63.84,442.84,0.000713,0.6431,2,Shell-Side Fouled
2026-02-07 01:15:00,17.336,32.421,145.34,62.81,28.39,54.23,12.158,11.39,4.492,3.589,0.7678,0.9027,3505.55,58.24,481.55,0.000623,0.7057,2,Shell-Side Fouled
2026-02-07 01:30:00,17.954,33.591,145.21,64.12,26.37,51.75,11.879,11.036,4.575,3.464,0.8434,1.1109,3566.71,61.45,464.33,0.000729,0.6823,2,Shell-Side Fouled
2026-02-07 01:45:00,18.538,31.01,144.35,66.53,26.78,54.02,11.812,10.916,4.59,3.624,0.8952,0.9665,3534.27,61.62,458.81,0.000671,0.6618,2,Shell-Side Fouled
2026-02-07 02:00:00,18.196,32.123,148.77,65.15,26.65,54.39,11.49,10.612,4.421,3.518,0.8776,0.903,3727.87,62.31,478.59,0.00062,0.6848,2,Shell-Side Fouled
2026-02-07 02:15:00,20.276,32.336,147.77,74.3,29.57,56.55,11.967,10.957,4.493,3.507,1.0107,0.9861,3649.91,65.24,447.56,0.000751,0.6216,2,Shell-Side Fouled
2026-02-07 02:30:00,17.122,30.936,147.84,66.39,28.98,55.37,11.916,11.142,4.58,3.648,0.7738,0.932,3416.79,60.84,449.25,0.000745,0.6852,2,Shell-Side Fouled
2026-02-07 02:45:00,17.606,27.303,142.91,60.59,24.76,55.85,11.85,11.05,4.329,3.568,0.7999,0.7616,3551.01,57.71,492.3,0.000588,0.6968,2,Shell-Side Fouled
2026-02-07 03:00:00,19.004,33.448,149.57,69.08,29.19,55.97,11.763,10.848,4.565,3.724,0.9157,0.8413,3747.94,62.97,476.14,0.000582,0.6687,2,Shell-Side Fouled
2026-02-07 03:15:00,18.233,31.234,148.63,69.07,28.64,55.83,12.079,11.189,4.462,3.555,0.8906,0.9071,3553.72,63.03,451.03,0.0007,0.663,2,Shell-Side Fouled
2026-02-07 03:30:00,18.764,30.222,144.48,65.77,27.46,56.08,12.066,11.154,4.359,3.635,0.9124,0.7237,3618.66,59.9,483.26,0.000577,0.6726,2,Shell-Side Fouled
2026-02-07 03:45:00,18.173,27.715,143.13,65.29,29.43,59.32,12.065,11.184,4.542,3.811,0.8807,0.7314,3466.15,56.48,490.94,0.00051,0.6847,2,Shell-Side Fouled
2026-02-07 04:00:00,17.825,34.542,144.1,60.2,26.38,51.73,11.959,11.132,4.635,3.693,0.8269,0.9415,3663.85,58.28,502.93,0.000492,0.7127,2,Shell-Side Fouled
2026-02-07 04:15:00,19.611,34.817,141.22,64.74,26.86,52.09,11.913,10.938,4.507,3.51,0.9749,0.9968,3674.71,59.89,490.83,0.000582,0.6688,2,Shell-Side Fouled
2026-02-07 04:30:00,18.879,28.138,148.02,73.14,28.28,57.69,11.968,11.074,4.418,3.759,0.8936,0.6589,3463.3,64.96,426.49,0.000804,0.6253,2,Shell-Side Fouled
2026-02-07 04:45:00,18.427,29.929,146.82,69.64,25.5,53.33,12.239,11.376,4.584,3.764,0.8625,0.8198,3484.61,65.76,423.93,0.000851,0.6362,2,Shell-Side Fouled
2026-02-07 05:00:00,19.917,30.762,145.29,74.79,30.28,57.01,12.105,11.125,4.601,3.614,0.9796,0.9874,3440.17,63.91,430.62,0.000849,0.613,2,Shell-Side Fouled
2026-02-07 05:15:00,17.418,31.368,145.25,65.89,27.84,53.64,12.043,11.259,4.566,3.595,0.7841,0.9713,3386.57,60.96,444.45,0.000765,0.6759,2,Shell-Side Fouled
2026-02-07 05:30:00,19.243,34.763,146.77,71.34,30.36,54.81,11.97,11.003,4.457,3.337,0.967,1.1194,3556.36,63.07,451.09,0.000749,0.648,2,Shell-Side Fouled
2026-02-07 05:45:00,16.952,30.531,145.71,66.75,28.24,53.91,12.262,11.514,4.53,3.766,0.748,0.7641,3279.75,61.34,427.73,0.000823,0.6722,2,Shell-Side Fouled
2026-02-07 06:00:00,18.053,33.668,144.46,63.96,28.69,53.97,12.001,11.167,4.486,3.598,0.8343,0.8878,3560.29,58.61,485.98,0.000623,0.6953,2,Shell-Side Fouled
2026-02-07 06:15:00,15.96,33.199,146.83,58.47,27.48,52.36,11.746,11.107,4.485,3.619,0.6386,0.8663,3454.98,56.96,485.29,0.000626,0.7403,2,Shell-Side Fouled
2026-02-07 06:30:00,18.631,33.706,148.68,67.64,29.49,55.72,12.31,11.427,4.518,3.336,0.8835,1.1822,3699.33,61.54,480.91,0.000651,0.6799,2,Shell-Side Fouled
2026-02-07 06:45:00,20.17,32.616,144.95,73.17,29.09,55.08,12.096,11.071,4.589,3.61,1.025,0.979,3547.34,64.28,441.52,0.00079,0.6196,2,Shell-Side Fouled
2026-02-07 07:00:00,17.351,32.302,138.73,64.14,30.31,53.77,12.003,11.221,4.654,3.561,0.7821,1.0932,3170.62,55.52,456.83,0.000763,0.688,2,Shell-Side Fouled
2026-02-07 07:15:00,17.932,33.254,147.21,66.28,27.76,53.32,12.109,11.288,4.594,3.542,0.8208,1.0525,3555.57,62.14,457.72,0.00072,0.6776,2,Shell-Side Fouled
2026-02-07 07:30:00,19.789,32.205,145.92,70.82,28.74,55.76,12.275,11.272,4.459,3.61,1.0034,0.8484,3641.32,63.09,461.7,0.000736,0.6409,2,Shell-Side Fouled
2026-02-07 07:45:00,16.711,32.785,144.97,64.49,29.93,53.95,12.015,11.263,4.426,3.605,0.7511,0.8214,3295.12,58.31,452.09,0.000752,0.6996,2,Shell-Side Fouled
2026-02-07 08:00:00,19.384,31.582,144.81,64.72,28.0,56.79,12.026,11.074,4.691,3.884,0.9514,0.8069,3803.66,58.68,518.59,0.0005,0.6857,2,Shell-Side Fouled
2026-02-07 08:15:00,17.264,32.444,147.03,65.43,26.99,52.41,12.126,11.314,4.48,3.498,0.8115,0.9814,3451.06,62.37,442.66,0.000767,0.6797,2,Shell-Side Fouled
2026-02-07 08:30:00,18.918,31.305,142.45,65.21,27.41,54.74,11.775,10.871,4.543,3.775,0.9045,0.7675,3580.24,59.3,483.03,0.000623,0.6714,2,Shell-Side Fouled
2026-02-07 08:45:00,19.344,30.549,144.07,71.66,28.61,55.46,12.207,11.208,4.462,3.6,0.9988,0.8613,3431.87,63.11,435.04,0.000807,0.6272,2,Shell-Side Fouled
2026-02-07 09:00:00,17.792,32.895,142.95,63.0,29.86,55.18,11.86,11.017,4.481,3.478,0.8425,1.0023,3484.95,56.09,497.07,0.000545,0.707,2,Shell-Side Fouled
2026-02-07 09:15:00,18.156,29.493,148.48,65.49,27.86,57.78,12.328,11.451,4.488,3.688,0.8774,0.7999,3691.85,60.33,489.58,0.000514,0.688,2,Shell-Side Fouled
2026-02-07 09:30:00,17.402,31.269,146.51,67.13,29.29,55.16,11.865,11.071,4.601,3.637,0.7938,0.964,3384.32,60.72,445.89,0.000736,0.6772,2,Shell-Side Fouled
2026-02-07 09:45:00,17.955,34.722,149.3,66.99,28.71,53.63,12.19,11.371,4.398,3.274,0.8195,1.1235,3620.91,62.66,462.33,0.000649,0.6826,2,Shell-Side Fouled
2026-02-07 10:00:00,19.265,32.587,143.99,68.65,25.95,52.03,12.033,11.1,4.326,3.304,0.9324,1.0222,3556.2,64.21,443.07,0.000798,0.6383,2,Shell-Side Fouled
2026-02-07 10:15:00,17.302,31.85,141.55,63.13,27.76,52.71,11.671,10.891,4.675,3.832,0.7798,0.8425,3324.54,58.06,458.11,0.000718,0.6892,2,Shell-Side Fouled
2026-02-07 10:30:00,17.636,33.166,145.76,64.56,28.76,54.04,12.078,11.273,4.432,3.589,0.805,0.8424,3508.35,59.44,472.18,0.000667,0.694,2,Shell-Side Fouled
2026-02-07 10:45:00,17.571,34.353,144.27,62.02,28.17,52.8,12.157,11.338,4.492,3.613,0.8195,0.879,3540.46,57.96,488.67,0.000571,0.7084,2,Shell-Side Fouled
2026-02-07 11:00:00,18.067,32.972,146.06,67.19,30.12,55.42,12.167,11.318,4.541,3.445,0.8495,1.0961,3491.19,59.91,466.16,0.000663,0.6803,2,Shell-Side Fouled
2026-02-07 11:15:00,19.887,32.198,145.07,69.86,28.63,55.84,12.096,11.07,4.525,3.613,1.0266,0.9117,3664.7,62.17,471.58,0.000649,0.646,2,Shell-Side Fouled
2026-02-07 11:30:00,19.412,30.824,146.43,67.86,28.17,57.15,12.082,11.131,4.432,3.598,0.9512,0.8338,3737.12,61.17,488.76,0.000561,0.6644,2,Shell-Side Fouled
2026-02-07 11:45:00,18.361,32.116,146.25,65.37,28.85,55.93,12.13,11.231,4.569,3.649,0.8989,0.9199,3638.4,59.42,489.88,0.000579,0.6889,2,Shell-Side Fouled
2026-02-07 12:00:00,18.293,28.754,140.44,82.8,27.24,48.71,11.974,10.165,4.458,3.602,1.8097,0.8553,2583.46,72.14,286.49,0.001983,0.5092,3,Severe Dual Fouling
2026-02-07 12:15:00,17.903,32.781,144.13,79.61,28.26,48.89,12.055,10.25,4.357,3.272,1.8057,1.0856,2829.78,71.05,318.61,0.001691,0.5568,3,Severe Dual Fouling
2026-02-07 12:30:00,18.907,32.134,145.62,82.64,27.56,49.26,12.136,10.156,4.457,3.256,1.9801,1.2016,2917.5,73.8,316.27,0.001777,0.5335,3,Severe Dual Fouling
2026-02-07 12:45:00,18.22,30.603,143.82,82.08,26.44,47.96,11.541,9.657,4.442,3.474,1.8839,0.9681,2755.85,73.93,298.2,0.001884,0.526,3,Severe Dual Fouling
2026-02-07 13:00:00,19.649,30.725,141.17,87.82,30.56,50.54,12.16,10.164,4.583,3.591,1.9961,0.9915,2567.9,72.67,282.67,0.002117,0.4823,3,Severe Dual Fouling
2026-02-07 13:15:00,18.884,30.588,145.02,86.04,28.58,49.9,12.06,10.034,4.46,3.357,2.0266,1.1028,2728.7,74.71,292.17,0.001909,0.5065,3,Severe Dual Fouling
2026-02-07 13:30:00,18.908,33.579,145.77,82.78,28.15,48.92,11.895,10.111,4.639,3.452,1.7833,1.1864,2918.23,73.74,316.59,0.001705,0.5355,3,Severe Dual Fouling
2026-02-07 13:45:00,18.285,33.356,147.2,86.9,26.35,45.71,12.353,10.75,4.476,3.142,1.6032,1.3337,2701.55,79.27,272.64,0.00223,0.499,3,Severe Dual Fouling
2026-02-07 14:00:00,19.432,31.562,144.79,80.72,27.15,50.25,12.143,9.991,4.559,3.516,2.1516,1.0435,3050.21,72.12,338.33,0.001533,0.5446,3,Severe Dual Fouling
2026-02-07 14:15:00,18.38,31.646,151.51,90.17,28.01,48.88,12.253,10.494,4.603,3.427,1.7586,1.1761,2762.11,80.71,273.78,0.002177,0.4967,3,Severe Dual Fouling
2026-02-07 14:30:00,17.124,32.455,147.65,83.27,28.65,48.53,11.887,10.238,4.4,3.297,1.6488,1.1026,2700.78,74.68,289.33,0.002027,0.541,3,Severe Dual Fouling
2026-02-07 14:45:00,17.851,33.411,149.97,83.52,29.33,50.12,12.052,10.359,4.357,3.089,1.6928,1.2676,2906.12,74.71,311.21,0.001841,0.5508,3,Severe Dual Fouling
2026-02-07 15:00:00,18.705,33.454,143.76,83.21,28.19,48.02,12.676,10.924,4.548,3.275,1.7524,1.2728,2774.92,73.51,301.98,0.001774,0.5239,3,Severe Dual Fouling
2026-02-07 15:15:00,20.557,31.857,148.14,90.14,24.17,46.08,12.108,10.164,4.603,3.556,1.9444,1.0469,2921.09,82.7,282.57,0.002032,0.4679,3,Severe Dual Fouling
2026-02-07 15:30:00,17.808,30.457,144.08,85.75,28.29,48.26,12.128,10.432,4.425,3.527,1.6958,0.898,2544.66,75.01,271.39,0.00221,0.5037,3,Severe Dual Fouling
2026-02-07 15:45:00,18.337,32.056,149.66,88.27,28.07,48.63,12.268,10.606,4.641,3.412,1.6616,1.2289,2758.07,78.86,279.79,0.002033,0.5049,3,Severe Dual Fouling
2026-02-07 16:00:00,18.465,31.499,139.09,77.35,28.07,49.26,11.924,10.316,4.399,3.251,1.6077,1.1485,2793.1,67.54,330.86,0.001572,0.5561,3,Severe Dual Fouling
2026-02-07 16:15:00,17.859,35.204,147.67,86.25,30.23,48.48,12.051,10.274,4.472,3.228,1.777,1.2437,2687.38,75.56,284.53,0.002016,0.523,3,Severe Dual Fouling
2026-02-07 16:30:00,19.491,34.624,145.59,89.13,27.8,46.41,12.009,10.048,4.607,3.196,1.9604,1.4111,2696.13,78.75,273.89,0.002078,0.4793,3,Severe Dual Fouling
2026-02-07 16:45:00,17.083,31.048,144.43,81.34,31.11,51.44,12.024,10.404,4.572,3.641,1.6207,0.9309,2640.55,69.43,304.27,0.001841,0.5568,3,Severe Dual Fouling
2026-02-07 17:00:00,16.317,31.243,144.35,80.48,26.52,46.05,12.02,10.455,4.496,3.37,1.5649,1.1254,2553.32,73.92,276.33,0.002209,0.5421,3,Severe Dual Fouling
2026-02-07 17:15:00,17.245,30.844,145.3,77.28,28.62,50.89,12.106,10.596,4.405,3.411,1.5094,0.9943,2874.16,69.03,333.1,0.001605,0.583,3,Severe Dual Fouling
2026-02-07 17:30:00,19.225,30.444,142.15,82.01,27.68,49.92,12.019,10.133,4.526,3.495,1.8868,1.0312,2832.39,71.61,316.4,0.001689,0.5254,3,Severe Dual Fouling
2026-02-07 17:45:00,19.234,29.589,146.59,89.48,28.07,49.8,11.716,9.853,4.569,3.715,1.8631,0.8538,2691.21,77.76,276.87,0.002093,0.4819,3,Severe Dual Fouling
2026-02-07 18:00:00,20.202,29.364,143.25,84.21,28.42,52.21,12.121,9.942,4.53,3.566,2.1787,0.9642,2922.38,71.98,324.8,0.001663,0.5142,3,Severe Dual Fouling
2026-02-07 18:15:00,19.724,32.642,145.46,86.24,27.15,48.1,11.93,9.937,4.44,3.256,1.9936,1.1845,2861.78,76.63,298.74,0.001879,0.5006,3,Severe Dual Fouling
2026-02-07 18:30:00,18.878,32.816,149.01,86.28,29.22,50.35,11.638,9.827,4.376,3.166,1.8109,1.2105,2901.16,75.97,305.52,0.00185,0.5237,3,Severe Dual Fouling
2026-02-07 18:45:00,17.506,33.006,147.68,82.56,28.38,48.61,12.382,10.554,4.428,3.24,1.8282,1.1884,2793.32,74.38,300.44,0.001863,0.5459,3,Severe Dual Fouling
2026-02-07 19:00:00,17.457,32.519,141.71,81.72,26.91,45.77,11.965,10.207,4.614,3.409,1.758,1.2058,2565.68,73.47,279.38,0.002129,0.5225,3,Severe Dual Fouling
2026-02-07 19:15:00,18.232,30.571,146.55,84.12,30.29,52.09,12.113,10.194,4.319,3.19,1.9189,1.1285,2788.58,72.25,308.76,0.001737,0.537,3,Severe Dual Fouling
2026-02-07 19:30:00,20.191,35.274,142.02,85.68,27.83,46.71,11.979,9.717,4.429,3.083,2.2624,1.3459,2786.99,75.03,297.15,0.001901,0.4934,3,Severe Dual Fouling
2026-02-07 19:45:00,20.951,33.632,146.0,94.32,27.75,46.6,12.322,10.324,4.484,3.205,1.998,1.2791,2652.6,81.89,259.14,0.002289,0.437,3,Severe Dual Fouling
2026-02-07 20:00:00,18.823,34.419,140.82,86.57,26.65,44.02,12.173,10.409,4.45,3.113,1.764,1.3372,2501.67,76.89,260.28,0.002224,0.4752,3,Severe Dual Fouling
2026-02-07 20:15:00,19.622,31.924,144.26,87.41,29.04,49.5,11.652,9.857,4.48,3.311,1.7947,1.1689,2733.23,75.1,291.15,0.001987,0.4934,3,Severe Dual Fouling
2026-02-07 20:30:00,19.595,30.804,148.37,92.68,29.13,49.88,12.098,10.002,4.553,3.557,2.096,0.9959,2673.66,79.75,268.21,0.002311,0.4671,3,Severe Dual Fouling
2026-02-07 20:45:00,18.39,30.976,146.34,86.45,26.81,47.63,12.03,10.314,4.51,3.458,1.7157,1.0516,2698.26,77.54,278.37,0.002142,0.501,3,Severe Dual Fouling
2026-02-07 21:00:00,18.946,31.048,147.88,88.04,28.38,49.76,11.851,10.2,4.443,3.418,1.6506,1.0253,2777.47,77.31,287.43,0.002061,0.5007,3,Severe Dual Fouling
2026-02-07 21:15:00,17.329,32.008,143.39,79.47,24.76,45.02,11.851,10.05,4.472,3.531,1.8009,0.9416,2713.73,74.42,291.72,0.001937,0.5388,3,Severe Dual Fouling
2026-02-07 21:30:00,17.573,33.432,143.33,76.22,26.18,46.84,11.864,10.405,4.545,3.46,1.4594,1.0846,2889.37,70.74,326.75,0.001612,0.5729,3,Severe Dual Fouling
2026-02-07 21:45:00,18.614,29.661,147.93,84.06,29.85,53.31,11.942,10.292,4.606,3.563,1.6504,1.0434,2912.41,72.55,321.16,0.001608,0.5409,3,Severe Dual Fouling
2026-02-07 22:00:00,18.497,31.838,145.32,81.8,29.88,51.49,11.598,9.723,4.692,3.531,1.875,1.1607,2878.34,70.82,325.15,0.00163,0.5502,3,Severe Dual Fouling
2026-02-07 22:15:00,19.603,29.731,146.04,83.78,28.84,52.88,12.229,10.363,4.571,3.619,1.8663,0.9517,2990.43,72.37,330.55,0.001564,0.5313,3,Severe Dual Fouling
2026-02-07 22:30:00,18.805,33.467,146.88,83.44,26.51,47.38,12.127,10.281,4.627,3.544,1.8459,1.0826,2922.9,76.24,306.69,0.00173,0.527,3,Severe Dual Fouling
2026-02-07 22:45:00,18.499,31.083,144.91,81.76,28.9,50.91,11.808,9.886,4.528,3.375,1.9219,1.1532,2862.26,71.46,320.42,0.00161,0.5444,3,Severe Dual Fouling
2026-02-07 23:00:00,17.747,33.674,145.83,84.18,29.33,48.35,11.976,10.236,4.369,3.24,1.7401,1.1293,2680.3,74.14,289.23,0.001938,0.5291,3,Severe Dual Fouling
2026-02-07 23:15:00,18.328,31.346,148.97,83.08,27.83,50.4,11.82,10.003,4.598,3.409,1.817,1.1888,2959.06,74.83,316.34,0.001656,0.544,3,Severe Dual Fouling
2026-02-07 23:30:00,19.481,33.266,142.4,86.74,26.99,46.08,12.185,10.229,4.422,3.314,1.9558,1.1076,2656.7,76.59,277.5,0.002177,0.4823,3,Severe Dual Fouling
2026-02-07 23:45:00,19.497,33.987,143.3,82.99,30.65,50.91,11.643,9.91,4.349,3.194,1.7335,1.155,2880.95,70.48,327.0,0.001567,0.5354,3,Severe Dual Fouling
2026-02-08 00:00:00,18.236,30.938,146.7,85.36,28.05,49.22,11.956,10.265,4.493,3.504,1.6908,0.9884,2740.56,75.63,289.88,0.001967,0.517,3,Severe Dual Fouling
2026-02-08 00:15:00,20.478,33.33,142.79,87.21,27.7,47.69,11.567,9.479,4.469,3.275,2.0887,1.1943,2788.71,75.92,293.85,0.001902,0.4829,3,Severe Dual Fouling
2026-02-08 00:30:00,20.789,32.105,145.24,88.58,29.84,51.32,11.97,9.926,4.546,3.335,2.0443,1.211,2886.03,74.96,308.02,0.001851,0.491,3,Severe Dual Fouling
2026-02-08 00:45:00,18.62,33.691,146.69,81.72,27.93,48.95,12.057,10.393,4.607,3.261,1.6634,1.3465,2964.15,73.59,322.23,0.001633,0.5471,3,Severe Dual Fouling
2026-02-08 01:00:00,16.619,31.452,144.81,79.89,29.29,49.38,11.708,10.279,4.535,3.468,1.429,1.0668,2643.3,70.66,299.26,0.001915,0.562,3,Severe Dual Fouling
2026-02-08 01:15:00,16.907,33.2,144.39,80.79,23.83,42.8,12.156,10.674,4.616,3.455,1.4813,1.1611,2634.58,77.13,273.25,0.002263,0.5276,3,Severe Dual Fouling
2026-02-08 01:30:00,17.369,29.136,146.81,79.33,27.48,51.04,12.125,10.663,4.502,3.63,1.4615,0.8719,2871.71,71.58,320.97,0.001593,0.5655,3,Severe Dual Fouling
2026-02-08 01:45:00,17.899,35.359,145.94,85.89,28.39,46.19,12.131,10.437,4.598,3.439,1.6942,1.1586,2633.41,76.7,274.67,0.002145,0.5108,3,Severe Dual Fouling
2026-02-08 02:00:00,18.08,30.372,144.84,84.75,28.5,49.44,12.086,10.212,4.419,3.47,1.8736,0.9492,2662.04,74.11,287.36,0.001971,0.5165,3,Severe Dual Fouling
2026-02-08 02:15:00,15.32,33.563,148.26,76.57,27.54,46.7,12.069,10.956,4.416,3.336,1.1133,1.0804,2690.76,72.14,298.39,0.001899,0.5938,3,Severe Dual Fouling
2026-02-08 02:30:00,20.014,29.512,143.4,91.25,27.13,47.84,11.869,9.809,4.488,3.617,2.0605,0.8711,2557.15,78.8,259.6,0.002327,0.4485,3,Severe Dual Fouling
2026-02-08 02:45:00,18.297,30.134,147.38,87.36,27.51,48.85,12.003,10.416,4.485,3.546,1.587,0.9391,2690.64,77.59,277.43,0.002134,0.5007,3,Severe Dual Fouling
2026-02-08 03:00:00,18.41,30.106,147.62,90.78,26.83,47.18,12.24,10.577,4.494,3.421,1.6625,1.0734,2563.82,80.83,253.75,0.002354,0.4706,3,Severe Dual Fouling
2026-02-08 03:15:00,17.782,33.973,141.76,80.22,28.27,47.13,12.07,10.323,4.784,3.671,1.7464,1.1125,2681.1,71.17,301.39,0.001832,0.5423,3,Severe Dual Fouling
2026-02-08 03:30:00,19.093,32.195,146.9,86.21,30.48,51.56,11.9,9.889,4.459,3.458,2.0104,1.0005,2839.08,73.77,307.87,0.001834,0.5213,3,Severe Dual Fouling
2026-02-08 03:45:00,19.717,33.273,146.5,90.19,27.41,46.95,11.713,9.582,4.429,3.131,2.1304,1.2976,2720.51,79.75,272.89,0.002138,0.4729,3,Severe Dual Fouling
2026-02-08 04:00:00,19.071,31.425,143.55,85.09,30.97,51.74,11.89,9.851,4.567,3.563,2.0395,1.0037,2731.22,71.31,306.39,0.001787,0.5192,3,Severe Dual Fouling
2026-02-08 04:15:00,17.801,32.785,151.72,86.92,28.57,49.18,12.122,10.348,4.475,3.32,1.774,1.1545,2826.25,78.38,288.48,0.001938,0.5262,3,Severe Dual Fouling
2026-02-08 04:30:00,18.965,31.004,145.85,85.49,26.93,48.55,12.181,10.071,4.625,3.571,2.1102,1.0537,2804.91,76.3,294.09,0.00208,0.5076,3,Severe Dual Fouling
2026-02-08 04:45:00,18.852,30.103,147.0,86.48,28.58,50.78,11.845,9.973,4.619,3.758,1.8723,0.8602,2795.06,75.44,296.39,0.00189,0.5111,3,Severe Dual Fouling
2026-02-08 05:00:00,19.31,30.95,142.57,88.59,27.88,47.6,12.537,10.764,4.578,3.45,1.7725,1.1277,2553.48,76.57,266.78,0.002256,0.4706,3,Severe Dual Fouling
2026-02-08 05:15:00,18.823,32.328,145.51,84.06,31.14,52.09,12.06,9.993,4.481,3.267,2.0673,1.2137,2833.65,71.27,318.08,0.001758,0.5372,3,Severe Dual Fouling
2026-02-08 05:30:00,18.85,33.48,142.7,84.77,27.66,46.76,11.838,9.869,4.611,3.415,1.9687,1.1966,2675.73,74.85,285.98,0.00199,0.5036,3,Severe Dual Fouling
2026-02-08 05:45:00,19.188,32.513,138.87,81.52,29.66,49.48,12.171,10.289,4.444,3.284,1.8818,1.1604,2695.68,68.93,312.87,0.001739,0.5251,3,Severe Dual Fouling
2026-02-08 06:00:00,18.906,33.013,146.81,81.49,28.7,50.61,12.285,10.486,4.445,3.369,1.7991,1.0756,3025.54,72.34,334.6,0.001458,0.5531,3,Severe Dual Fouling
2026-02-08 06:15:00,19.073,29.091,144.97,84.58,29.82,53.01,12.114,10.093,4.31,3.396,2.0213,0.9142,2821.9,71.76,314.6,0.001708,0.5245,3,Severe Dual Fouling
2026-02-08 06:30:00,18.447,32.854,144.46,85.11,29.16,48.67,11.922,10.031,4.638,3.387,1.8902,1.2507,2682.04,74.09,289.58,0.002026,0.5147,3,Severe Dual Fouling
2026-02-08 06:45:00,18.662,31.099,147.45,88.02,30.2,51.09,12.116,10.27,4.642,3.684,1.8463,0.9575,2717.22,75.46,288.09,0.002059,0.5069,3,Severe Dual Fouling
2026-02-08 07:00:00,16.772,33.97,144.01,75.28,29.36,49.23,11.985,10.37,4.316,3.101,1.6147,1.2151,2824.53,67.42,335.14,0.001588,0.5995,3,Severe Dual Fouling
2026-02-08 07:15:00,17.607,32.863,144.73,77.44,25.64,46.75,11.899,10.106,4.631,3.55,1.7932,1.0811,2902.62,72.46,320.48,0.001663,0.565,3,Severe Dual Fouling
2026-02-08 07:30:00,19.156,32.035,145.96,82.37,27.11,49.38,11.99,10.22,4.634,3.523,1.7707,1.1114,2984.39,74.01,322.6,0.00164,0.535,3,Severe Dual Fouling
2026-02-08 07:45:00,18.82,31.958,144.88,82.93,27.9,49.26,12.143,10.22,4.39,3.165,1.9225,1.2252,2856.23,73.47,311.02,0.001778,0.5295,3,Severe Dual Fouling
2026-02-08 08:00:00,16.92,30.768,145.09,82.32,25.47,45.69,11.77,10.332,4.4,3.441,1.438,0.9586,2602.23,76.16,273.36,0.002195,0.5248,3,Severe Dual Fouling
2026-02-08 08:15:00,20.694,32.332,144.57,85.93,27.42,49.4,12.202,9.729,4.555,3.437,2.4724,1.118,2973.25,75.36,315.62,0.001615,0.5006,3,Severe Dual Fouling
2026-02-08 08:30:00,20.539,32.052,143.26,88.41,26.0,46.58,11.903,9.969,4.392,3.282,1.9332,1.1098,2760.12,78.3,281.99,0.00198,0.4677,3,Severe Dual Fouling
2026-02-08 08:45:00,18.63,30.359,143.98,82.09,27.13,49.37,11.733,9.941,4.409,3.501,1.7921,0.9078,2824.72,73.0,309.56,0.001759,0.5296,3,Severe Dual Fouling
2026-02-08 09:00:00,18.515,30.811,147.82,84.64,27.24,49.47,12.132,10.264,4.602,3.651,1.8684,0.9502,2866.17,76.04,301.53,0.001896,0.524,3,Severe Dual Fouling
2026-02-08 09:15:00,18.597,29.269,142.93,84.24,28.27,50.11,12.063,10.392,4.658,3.651,1.6713,1.0073,2674.16,72.85,293.67,0.001916,0.5119,3,Severe Dual Fouling
2026-02-08 09:30:00,19.33,35.038,143.19,85.8,28.63,47.17,11.694,9.764,4.393,2.934,1.9301,1.4587,2717.62,74.92,290.17,0.001918,0.5009,3,Severe Dual Fouling
2026-02-08 09:45:00,16.764,35.144,146.43,84.04,28.89,46.32,12.0,10.682,4.675,3.43,1.3177,1.2449,2562.51,75.41,271.84,0.002261,0.5308,3,Severe Dual Fouling
2026-02-08 10:00:00,17.62,31.496,148.67,82.81,28.58,50.15,12.132,10.451,4.617,3.478,1.6809,1.1391,2842.89,74.18,306.59,0.00182,0.5484,3,Severe Dual Fouling
2026-02-08 10:15:00,20.798,31.324,147.66,92.71,28.05,49.42,11.6,9.307,4.36,3.299,2.2933,1.0608,2800.08,80.29,279.01,0.002136,0.4594,3,Severe Dual Fouling
2026-02-08 10:30:00,18.348,34.943,141.83,83.54,29.86,47.78,12.003,10.191,4.417,3.256,1.8124,1.1613,2620.29,71.99,291.19,0.001913,0.5206,3,Severe Dual Fouling
2026-02-08 10:45:00,16.884,31.228,148.48,79.41,26.53,48.4,11.928,10.329,4.619,3.688,1.5984,0.9303,2857.12,73.99,308.93,0.001783,0.5664,3,Severe Dual Fouling
2026-02-08 11:00:00,18.389,31.745,147.69,84.35,26.92,48.41,11.566,10.006,4.477,3.438,1.5609,1.0395,2853.91,76.46,298.62,0.001852,0.5245,3,Severe Dual Fouling
2026-02-08 11:15:00,16.942,33.19,138.34,77.38,28.81,47.03,12.063,10.517,4.55,3.317,1.5455,1.2331,2530.55,67.71,299.0,0.001777,0.5566,3,Severe Dual Fouling
2026-02-08 11:30:00,17.762,33.461,147.88,85.98,28.27,47.51,12.016,10.415,4.467,3.129,1.6008,1.3377,2693.94,77.08,279.61,0.002087,0.5176,3,Severe Dual Fouling
2026-02-08 11:45:00,19.716,33.042,147.43,92.2,30.82,50.12,11.484,9.237,4.575,3.319,2.2462,1.2566,2668.03,77.97,273.77,0.002208,0.4737,3,Severe Dual Fouling
2026-02-08 12:00:00,18.47,31.663,145.05,85.95,27.38,47.57,12.356,10.455,4.373,3.389,1.9011,0.9844,2674.22,76.38,280.08,0.002167,0.5022,3,Severe Dual Fouling
2026-02-08 12:15:00,19.842,30.722,142.23,86.7,28.25,49.25,11.752,9.443,4.21,3.087,2.3085,1.1228,2699.69,74.38,290.36,0.001948,0.4872,3,Severe Dual Fouling
2026-02-08 12:30:00,18.451,31.399,148.07,83.5,28.06,50.28,11.982,10.14,4.58,3.577,1.8422,1.0029,2919.04,74.62,312.94,0.001717,0.5381,3,Severe Dual Fouling
2026-02-08 12:45:00,16.855,31.36,147.24,79.19,27.61,49.03,12.237,10.818,4.455,3.422,1.4194,1.0323,2810.33,72.41,310.48,0.001785,0.5689,3,Severe Dual Fouling
2026-02-08 13:00:00,17.608,34.342,145.4,80.69,29.17,48.6,11.659,9.986,4.42,3.136,1.6734,1.2843,2791.64,71.8,311.05,0.001693,0.5567,3,Severe Dual Fouling
2026-02-08 13:15:00,20.173,27.914,145.69,87.55,28.39,52.99,11.777,9.888,4.473,3.635,1.8899,0.8378,2873.25,74.68,307.8,0.001797,0.4956,3,Severe Dual Fouling
2026-02-08 13:30:00,17.407,31.952,145.74,81.37,29.17,49.7,11.751,10.311,4.437,3.487,1.4394,0.9501,2745.43,71.91,305.44,0.001809,0.5522,3,Severe Dual Fouling
2026-02-08 13:45:00,17.907,32.595,144.47,79.62,27.29,48.15,12.031,10.469,4.599,3.421,1.5622,1.1781,2845.01,72.1,315.65,0.001723,0.5534,3,Severe Dual Fouling
2026-02-08 14:00:00,19.876,34.314,145.15,88.35,27.24,46.5,11.76,9.942,4.696,3.379,1.8177,1.3167,2765.96,78.39,282.27,0.002043,0.4817,3,Severe Dual Fouling
2026-02-08 14:15:00,18.355,34.573,143.88,82.93,27.55,46.5,11.773,9.921,4.469,3.067,1.852,1.4014,2740.9,74.41,294.67,0.00186,0.524,3,Severe Dual Fouling
2026-02-08 14:30:00,19.959,30.239,145.86,84.31,26.28,50.07,12.041,9.755,4.249,3.187,2.2855,1.0615,3010.05,75.33,319.65,0.00174,0.5148,3,Severe Dual Fouling
2026-02-08 14:45:00,17.878,28.551,142.19,80.96,27.29,49.74,12.093,10.38,4.509,3.647,1.7136,0.8621,2681.6,71.31,300.84,0.001788,0.5329,3,Severe Dual Fouling
2026-02-08 15:00:00,18.077,34.058,146.36,83.96,29.23,48.63,12.086,10.24,4.545,3.346,1.8465,1.1997,2763.78,74.16,298.14,0.001833,0.5328,3,Severe Dual Fouling
2026-02-08 15:15:00,18.861,32.301,147.77,86.53,28.39,49.33,11.891,10.07,4.37,3.367,1.8213,1.0036,2830.07,76.53,295.84,0.001934,0.513,3,Severe Dual Fouling
2026-02-08 15:30:00,17.967,31.497,144.37,80.92,26.51,47.71,12.335,10.402,4.445,3.279,1.9338,1.1657,2793.12,73.52,303.94,0.001847,0.5384,3,Severe Dual Fouling
2026-02-08 15:45:00,18.71,32.749,144.43,83.76,27.73,48.03,12.115,10.218,4.386,3.265,1.8979,1.121,2781.13,74.4,299.06,0.001808,0.5199,3,Severe Dual Fouling
2026-02-08 16:00:00,19.699,33.861,146.18,87.17,27.88,47.98,12.125,10.075,4.58,3.33,2.0507,1.25,2848.01,77.11,295.47,0.001817,0.4988,3,Severe Dual Fouling
2026-02-08 16:15:00,19.703,33.823,141.4,83.73,29.19,48.86,12.048,10.12,4.578,3.496,1.9281,1.0818,2784.09,71.88,309.88,0.001706,0.514,3,Severe Dual Fouling
2026-02-08 16:30:00,17.701,31.913,141.44,80.72,28.77,48.49,12.052,10.347,4.374,3.184,1.7056,1.1903,2633.37,70.47,298.95,0.001925,0.5389,3,Severe Dual Fouling
2026-02-08 16:45:00,19.688,35.433,147.69,91.86,28.67,46.84,11.73,9.933,4.258,2.776,1.7974,1.4827,2692.82,80.56,267.42,0.002261,0.4691,3,Severe Dual Fouling
2026-02-08 17:00:00,18.401,33.193,143.45,83.81,29.34,48.7,12.007,10.004,4.504,3.336,2.0027,1.1674,2688.76,72.76,295.65,0.002003,0.5227,3,Severe Dual Fouling
2026-02-08 17:15:00,18.37,31.815,143.77,86.16,27.16,46.64,12.339,10.621,4.445,3.289,1.7179,1.1555,2593.26,76.49,271.24,0.002131,0.4941,3,Severe Dual Fouling
2026-02-08 17:30:00,17.679,31.687,141.92,80.9,30.78,50.72,11.702,10.052,4.46,3.487,1.6493,0.9726,2642.93,68.63,308.09,0.001892,0.549,3,Severe Dual Fouling
2026-02-08 17:45:00,17.161,32.693,147.21,83.63,27.09,46.63,12.107,10.501,4.44,3.395,1.6059,1.0453,2673.38,76.45,279.74,0.002003,0.5293,3,Severe Dual Fouling
2026-02-08 18:00:00,16.788,32.081,148.73,83.24,27.24,47.31,12.046,10.709,4.395,3.245,1.3376,1.1493,2693.47,76.47,281.76,0.002102,0.539,3,Severe Dual Fouling
2026-02-08 18:15:00,18.148,30.882,149.91,82.25,28.21,51.49,11.949,10.099,4.352,3.413,1.8492,0.9388,3008.51,74.02,325.14,0.001562,0.556,3,Severe Dual Fouling
2026-02-08 18:30:00,16.78,34.528,143.16,77.95,28.35,46.91,11.894,10.334,4.468,3.31,1.5599,1.1578,2680.9,70.36,304.82,0.001804,0.568,3,Severe Dual Fouling
2026-02-08 18:45:00,18.119,32.659,143.88,84.52,29.97,49.26,11.928,10.166,4.48,3.193,1.7626,1.2865,2634.88,72.76,289.72,0.001957,0.5211,3,Severe Dual Fouling
2026-02-08 19:00:00,17.845,32.217,150.51,85.35,26.56,47.7,12.108,10.371,4.529,3.541,1.7371,0.988,2848.7,78.76,289.36,0.001962,0.5257,3,Severe Dual Fouling
2026-02-08 19:15:00,18.12,30.06,145.38,82.6,26.86,49.02,11.991,10.167,4.717,3.722,1.8239,0.9946,2786.82,74.2,300.45,0.001919,0.5297,3,Severe Dual Fouling
2026-02-08 19:30:00,17.233,34.301,149.89,82.14,29.36,49.3,12.285,10.686,4.226,2.928,1.5991,1.2981,2860.8,74.13,308.72,0.001883,0.5622,3,Severe Dual Fouling
2026-02-08 19:45:00,18.088,32.285,140.22,79.95,29.4,49.17,11.489,9.809,4.47,3.418,1.6801,1.0524,2671.02,68.83,310.44,0.001825,0.5438,3,Severe Dual Fouling
2026-02-08 20:00:00,19.225,30.094,146.55,90.21,29.09,50.16,12.098,10.11,4.748,3.731,1.9877,1.0166,2653.57,77.42,274.2,0.002146,0.4796,3,Severe Dual Fouling
2026-02-08 20:15:00,17.321,30.385,148.08,86.76,28.93,49.4,12.212,10.744,4.563,3.466,1.4686,1.0963,2602.3,76.44,272.34,0.002212,0.5147,3,Severe Dual Fouling
2026-02-08 20:30:00,17.918,32.979,143.38,85.06,31.19,49.75,12.088,10.578,4.512,3.217,1.5106,1.2945,2560.0,71.93,284.73,0.001978,0.5198,3,Severe Dual Fouling
2026-02-08 20:45:00,18.645,32.875,142.14,82.32,25.49,45.36,11.814,9.913,4.588,3.365,1.9007,1.2232,2732.22,75.04,291.28,0.001982,0.5128,3,Severe Dual Fouling
2026-02-08 21:00:00,18.909,30.7,144.74,86.05,26.44,47.61,11.857,9.878,4.386,3.449,1.9791,0.9365,2719.11,76.84,283.08,0.002062,0.4962,3,Severe Dual Fouling
2026-02-08 21:15:00,16.775,31.106,142.11,80.34,28.84,48.35,12.217,10.775,4.346,3.271,1.4415,1.0741,2538.75,70.53,287.98,0.001995,0.5454,3,Severe Dual Fouling
2026-02-08 21:30:00,19.781,32.98,146.87,93.32,28.9,47.71,11.925,9.915,4.664,3.509,2.0099,1.1554,2595.49,80.54,257.81,0.002304,0.454,3,Severe Dual Fouling
2026-02-08 21:45:00,17.856,32.27,148.0,87.22,28.68,48.38,12.13,10.288,4.392,3.185,1.842,1.2068,2659.25,77.27,275.33,0.002133,0.5094,3,Severe Dual Fouling
2026-02-08 22:00:00,17.862,30.526,140.59,80.45,29.12,49.73,11.886,10.104,4.627,3.675,1.7822,0.9519,2631.65,69.22,304.13,0.001815,0.5395,3,Severe Dual Fouling
2026-02-08 22:15:00,18.819,30.47,146.3,82.06,29.23,52.46,12.072,10.185,4.563,3.532,1.8868,1.0317,2962.05,71.38,331.97,0.001575,0.5488,3,Severe Dual Fouling
2026-02-08 22:30:00,17.375,30.922,141.88,81.27,28.43,48.37,12.059,10.396,4.608,3.561,1.6631,1.0474,2580.0,71.26,289.66,0.002068,0.5342,3,Severe Dual Fouling
2026-02-08 22:45:00,17.427,32.527,150.62,84.98,28.76,49.35,11.836,10.425,4.534,3.257,1.4106,1.2767,2802.42,76.55,292.88,0.001893,0.5386,3,Severe Dual Fouling
2026-02-08 23:00:00,19.387,30.564,143.6,82.91,25.86,48.4,11.974,10.052,4.305,3.336,1.9223,0.9696,2882.94,74.5,309.58,0.001757,0.5155,3,Severe Dual Fouling
2026-02-08 23:15:00,18.846,28.991,146.77,89.0,27.52,49.51,11.881,10.221,4.314,3.359,1.6602,0.955,2667.34,78.01,273.55,0.00217,0.4844,3,Severe Dual Fouling
2026-02-08 23:30:00,18.494,31.116,142.19,83.63,29.13,49.51,11.685,9.97,4.552,3.426,1.7151,1.1263,2653.25,71.91,295.19,0.001886,0.5179,3,Severe Dual Fouling
2026-02-08 23:45:00,17.35,30.575,144.84,77.31,27.96,50.4,12.251,10.845,4.593,3.701,1.4066,0.8917,2870.21,69.47,330.53,0.00158,0.5778,3,Severe Dual Fouling
2026-02-09 00:00:00,17.659,31.858,142.8,81.54,26.77,46.66,12.191,10.409,4.362,3.286,1.7816,1.0763,2650.62,73.52,288.41,0.001936,0.528,3,Severe Dual Fouling
2026-02-09 00:15:00,17.413,35.014,144.02,81.81,28.76,46.88,11.864,10.354,4.649,3.282,1.5106,1.3677,2654.05,72.89,291.31,0.001978,0.5398,3,Severe Dual Fouling
2026-02-09 00:30:00,18.531,32.266,142.75,86.47,27.77,46.69,11.981,10.081,4.399,3.17,1.8999,1.2292,2555.36,75.85,269.52,0.002144,0.4895,3,Severe Dual Fouling
2026-02-09 00:45:00,19.442,29.081,146.18,84.77,26.75,50.79,11.581,9.394,4.666,3.826,2.187,0.8399,2924.93,75.16,311.33,0.001745,0.5142,3,Severe Dual Fouling
2026-02-09 01:00:00,20.2,29.042,149.04,91.48,26.52,49.96,11.754,9.598,4.494,3.684,2.1566,0.8108,2848.58,80.83,281.95,0.002029,0.4698,3,Severe Dual Fouling
2026-02-09 01:15:00,19.533,32.923,145.62,84.26,29.58,50.9,12.053,9.853,4.518,3.337,2.1994,1.181,2936.34,72.88,322.33,0.001626,0.5288,3,Severe Dual Fouling
2026-02-09 01:30:00,17.173,32.941,144.0,84.25,28.26,46.5,12.11,10.603,4.384,3.135,1.5073,1.2493,2514.09,74.83,268.78,0.002247,0.5163,3,Severe Dual Fouling
2026-02-09 01:45:00,17.858,30.967,144.68,81.22,30.62,52.05,11.982,10.304,4.549,3.405,1.6773,1.1441,2776.71,69.51,319.59,0.00166,0.5564,3,Severe Dual Fouling
2026-02-09 02:00:00,17.308,33.872,143.88,77.69,30.2,50.01,12.049,10.515,4.641,3.309,1.5337,1.3314,2806.82,68.07,329.9,0.001619,0.5823,3,Severe Dual Fouling
2026-02-09 02:15:00,17.328,33.722,143.14,80.85,24.41,43.15,12.179,10.574,4.499,3.202,1.6048,1.297,2644.58,76.16,277.81,0.002181,0.5246,3,Severe Dual Fouling
2026-02-09 02:30:00,18.689,26.88,146.23,86.52,30.04,54.35,11.99,10.364,4.458,3.582,1.6259,0.8757,2733.86,72.75,300.62,0.001875,0.5139,3,Severe Dual Fouling
2026-02-09 02:45:00,18.757,31.297,142.33,79.52,28.04,50.08,12.008,10.217,4.307,3.145,1.7918,1.1623,2886.4,69.9,330.37,0.001523,0.5496,3,Severe Dual Fouling
2026-02-09 03:00:00,17.43,31.154,147.66,85.98,26.89,47.09,11.606,10.086,4.522,3.394,1.5202,1.1279,2633.7,78.0,270.12,0.002225,0.5107,3,Severe Dual Fouling
2026-02-09 03:15:00,18.114,33.168,145.24,86.58,29.53,48.29,12.331,10.715,4.589,3.442,1.6156,1.1471,2603.7,75.24,276.83,0.002056,0.507,3,Severe Dual Fouling
2026-02-09 03:30:00,18.167,30.767,144.1,83.53,29.77,50.71,11.734,9.791,4.428,3.5,1.9431,0.9279,2695.85,71.76,300.55,0.001913,0.5298,3,Severe Dual Fouling
2026-02-09 03:45:00,17.06,32.359,142.2,80.84,28.06,47.0,11.931,10.325,4.441,3.291,1.6063,1.1491,2564.19,71.92,285.24,0.002037,0.5375,3,Severe Dual Fouling
2026-02-09 04:00:00,19.023,32.432,144.58,85.46,28.45,48.75,12.086,10.292,4.358,3.186,1.7942,1.1725,2755.29,74.75,294.89,0.001956,0.5091,3,Severe Dual Fouling
2026-02-09 04:15:00,17.465,30.223,147.77,85.72,26.39,47.38,11.765,10.327,4.521,3.608,1.4384,0.9125,2655.16,78.07,272.09,0.002202,0.5112,3,Severe Dual Fouling
2026-02-09 04:30:00,18.558,31.879,145.09,85.92,25.92,46.09,12.151,10.426,4.605,3.548,1.7256,1.0569,2690.4,77.88,276.38,0.002193,0.4965,3,Severe Dual Fouling
2026-02-09 04:45:00,18.757,32.463,146.62,83.07,27.86,49.36,11.619,9.679,4.569,3.382,1.9397,1.1866,2920.36,74.26,314.6,0.001736,0.5351,3,Severe Dual Fouling
2026-02-09 05:00:00,18.235,32.133,145.33,86.2,26.86,46.51,12.131,10.197,4.431,3.421,1.934,1.0101,2641.78,77.41,273.02,0.002144,0.4991,3,Severe Dual Fouling
2026-02-09 05:15:00,20.304,30.933,143.99,88.32,28.48,49.88,12.131,9.983,4.553,3.521,2.1483,1.0313,2769.32,75.69,292.71,0.001947,0.4819,3,Severe Dual Fouling
2026-02-09 05:30:00,21.019,30.666,150.83,97.62,29.11,50.47,12.089,9.621,4.564,3.684,2.4679,0.8801,2740.31,83.42,262.78,0.002287,0.4372,3,Severe Dual Fouling
2026-02-09 05:45:00,19.805,30.316,140.86,86.88,27.88,48.53,12.115,10.294,4.504,3.537,1.8212,0.9668,2619.28,74.43,281.54,0.002114,0.4778,3,Severe Dual Fouling
2026-02-09 06:00:00,17.467,34.344,145.66,77.89,28.98,49.16,11.922,10.101,4.613,3.525,1.8204,1.088,2900.07,70.03,331.31,0.001476,0.5808,3,Severe Dual Fouling
2026-02-09 06:15:00,16.848,32.453,143.67,81.37,27.51,46.45,11.894,10.192,4.422,3.384,1.7021,1.038,2571.55,73.43,280.18,0.002116,0.5363,3,Severe Dual Fouling
2026-02-09 06:30:00,19.429,28.702,138.55,82.86,25.62,47.69,11.931,9.839,4.539,3.74,2.0928,0.7987,2650.89,72.76,291.48,0.001862,0.4931,3,Severe Dual Fouling
2026-02-09 06:45:00,17.039,32.233,148.74,83.26,26.07,46.34,11.701,10.253,4.488,3.345,1.4477,1.1431,2733.51,77.61,281.77,0.002077,0.5338,3,Severe Dual Fouling
2026-02-09 07:00:00,19.433,33.092,148.15,87.06,28.84,49.84,11.875,9.735,4.48,3.347,2.1399,1.1331,2908.57,76.53,304.06,0.001848,0.512,3,Severe Dual Fouling
2026-02-09 07:15:00,18.981,31.671,144.04,83.66,27.61,48.8,12.2,10.152,4.365,3.369,2.0481,0.9958,2807.97,73.92,303.9,0.001823,0.5186,3,Severe Dual Fouling
2026-02-09 07:30:00,19.259,32.227,148.86,83.04,27.28,50.31,11.886,9.729,4.624,3.426,2.1575,1.1975,3105.5,75.14,330.66,0.001571,0.5413,3,Severe Dual Fouling
2026-02-09 07:45:00,17.668,34.452,144.62,77.24,27.16,47.39,11.941,10.277,4.535,3.211,1.6639,1.3241,2916.82,71.07,328.33,0.001642,0.5736,3,Severe Dual Fouling
2026-02-09 08:00:00,17.005,31.918,146.9,84.54,29.83,49.29,11.928,10.307,4.519,3.314,1.6218,1.2044,2598.19,74.1,280.5,0.002059,0.5327,3,Severe Dual Fouling
2026-02-09 08:15:00,15.29,30.796,141.51,75.06,29.59,48.91,12.273,10.974,4.428,3.331,1.299,1.0964,2489.23,66.27,300.51,0.001995,0.5937,3,Severe Dual Fouling
2026-02-09 08:30:00,18.168,32.834,143.27,80.89,26.07,46.29,11.812,10.042,4.48,3.377,1.7703,1.1033,2776.61,73.91,300.55,0.00192,0.5323,3,Severe Dual Fouling
2026-02-09 08:45:00,19.543,30.103,143.38,84.79,27.53,49.8,11.963,9.867,4.256,3.295,2.0954,0.9613,2805.27,73.94,303.53,0.001787,0.5057,3,Severe Dual Fouling
2026-02-09 09:00:00,17.974,32.765,144.06,80.47,27.12,47.55,11.889,10.269,4.548,3.443,1.6204,1.1046,2799.91,72.81,307.64,0.00174,0.5438,3,Severe Dual Fouling
2026-02-09 09:15:00,18.826,32.387,143.33,80.68,24.88,46.2,12.029,10.046,4.53,3.288,1.9826,1.2419,2889.35,74.57,310.0,0.001723,0.5289,3,Severe Dual Fouling
2026-02-09 09:30:00,18.154,32.031,143.63,84.35,29.26,48.93,12.248,10.422,4.389,3.158,1.8256,1.2316,2636.27,73.12,288.44,0.002014,0.5183,3,Severe Dual Fouling
2026-02-09 09:45:00,18.756,32.017,148.37,88.42,27.6,48.17,12.0,10.342,4.655,3.527,1.6579,1.1278,2754.92,78.88,279.4,0.002126,0.4964,3,Severe Dual Fouling
2026-02-09 10:00:00,20.692,32.43,142.65,87.69,27.41,47.95,12.152,10.026,4.391,3.173,2.1256,1.2179,2786.43,76.2,292.53,0.001906,0.4769,3,Severe Dual Fouling
2026-02-09 10:15:00,20.41,29.478,146.41,92.45,27.59,49.46,12.059,10.066,4.551,3.517,1.993,1.0349,2698.09,79.83,270.38,0.002132,0.4541,3,Severe Dual Fouling
2026-02-09 10:30:00,20.751,33.191,147.89,94.14,29.4,49.08,11.921,9.787,4.509,3.301,2.134,1.2079,2732.98,80.58,271.33,0.002251,0.4537,3,Severe Dual Fouling
2026-02-09 10:45:00,19.477,31.002,145.1,87.85,27.59,48.65,12.092,10.169,4.49,3.453,1.9225,1.0363,2731.69,76.94,284.04,0.001962,0.4872,3,Severe Dual Fouling
2026-02-09 11:00:00,19.572,34.326,145.25,82.69,26.5,47.39,11.857,9.658,4.563,3.184,2.1989,1.3789,2999.83,75.11,319.52,0.001683,0.5268,3,Severe Dual Fouling
2026-02-09 11:15:00,17.254,26.081,143.05,82.52,28.47,51.92,12.173,10.485,4.459,3.711,1.6877,0.7478,2559.1,70.99,288.4,0.001982,0.5283,3,Severe Dual Fouling
2026-02-09 11:30:00,20.962,32.02,139.81,85.49,25.92,46.74,12.112,9.797,4.322,3.112,2.3142,1.2106,2789.86,75.08,297.28,0.001811,0.477,3,Severe Dual Fouling
2026-02-09 11:45:00,16.968,30.555,146.26,80.14,29.02,50.52,12.471,10.745,4.589,3.578,1.7253,1.0108,2748.41,71.11,309.2,0.00188,0.5639,3,Severe Dual Fouling
2026-02-09 12:00:00,18.677,30.951,138.59,78.46,27.0,48.25,12.215,10.265,4.507,3.337,1.9505,1.17,2751.46,69.09,318.61,0.001684,0.5389,3,Severe Dual Fouling
2026-02-09 12:15:00,18.939,30.463,149.42,90.24,29.59,51.13,11.704,9.748,4.324,3.203,1.9557,1.1217,2746.01,77.96,281.79,0.002002,0.4939,3,Severe Dual Fouling
2026-02-09 12:30:00,18.541,31.843,143.73,85.34,31.32,51.22,12.144,10.414,4.397,3.345,1.7301,1.0511,2652.22,71.55,296.54,0.001897,0.5194,3,Severe Dual Fouling
2026-02-09 12:45:00,19.782,33.604,148.73,87.91,25.79,46.76,11.8,9.969,4.437,3.089,1.8307,1.3482,2947.53,80.4,293.27,0.002023,0.4947,3,Severe Dual Fouling
2026-02-09 13:00:00,19.189,28.887,139.86,82.46,28.39,50.72,12.003,9.853,4.693,3.861,2.1494,0.8326,2698.75,70.15,307.76,0.001813,0.515,3,Severe Dual Fouling
2026-02-09 13:15:00,17.741,33.498,146.4,81.38,29.75,49.92,11.898,10.387,4.381,3.237,1.5112,1.1447,2826.52,71.73,315.22,0.001672,0.5574,3,Severe Dual Fouling
2026-02-09 13:30:00,18.412,31.109,144.7,85.11,28.59,49.24,11.916,10.197,4.422,3.305,1.7194,1.1175,2687.98,74.29,289.44,0.001976,0.5132,3,Severe Dual Fouling
2026-02-09 13:45:00,16.758,31.121,147.69,81.03,25.75,46.77,11.82,10.249,4.41,3.274,1.5709,1.1361,2737.11,75.83,288.77,0.001906,0.5467,3,Severe Dual Fouling
2026-02-09 14:00:00,16.373,33.694,144.1,77.71,27.3,46.19,12.296,10.925,4.517,3.417,1.3704,1.1003,2663.06,71.55,297.75,0.001922,0.5684,3,Severe Dual Fouling
2026-02-09 14:15:00,15.376,28.612,139.62,72.18,27.43,48.65,11.72,10.366,4.669,3.797,1.3545,0.8723,2540.32,65.15,311.94,0.001734,0.6011,3,Severe Dual Fouling
2026-02-09 14:30:00,16.062,31.234,145.78,82.7,27.66,46.65,11.576,10.255,4.685,3.665,1.3207,1.0197,2482.48,74.94,265.03,0.002301,0.534,3,Severe Dual Fouling
2026-02-09 14:45:00,16.921,29.335,139.52,80.88,27.56,47.37,11.905,10.282,4.551,3.711,1.6237,0.84,2431.08,70.97,274.03,0.002141,0.5238,3,Severe Dual Fouling
2026-02-09 15:00:00,18.244,31.581,144.11,84.99,29.2,49.2,12.176,10.601,4.541,3.378,1.5756,1.1629,2642.16,73.63,287.09,0.00203,0.5144,3,Severe Dual Fouling
2026-02-09 15:15:00,20.12,33.722,146.02,86.33,28.61,49.47,11.662,9.286,4.374,3.093,2.3759,1.2815,2942.6,75.47,311.91,0.001681,0.5084,3,Severe Dual Fouling
2026-02-09 15:30:00,19.732,30.523,143.96,84.66,29.34,51.79,12.101,10.058,4.375,3.277,2.0431,1.0983,2866.57,72.18,317.71,0.001576,0.5174,3,Severe Dual Fouling
2026-02-09 15:45:00,17.097,34.417,144.06,81.01,28.69,47.03,12.041,10.444,4.571,3.202,1.5969,1.3685,2641.31,72.39,291.92,0.002041,0.5466,3,Severe Dual Fouling
2026-02-09 16:00:00,17.954,31.742,146.1,80.93,27.96,49.54,12.067,10.207,4.368,3.164,1.86,1.204,2866.26,72.59,315.87,0.00177,0.5516,3,Severe Dual Fouling
2026-02-09 16:15:00,18.626,29.135,142.82,84.57,29.02,50.82,11.912,10.255,4.668,3.822,1.6571,0.8462,2658.01,72.25,294.3,0.001841,0.5118,3,Severe Dual Fouling
2026-02-09 16:30:00,17.803,33.42,144.33,84.06,26.4,45.2,12.416,10.926,4.505,3.321,1.4901,1.1844,2628.8,76.53,274.79,0.002179,0.511,3,Severe Dual Fouling
2026-02-09 16:45:00,18.303,33.853,142.15,85.36,29.08,47.06,12.123,10.341,4.476,3.123,1.7822,1.3534,2546.32,74.0,275.28,0.002202,0.5022,3,Severe Dual Fouling
2026-02-09 17:00:00,18.242,33.518,146.58,85.47,29.51,48.99,12.221,10.352,4.478,3.395,1.8692,1.0832,2731.39,74.86,291.91,0.00198,0.522,3,Severe Dual Fouling
2026-02-09 17:15:00,17.964,32.255,146.99,83.1,27.6,48.44,12.115,10.543,4.361,3.327,1.5712,1.0339,2811.87,74.98,300.03,0.001907,0.5351,3,Severe Dual Fouling
2026-02-09 17:30:00,18.365,30.4,143.8,83.98,28.14,49.3,12.098,10.12,4.418,3.47,1.9781,0.9476,2691.61,73.48,293.04,0.001808,0.5172,3,Severe Dual Fouling
2026-02-09 17:45:00,17.761,32.876,141.98,80.84,25.66,45.0,12.084,10.517,4.495,3.202,1.5666,1.293,2660.47,74.13,287.12,0.001995,0.5256,3,Severe Dual Fouling
2026-02-09 18:00:00,17.357,32.84,144.22,83.24,29.71,48.59,11.41,9.87,4.592,3.296,1.5395,1.2967,2593.31,72.55,285.95,0.001959,0.5326,3,Severe Dual Fouling
2026-02-09 18:15:00,18.791,32.402,144.74,86.94,29.27,48.91,11.883,10.091,4.466,3.354,1.792,1.1128,2661.33,75.14,283.35,0.002049,0.5006,3,Severe Dual Fouling
2026-02-09 18:30:00,18.379,29.122,145.25,85.33,27.51,49.66,12.112,10.54,4.579,3.55,1.5715,1.0291,2698.2,75.13,287.33,0.001913,0.509,3,Severe Dual Fouling
2026-02-09 18:45:00,16.969,29.705,145.86,79.76,30.57,52.68,11.825,10.323,4.509,3.502,1.5018,1.0064,2747.99,68.86,319.26,0.001572,0.5733,3,Severe Dual Fouling
2026-02-09 19:00:00,18.608,35.739,149.48,91.54,30.94,48.61,12.08,10.435,4.479,3.05,1.6441,1.4289,2641.83,79.03,267.42,0.002227,0.4888,3,Severe Dual Fouling
2026-02-09 19:15:00,19.915,37.73,146.06,84.73,26.82,45.77,11.904,9.984,4.484,3.004,1.9203,1.4806,2992.66,77.17,310.24,0.001826,0.5144,3,Severe Dual Fouling
2026-02-09 19:30:00,17.767,28.618,146.89,85.14,29.81,52.26,11.861,10.086,4.484,3.498,1.7756,0.9861,2687.91,73.23,293.64,0.00191,0.5274,3,Severe Dual Fouling
2026-02-09 19:45:00,17.18,34.464,138.4,75.0,28.76,47.26,12.057,10.649,4.665,3.351,1.4081,1.3149,2668.62,66.17,322.63,0.001618,0.5783,3,Severe Dual Fouling
2026-02-09 20:00:00,17.364,30.189,145.21,81.31,27.71,49.23,12.11,10.676,4.515,3.606,1.4343,0.9092,2718.75,72.74,299.0,0.001821,0.5439,3,Severe Dual Fouling
2026-02-09 20:15:00,19.682,33.508,147.72,83.58,28.61,50.67,12.361,10.388,4.529,3.472,1.9726,1.0577,3092.64,74.03,334.21,0.001611,0.5385,3,Severe Dual Fouling
2026-02-09 20:30:00,18.377,30.907,144.01,85.59,29.83,50.17,12.063,10.15,4.332,3.258,1.9134,1.074,2630.19,73.16,287.61,0.002058,0.5116,3,Severe Dual Fouling
2026-02-09 20:45:00,21.376,30.743,145.95,94.54,30.45,51.38,11.911,9.316,4.464,3.553,2.595,0.9112,2692.2,78.35,274.9,0.002218,0.4451,3,Severe Dual Fouling
2026-02-09 21:00:00,18.1,34.149,144.26,85.79,28.64,46.79,11.806,10.165,4.704,3.365,1.6408,1.3392,2592.78,75.53,274.64,0.002236,0.5057,3,Severe Dual Fouling
2026-02-09 21:15:00,17.539,28.615,143.68,77.01,27.92,51.85,11.782,10.357,4.377,3.518,1.4249,0.8589,2864.63,68.24,335.81,0.001509,0.5759,3,Severe Dual Fouling
2026-02-09 21:30:00,17.7,32.155,143.6,84.78,27.94,46.9,11.738,9.902,4.36,3.355,1.8358,1.0056,2550.91,75.01,272.05,0.002184,0.5086,3,Severe Dual Fouling
2026-02-09 21:45:00,19.817,31.634,143.75,90.41,29.45,49.01,11.845,9.575,4.516,3.588,2.2698,0.928,2589.61,76.62,270.4,0.002169,0.4666,3,Severe Dual Fouling
2026-02-09 22:00:00,18.846,35.493,147.21,86.32,27.68,46.61,11.829,9.827,4.378,2.973,2.0026,1.4055,2811.48,77.74,289.32,0.001953,0.5094,3,Severe Dual Fouling
2026-02-09 22:15:00,20.675,32.117,142.55,85.94,26.27,47.6,11.818,9.509,4.626,3.619,2.3092,1.007,2867.43,75.95,302.03,0.001866,0.4868,3,Severe Dual Fouling
2026-02-09 22:30:00,16.883,32.319,142.56,80.94,28.0,46.85,11.846,10.342,4.607,3.403,1.5048,1.204,2548.78,72.23,282.31,0.001996,0.5379,3,Severe Dual Fouling
2026-02-09 22:45:00,18.118,30.841,146.28,80.43,29.22,51.87,11.847,10.198,4.557,3.408,1.649,1.1487,2922.66,70.62,331.08,0.001561,0.5625,3,Severe Dual Fouling
2026-02-09 23:00:00,17.844,34.233,143.38,81.79,30.26,49.06,12.026,10.279,4.325,3.033,1.7473,1.2923,2692.27,70.78,304.29,0.001824,0.5444,3,Severe Dual Fouling
2026-02-09 23:15:00,18.749,33.957,146.42,84.66,29.45,49.42,12.129,10.291,4.594,3.483,1.8378,1.1112,2837.22,74.15,306.11,0.001685,0.5281,3,Severe Dual Fouling
2026-02-09 23:30:00,18.382,29.114,143.78,84.82,28.96,50.76,11.755,9.904,4.58,3.75,1.851,0.8292,2655.52,72.87,291.53,0.001903,0.5135,3,Severe Dual Fouling
2026-02-09 23:45:00,19.059,31.019,146.39,85.61,29.27,51.14,12.024,9.989,4.452,3.4,2.0345,1.0522,2838.2,74.1,306.42,0.001781,0.519,3,Severe Dual Fouling
2026-02-10 00:00:00,18.755,31.761,148.04,82.51,26.94,49.6,12.176,10.527,4.401,3.332,1.6483,1.069,3011.13,74.98,321.27,0.00155,0.5411,3,Severe Dual Fouling
2026-02-10 00:15:00,20.211,30.043,143.49,85.14,25.84,48.83,12.231,10.228,4.454,3.37,2.0032,1.0844,2889.3,75.61,305.72,0.001784,0.496,3,Severe Dual Fouling
2026-02-10 00:30:00,19.239,27.501,146.35,87.09,28.51,52.79,11.637,9.664,4.468,3.645,1.9734,0.8236,2793.32,74.71,299.11,0.001889,0.5029,3,Severe Dual Fouling
2026-02-10 00:45:00,18.948,33.233,139.61,79.18,24.65,44.83,11.8,10.121,4.485,3.323,1.6796,1.1621,2805.45,72.81,308.25,0.001777,0.5257,3,Severe Dual Fouling
2026-02-10 01:00:00,19.057,32.012,142.14,80.27,29.43,51.0,11.727,9.975,4.329,3.222,1.7517,1.1065,2888.88,69.04,334.74,0.001557,0.549,3,Severe Dual Fouling
2026-02-10 01:15:00,18.879,28.193,143.91,82.91,26.96,50.88,11.828,9.854,4.434,3.617,1.9742,0.8169,2821.72,72.93,309.53,0.001733,0.5216,3,Severe Dual Fouling
2026-02-10 01:30:00,19.672,30.513,145.67,89.14,29.61,50.95,11.821,9.886,4.297,3.386,1.935,0.9114,2725.01,75.77,287.72,0.001964,0.4871,3,Severe Dual Fouling
2026-02-10 01:45:00,16.72,31.206,144.32,81.43,29.67,49.41,12.013,10.512,4.383,3.425,1.5009,0.9579,2576.31,71.17,289.59,0.001945,0.5486,3,Severe Dual Fouling
2026-02-10 02:00:00,18.936,29.935,149.46,87.35,27.82,50.82,11.467,9.802,4.538,3.528,1.6648,1.0105,2881.48,77.45,297.64,0.001885,0.5106,3,Severe Dual Fouling
2026-02-10 02:15:00,18.386,32.06,137.59,81.69,28.76,47.53,12.136,10.57,4.537,3.444,1.5661,1.0922,2517.73,69.85,288.34,0.002013,0.5136,3,Severe Dual Fouling
2026-02-10 02:30:00,17.745,28.383,144.6,82.62,27.72,50.41,11.937,10.117,4.505,3.622,1.8195,0.8836,2694.68,72.79,296.17,0.001873,0.5303,3,Severe Dual Fouling
2026-02-10 02:45:00,17.398,29.377,145.44,85.33,26.22,47.06,11.896,10.231,4.491,3.562,1.6642,0.9286,2562.12,77.09,265.9,0.002262,0.5042,3,Severe Dual Fouling
2026-02-10 03:00:00,17.16,31.171,145.01,79.57,30.17,51.27,12.313,10.723,4.448,3.295,1.5895,1.1531,2751.13,69.22,317.98,0.001685,0.5699,3,Severe Dual Fouling
2026-02-10 03:15:00,19.68,33.12,148.38,88.48,26.18,47.02,12.45,10.239,4.606,3.359,2.2108,1.2471,2888.12,80.25,287.9,0.001995,0.4902,3,Severe Dual Fouling
2026-02-10 03:30:00,19.56,31.205,146.83,88.12,27.97,49.52,11.635,9.721,4.426,3.334,1.9142,1.0919,2813.33,77.24,291.37,0.001997,0.4939,3,Severe Dual Fouling
2026-02-10 03:45:00,17.086,32.378,142.48,77.89,27.05,47.0,11.972,10.423,4.463,3.465,1.5492,0.9985,2703.57,70.83,305.35,0.001855,0.5595,3,Severe Dual Fouling
2026-02-10 04:00:00,18.191,32.239,147.23,83.84,28.08,49.02,11.746,10.13,4.457,3.217,1.616,1.2406,2825.3,74.99,301.4,0.001841,0.532,3,Severe Dual Fouling
2026-02-10 04:15:00,18.418,35.622,145.93,81.08,28.24,47.87,12.338,10.71,4.559,3.322,1.6284,1.2366,2926.4,73.13,320.12,0.001687,0.551,3,Severe Dual Fouling
2026-02-10 04:30:00,20.316,33.184,143.28,87.86,25.67,45.54,11.836,9.601,4.522,3.207,2.2348,1.3146,2758.58,78.63,280.67,0.002013,0.4712,3,Severe Dual Fouling
2026-02-10 04:45:00,19.69,32.977,142.92,85.68,29.28,49.29,11.675,9.455,4.321,3.287,2.2206,1.0347,2761.17,73.45,300.74,0.00181,0.5037,3,Severe Dual Fouling
2026-02-10 05:00:00,19.147,30.698,141.76,82.06,26.8,48.61,11.756,9.657,4.439,3.431,2.0993,1.0079,2800.33,72.56,308.74,0.00182,0.5193,3,Severe Dual Fouling
2026-02-10 05:15:00,17.238,31.589,142.07,76.65,28.65,49.56,12.56,11.146,4.684,3.507,1.4138,1.1778,2763.2,67.84,325.85,0.001637,0.5768,3,Severe Dual Fouling
2026-02-10 05:30:00,18.6,32.255,147.64,85.65,29.96,50.89,11.7,9.996,4.523,3.521,1.7034,1.0014,2824.81,74.34,303.97,0.001882,0.5267,3,Severe Dual Fouling
2026-02-10 05:45:00,18.058,32.467,145.59,82.43,30.49,51.06,12.148,10.423,4.454,3.424,1.7256,1.0307,2794.4,71.12,314.33,0.001698,0.5488,3,Severe Dual Fouling
2026-02-10 06:00:00,16.622,28.898,143.52,76.58,25.33,47.88,11.747,10.3,4.535,3.547,1.4478,0.9878,2726.04,71.15,306.51,0.001767,0.5664,3,Severe Dual Fouling
2026-02-10 06:15:00,18.449,31.11,146.42,85.37,27.35,48.55,11.954,9.995,4.382,3.388,1.9593,0.994,2759.69,76.22,289.67,0.002041,0.5127,3,Severe Dual Fouling
2026-02-10 06:30:00,19.881,31.236,141.78,83.28,27.9,49.71,12.217,10.114,4.51,3.36,2.1032,1.1507,2849.93,72.18,315.88,0.001694,0.5138,3,Severe Dual Fouling
2026-02-10 06:45:00,19.718,29.478,147.35,86.78,28.77,52.5,12.319,10.46,4.493,3.431,1.8588,1.0625,2926.03,74.92,312.43,0.001785,0.5108,3,Severe Dual Fouling
2026-02-10 07:00:00,17.72,32.521,150.27,84.12,27.28,48.38,12.145,10.616,4.391,3.15,1.529,1.2405,2871.97,77.19,297.67,0.001975,0.5379,3,Severe Dual Fouling
2026-02-10 07:15:00,19.09,30.431,146.27,87.1,29.61,51.35,11.977,10.213,4.431,3.316,1.7636,1.1151,2767.51,74.65,296.59,0.001885,0.5072,3,Severe Dual Fouling
2026-02-10 07:30:00,17.975,33.017,144.97,77.72,25.58,47.01,12.254,10.461,4.608,3.307,1.7924,1.3012,2961.46,72.66,326.06,0.001541,0.5632,3,Severe Dual Fouling
2026-02-10 07:45:00,18.639,32.244,142.25,83.15,24.89,44.9,11.928,10.087,4.648,3.628,1.8411,1.0206,2698.68,76.14,283.56,0.002127,0.5036,3,Severe Dual Fouling
2026-02-10 08:00:00,18.17,31.473,147.49,84.97,30.95,52.08,11.966,10.112,4.642,3.7,1.8538,0.9415,2783.27,72.77,306.0,0.001734,0.5365,3,Severe Dual Fouling
2026-02-10 08:15:00,19.842,30.599,146.15,86.04,29.84,52.67,12.218,10.379,4.526,3.515,1.8385,1.0107,2921.99,73.26,319.08,0.001636,0.5168,3,Severe Dual Fouling
2026-02-10 08:30:00,18.72,28.687,145.07,85.12,27.31,50.22,12.433,10.529,4.372,3.495,1.904,0.877,2749.51,74.81,294.04,0.00203,0.5091,3,Severe Dual Fouling
2026-02-10 08:45:00,21.076,34.511,144.08,88.05,28.65,48.68,11.723,9.329,4.72,3.561,2.3937,1.1585,2892.94,75.98,304.58,0.001816,0.4854,3,Severe Dual Fouling
2026-02-10 09:00:00,17.325,32.549,149.09,83.24,27.04,47.57,11.95,10.392,4.584,3.342,1.5582,1.2419,2795.41,76.64,291.81,0.002013,0.5396,3,Severe Dual Fouling
2026-02-10 09:15:00,19.583,33.376,142.38,89.42,30.23,48.42,12.069,9.931,4.638,3.423,2.1379,1.2148,2541.18,75.24,270.19,0.002233,0.4722,3,Severe Dual Fouling
2026-02-10 09:30:00,19.711,32.775,152.39,89.7,28.44,50.51,12.248,10.367,4.588,3.471,1.8804,1.1167,3027.47,79.85,303.3,0.001807,0.5058,3,Severe Dual Fouling
2026-02-10 09:45:00,18.79,35.455,141.59,79.48,26.18,45.45,11.893,9.857,4.485,3.067,2.0369,1.4187,2859.23,72.63,314.92,0.001631,0.5381,3,Severe Dual Fouling
2026-02-10 10:00:00,17.648,32.093,142.56,82.61,30.32,49.63,11.7,9.904,4.434,3.2,1.7963,1.2347,2592.35,70.67,293.46,0.001971,0.5342,3,Severe Dual Fouling
2026-02-10 10:15:00,17.058,29.922,144.53,77.27,28.66,51.12,12.241,10.693,4.422,3.372,1.548,1.0497,2810.96,68.59,327.87,0.001557,0.5805,3,Severe Dual Fouling
2026-02-10 10:30:00,20.409,31.937,148.15,91.91,30.74,51.79,11.978,10.083,4.444,3.44,1.895,1.0032,2812.21,77.43,290.54,0.001972,0.479,3,Severe Dual Fouling
2026-02-10 10:45:00,19.831,28.76,147.68,87.72,26.92,51.13,11.669,9.671,4.3,3.455,1.9987,0.8449,2913.2,77.3,301.49,0.001823,0.4965,3,Severe Dual Fouling
2026-02-10 11:00:00,18.668,33.77,146.72,83.31,27.37,47.9,12.182,10.183,4.372,3.142,1.9986,1.2296,2900.03,75.36,307.88,0.001788,0.5313,3,Severe Dual Fouling
2026-02-10 11:15:00,19.296,35.841,146.63,85.85,27.25,46.41,11.958,10.0,4.41,3.167,1.9582,1.2427,2873.21,77.56,296.34,0.001841,0.5091,3,Severe Dual Fouling
2026-02-10 11:30:00,15.976,31.371,140.62,76.31,29.06,48.24,12.051,10.5,4.477,3.361,1.5507,1.1164,2516.96,67.32,299.12,0.001945,0.5764,3,Severe Dual Fouling
2026-02-10 11:45:00,19.325,31.07,143.72,81.33,28.06,50.79,11.731,9.699,4.679,3.626,2.0312,1.0528,2954.04,71.27,331.58,0.001553,0.5394,3,Severe Dual Fouling
2026-02-10 12:00:00,19.476,34.011,144.56,85.04,28.08,48.04,11.931,9.937,4.6,3.504,1.9939,1.0953,2839.88,75.01,302.88,0.001815,0.511,3,Severe Dual Fouling
2026-02-10 12:15:00,19.467,32.421,142.93,89.85,29.04,47.71,11.58,9.689,4.517,3.488,1.8917,1.0295,2531.82,76.73,263.96,0.002272,0.4661,3,Severe Dual Fouling
2026-02-10 12:30:00,19.448,31.687,144.75,85.84,25.91,47.08,11.747,9.879,4.529,3.421,1.868,1.1074,2806.56,77.27,290.56,0.001992,0.4956,3,Severe Dual Fouling
2026-02-10 12:45:00,17.582,31.855,146.1,81.73,28.54,49.35,11.942,10.386,4.563,3.56,1.5559,1.0027,2772.71,72.81,304.66,0.001895,0.5476,3,Severe Dual Fouling
2026-02-10 13:00:00,18.259,32.882,147.3,86.75,27.33,47.02,11.739,9.868,4.569,3.447,1.8712,1.1222,2708.57,78.08,277.52,0.002148,0.5047,3,Severe Dual Fouling
2026-02-10 13:15:00,18.143,32.405,144.28,86.85,30.99,49.82,12.081,10.2,4.403,3.403,1.8813,1.0001,2552.99,73.48,277.97,0.002004,0.507,3,Severe Dual Fouling
2026-02-10 13:30:00,20.737,31.636,149.3,89.15,25.96,49.05,11.931,9.471,4.399,3.394,2.4605,1.0046,3055.91,80.3,304.43,0.001834,0.4877,3,Severe Dual Fouling
2026-02-10 13:45:00,18.051,32.68,140.53,78.87,25.76,45.7,11.845,10.271,4.585,3.364,1.5743,1.2215,2726.7,71.97,303.1,0.001861,0.5372,3,Severe Dual Fouling
2026-02-10 14:00:00,18.36,33.19,147.81,86.35,28.78,48.69,12.127,10.497,4.682,3.401,1.6292,1.2811,2764.28,76.47,289.17,0.002018,0.5163,3,Severe Dual Fouling
2026-02-10 14:15:00,17.983,34.61,144.27,84.55,29.15,47.32,12.258,10.554,4.374,3.142,1.7035,1.2323,2631.3,74.25,283.5,0.002035,0.5188,3,Severe Dual Fouling
2026-02-10 14:30:00,18.561,32.871,144.08,86.03,29.35,48.55,12.285,10.459,4.577,3.292,1.8264,1.2853,2639.55,74.42,283.74,0.002096,0.506,3,Severe Dual Fouling
2026-02-10 14:45:00,19.34,31.103,148.51,87.97,28.69,50.73,11.972,9.79,4.365,3.256,2.1821,1.1082,2868.7,76.93,298.32,0.001893,0.5053,3,Severe Dual Fouling
2026-02-10 15:00:00,18.783,33.21,143.68,77.78,24.79,46.62,11.834,9.989,4.656,3.477,1.8445,1.1786,3033.05,72.82,333.22,0.00158,0.5543,3,Severe Dual Fouling
2026-02-10 15:15:00,17.596,29.358,144.35,78.56,27.14,50.23,11.833,10.163,4.419,3.434,1.6699,0.985,2836.03,70.63,321.22,0.001636,0.5613,3,Severe Dual Fouling
2026-02-10 15:30:00,19.299,32.957,142.41,84.19,25.7,45.67,11.545,9.407,4.679,3.594,2.1384,1.0849,2752.92,76.02,289.7,0.001992,0.4989,3,Severe Dual Fouling
2026-02-10 15:45:00,16.906,30.133,144.12,77.3,25.62,47.58,11.829,10.36,4.38,3.319,1.4696,1.0609,2767.96,71.79,308.46,0.001755,0.5639,3,Severe Dual Fouling
2026-02-10 16:00:00,18.695,30.802,144.61,85.18,28.49,49.61,12.289,10.477,4.325,3.386,1.8113,0.9395,2721.74,74.2,293.45,0.001879,0.5118,3,Severe Dual Fouling
2026-02-10 16:15:00,17.242,29.643,142.13,83.75,29.63,49.51,11.861,10.376,4.361,3.299,1.4848,1.062,2466.37,71.65,275.38,0.002115,0.519,3,Severe Dual Fouling
2026-02-10 16:30:00,17.863,35.785,147.49,80.85,27.62,47.1,11.541,9.895,4.454,3.243,1.6456,1.2114,2916.21,74.33,313.85,0.001719,0.5559,3,Severe Dual Fouling
2026-02-10 16:45:00,18.285,31.103,140.26,84.61,28.91,48.07,11.854,10.251,4.473,3.323,1.6036,1.1497,2492.97,72.42,275.4,0.002148,0.4998,3,Severe Dual Fouling
2026-02-10 17:00:00,18.087,33.952,147.04,87.43,29.98,48.58,11.812,10.265,4.629,3.545,1.5475,1.0835,2641.32,76.12,277.59,0.002168,0.5092,3,Severe Dual Fouling
2026-02-10 17:15:00,19.646,32.633,141.32,82.41,27.27,48.04,11.757,9.753,4.357,3.156,2.0046,1.2016,2835.23,72.54,312.66,0.001769,0.5165,3,Severe Dual Fouling
2026-02-10 17:30:00,19.429,32.269,144.91,82.69,28.81,50.74,11.955,9.998,4.569,3.395,1.9573,1.1748,2961.37,72.16,328.29,0.001576,0.5358,3,Severe Dual Fouling
2026-02-10 17:45:00,18.851,29.749,145.41,80.29,28.36,52.53,12.228,10.458,4.574,3.653,1.7701,0.9208,3007.41,70.43,341.61,0.00151,0.5563,3,Severe Dual Fouling
2026-02-10 18:00:00,18.259,30.667,141.0,82.63,28.54,48.89,11.977,10.032,4.457,3.449,1.9449,1.0081,2610.99,71.42,292.48,0.002061,0.519,3,Severe Dual Fouling
2026-02-10 18:15:00,17.313,32.858,142.27,77.57,27.44,47.4,11.943,10.313,4.656,3.529,1.6295,1.1271,2744.72,70.13,313.08,0.001781,0.5635,3,Severe Dual Fouling
2026-02-10 18:30:00,17.499,31.301,142.55,80.32,30.51,50.88,11.972,10.19,4.523,3.541,1.7821,0.9811,2667.95,68.62,311.04,0.001739,0.5555,3,Severe Dual Fouling
2026-02-10 18:45:00,18.508,32.963,145.25,86.37,29.42,48.78,12.111,10.325,4.591,3.383,1.786,1.2083,2669.96,74.99,284.85,0.002078,0.5083,3,Severe Dual Fouling
2026-02-10 19:00:00,19.636,32.102,147.34,88.44,30.52,51.62,12.16,10.057,4.459,3.443,2.1034,1.0155,2833.59,75.25,301.25,0.001835,0.5042,3,Severe Dual Fouling
2026-02-10 19:15:00,17.385,31.565,146.25,82.0,28.18,48.91,11.837,10.436,4.68,3.618,1.4017,1.062,2736.76,73.44,298.11,0.001877,0.5442,3,Severe Dual Fouling
2026-02-10 19:30:00,20.503,32.836,145.65,90.96,27.61,47.6,12.346,10.08,4.584,3.309,2.2658,1.2753,2747.44,79.44,276.68,0.002124,0.4633,3,Severe Dual Fouling
2026-02-10 19:45:00,18.745,34.286,147.98,87.86,28.84,48.09,12.331,10.368,4.283,3.011,1.9634,1.2713,2761.01,77.67,284.4,0.001949,0.5046,3,Severe Dual Fouling
2026-02-10 20:00:00,18.034,33.109,145.15,83.31,30.24,49.96,11.948,10.367,4.404,3.319,1.5806,1.0845,2731.98,72.09,303.16,0.001796,0.5381,3,Severe Dual Fouling
2026-02-10 20:15:00,20.189,32.705,143.38,86.67,27.12,47.62,11.585,9.498,4.538,3.504,2.0878,1.0341,2805.08,76.23,294.4,0.001891,0.4878,3,Severe Dual Fouling
2026-02-10 20:30:00,16.855,31.457,141.43,78.99,29.18,48.78,11.871,10.206,4.49,3.325,1.6646,1.1645,2578.55,69.03,298.85,0.001868,0.5563,3,Severe Dual Fouling
2026-02-10 20:45:00,17.547,33.466,145.14,83.9,26.44,45.24,12.481,10.995,4.666,3.506,1.486,1.1599,2632.84,76.73,274.49,0.002306,0.5159,3,Severe Dual Fouling
2026-02-10 21:00:00,18.736,28.213,142.55,84.45,28.63,51.22,11.868,9.831,4.363,3.575,2.0373,0.7889,2666.71,72.12,295.81,0.001879,0.51,3,Severe Dual Fouling
2026-02-10 21:15:00,19.157,32.68,147.24,87.1,27.75,48.39,11.709,9.739,4.504,3.43,1.9694,1.0741,2822.88,77.43,291.66,0.001913,0.5033,3,Severe Dual Fouling
2026-02-10 21:30:00,16.949,31.477,143.59,81.72,29.71,49.21,12.119,10.618,4.418,3.314,1.5004,1.104,2569.05,71.11,289.03,0.002058,0.5432,3,Severe Dual Fouling
2026-02-10 21:45:00,18.391,31.009,141.87,80.38,28.51,49.86,11.966,10.279,4.543,3.372,1.6871,1.1711,2770.29,70.03,316.45,0.001711,0.5424,3,Severe Dual Fouling
2026-02-10 22:00:00,19.156,28.153,145.98,91.43,30.37,52.11,11.915,10.197,4.719,3.945,1.7177,0.7744,2560.27,76.29,268.47,0.002199,0.4719,3,Severe Dual Fouling
2026-02-10 22:15:00,17.823,28.614,147.24,80.79,28.88,53.12,12.002,10.505,4.574,3.577,1.4969,0.9974,2901.76,70.93,327.28,0.001615,0.5615,3,Severe Dual Fouling
2026-02-10 22:30:00,16.93,32.293,144.6,79.03,27.4,47.53,12.209,10.644,4.401,3.412,1.5651,0.9891,2719.79,71.98,302.3,0.001792,0.5595,3,Severe Dual Fouling
2026-02-10 22:45:00,17.32,33.11,144.88,76.63,26.22,47.13,11.81,10.072,4.463,3.416,1.7375,1.0471,2896.15,71.49,324.09,0.001562,0.5752,3,Severe Dual Fouling
2026-02-10 23:00:00,17.276,34.242,144.45,79.42,27.01,46.22,12.108,10.645,4.503,3.147,1.4628,1.3564,2752.5,72.94,301.9,0.001844,0.5537,3,Severe Dual Fouling
2026-02-10 23:15:00,16.267,34.905,146.77,81.74,28.23,45.97,11.713,10.118,4.333,3.127,1.595,1.2058,2591.51,74.68,277.63,0.002101,0.5485,3,Severe Dual Fouling
2026-02-10 23:30:00,18.553,33.972,148.63,82.75,26.12,47.19,11.93,9.982,4.466,3.297,1.9475,1.1686,2994.38,76.88,311.61,0.001877,0.5377,3,Severe Dual Fouling
2026-02-10 23:45:00,18.855,32.571,148.33,82.11,28.56,51.01,11.573,9.742,4.356,3.359,1.8303,0.9975,3059.27,73.27,334.04,0.001475,0.5529,3,Severe Dual Fouling
2026-02-11 00:00:00,16.57,28.186,141.11,78.1,29.49,51.18,11.946,10.374,4.405,3.479,1.5718,0.9259,2558.2,67.17,304.69,0.001799,0.5645,3,Severe Dual Fouling
2026-02-11 00:15:00,17.569,33.0,143.31,83.27,30.44,49.15,12.241,10.401,4.455,3.239,1.8399,1.2153,2584.38,71.52,289.08,0.001975,0.5319,3,Severe Dual Fouling
2026-02-11 00:30:00,17.215,31.276,141.41,75.24,29.09,50.41,11.974,10.347,4.578,3.564,1.6265,1.014,2790.63,66.06,337.95,0.001546,0.5891,3,Severe Dual Fouling
2026-02-11 00:45:00,18.023,29.412,144.35,80.0,28.84,51.93,11.906,10.169,4.329,3.345,1.7372,0.9835,2841.71,69.77,325.85,0.001634,0.5571,3,Severe Dual Fouling
2026-02-11 01:00:00,19.659,33.615,143.73,82.38,26.11,47.12,12.077,9.806,4.559,3.343,2.2714,1.2161,2955.18,74.63,316.79,0.001663,0.5216,3,Severe Dual Fouling
2026-02-11 01:15:00,19.875,31.243,142.15,83.45,27.9,49.77,12.338,10.463,4.324,3.355,1.8741,0.969,2858.35,72.41,315.78,0.001586,0.5138,3,Severe Dual Fouling
2026-02-11 01:30:00,19.484,27.54,143.68,81.74,26.78,52.44,11.543,9.387,4.51,3.754,2.1565,0.7566,2956.66,71.58,330.47,0.001601,0.5298,3,Severe Dual Fouling
2026-02-11 01:45:00,21.269,30.725,141.6,88.81,29.76,51.16,12.373,10.191,4.436,3.322,2.1829,1.1142,2751.06,73.63,298.91,0.001944,0.4721,3,Severe Dual Fouling
2026-02-11 02:00:00,17.275,32.362,147.29,83.64,25.18,45.07,12.005,10.514,4.335,3.229,1.4917,1.1057,2693.81,78.31,275.19,0.002131,0.5212,3,Severe Dual Fouling
2026-02-11 02:15:00,19.931,34.03,147.71,88.44,27.19,47.52,12.059,10.238,4.403,3.099,1.8214,1.3045,2894.4,79.13,292.63,0.001882,0.4918,3,Severe Dual Fouling
2026-02-11 02:30:00,18.175,31.668,150.76,86.28,26.51,48.18,12.099,10.268,4.509,3.548,1.8309,0.9605,2871.36,79.26,289.81,0.001906,0.519,3,Severe Dual Fouling
2026-02-11 02:45:00,20.105,31.366,144.46,83.76,29.73,52.51,11.97,9.719,4.578,3.492,2.251,1.0861,2990.22,71.32,335.42,0.00163,0.5291,3,Severe Dual Fouling
2026-02-11 03:00:00,18.917,31.87,143.95,83.41,27.09,48.13,12.613,10.533,4.346,3.201,2.0801,1.1444,2805.94,74.33,302.0,0.001797,0.5181,3,Severe Dual Fouling
2026-02-11 03:15:00,19.589,30.168,145.38,87.38,27.23,49.28,11.695,9.543,4.372,3.433,2.1525,0.9393,2783.44,76.72,290.23,0.002022,0.4909,3,Severe Dual Fouling
2026-02-11 03:30:00,19.073,30.558,144.06,84.06,29.7,51.63,11.742,9.995,4.455,3.501,1.7471,0.9545,2803.37,71.72,312.69,0.001714,0.5246,3,Severe Dual Fouling
2026-02-11 03:45:00,16.738,33.155,143.11,80.92,30.74,49.13,11.918,10.462,4.486,3.166,1.4564,1.3208,2550.31,69.8,292.29,0.001832,0.5535,3,Severe Dual Fouling
2026-02-11 04:00:00,19.654,31.595,145.21,86.78,28.87,50.15,11.841,9.56,4.406,3.221,2.2809,1.1857,2813.64,74.96,300.29,0.001885,0.5022,3,Severe Dual Fouling
2026-02-11 04:15:00,17.699,31.358,145.54,84.35,28.53,48.75,11.994,10.32,4.519,3.354,1.6734,1.1646,2653.17,74.44,285.13,0.002071,0.5229,3,Severe Dual Fouling
2026-02-11 04:30:00,18.697,30.437,145.41,78.43,24.9,49.0,12.214,10.176,4.535,3.409,2.0388,1.1263,3068.21,72.88,336.81,0.001491,0.5558,3,Severe Dual Fouling
2026-02-11 04:45:00,20.705,32.675,149.76,95.27,29.18,49.39,11.839,9.879,4.549,3.546,1.9601,1.0023,2764.03,82.04,269.54,0.002261,0.4519,3,Severe Dual Fouling
2026-02-11 05:00:00,17.987,32.18,144.3,82.26,28.4,48.71,12.086,10.386,4.627,3.448,1.7005,1.1788,2733.83,72.74,300.66,0.001836,0.5353,3,Severe Dual Fouling
2026-02-11 05:15:00,18.982,30.845,140.9,81.15,25.44,46.97,12.002,10.014,4.554,3.591,1.9879,0.9633,2778.99,73.16,303.88,0.00175,0.5175,3,Severe Dual Fouling
2026-02-11 05:30:00,17.799,33.997,150.66,79.81,26.88,48.6,12.493,10.676,4.501,3.309,1.8175,1.1924,3089.71,74.82,330.34,0.001616,0.5724,3,Severe Dual Fouling
2026-02-11 05:45:00,18.727,29.211,147.53,89.42,27.27,49.09,12.101,10.324,4.45,3.525,1.7771,0.9243,2666.15,78.9,270.32,0.002131,0.4832,3,Severe Dual Fouling
2026-02-11 06:00:00,19.12,31.117,144.03,81.02,28.75,51.42,11.836,9.838,4.483,3.442,1.9983,1.0414,2951.72,70.53,334.81,0.001513,0.5466,3,Severe Dual Fouling
2026-02-11 06:15:00,20.534,30.546,144.67,91.48,28.77,49.7,11.844,9.45,4.608,3.53,2.3941,1.0782,2675.61,77.73,275.37,0.002125,0.4589,3,Severe Dual Fouling
2026-02-11 06:30:00,18.632,32.605,148.18,82.66,31.49,53.42,11.967,10.214,4.409,3.23,1.7524,1.1791,2990.64,70.74,338.21,0.001498,0.5615,3,Severe Dual Fouling
2026-02-11 06:45:00,18.442,29.026,142.83,84.28,29.41,51.19,11.592,9.723,4.491,3.654,1.8688,0.8378,2645.38,71.69,295.19,0.001901,0.5162,3,Severe Dual Fouling
2026-02-11 07:00:00,18.217,31.359,144.53,79.82,26.82,48.83,11.797,9.974,4.6,3.567,1.8237,1.0335,2888.18,72.26,319.75,0.001653,0.5497,3,Severe Dual Fouling
2026-02-11 07:15:00,17.583,33.64,147.6,83.07,29.38,49.13,11.908,10.18,4.489,3.279,1.7274,1.2094,2779.82,73.82,301.25,0.001861,0.5459,3,Severe Dual Fouling
2026-02-11 07:30:00,21.636,31.566,141.15,88.05,27.91,49.23,12.335,9.66,4.606,3.538,2.675,1.0678,2815.12,74.91,300.65,0.001825,0.469,3,Severe Dual Fouling
2026-02-11 07:45:00,15.365,33.067,148.3,73.0,25.67,46.15,11.856,10.493,4.461,3.247,1.3632,1.2136,2834.6,71.26,318.23,0.001637,0.614,3,Severe Dual Fouling
2026-02-11 08:00:00,20.699,35.656,145.42,84.51,30.15,50.85,12.085,9.633,4.478,3.145,2.4514,1.3334,3088.69,72.62,340.27,0.001533,0.5284,3,Severe Dual Fouling
2026-02-11 08:15:00,17.913,28.664,145.9,81.84,28.44,51.88,11.791,10.139,4.547,3.592,1.6521,0.9553,2811.53,71.8,313.24,0.001744,0.5454,3,Severe Dual Fouling
2026-02-11 08:30:00,18.468,33.24,147.34,88.01,29.9,49.2,11.937,10.104,4.552,3.497,1.8334,1.0559,2684.4,76.39,281.14,0.002054,0.5052,3,Severe Dual Fouling
2026-02-11 08:45:00,18.274,32.316,141.12,83.76,27.74,46.73,11.548,9.999,4.395,3.231,1.5491,1.1647,2568.25,73.55,279.36,0.002104,0.5059,3,Severe Dual Fouling
2026-02-11 09:00:00,17.172,30.694,147.67,81.21,27.48,49.26,12.388,10.898,4.569,3.486,1.4898,1.0833,2796.1,73.83,302.99,0.001865,0.553,3,Severe Dual Fouling
2026-02-11 09:15:00,17.173,28.903,145.38,83.74,27.56,49.0,11.821,10.087,4.332,3.528,1.7342,0.8037,2593.32,74.48,278.57,0.001975,0.5232,3,Severe Dual Fouling
2026-02-11 09:30:00,19.717,32.485,143.89,86.89,31.2,51.46,11.873,10.073,4.359,3.117,1.8003,1.2422,2753.44,72.52,303.74,0.001827,0.5058,3,Severe Dual Fouling
2026-02-11 09:45:00,17.868,31.703,142.84,80.5,29.21,49.78,12.029,10.255,4.472,3.34,1.7736,1.132,2728.7,70.11,311.35,0.001734,0.5486,3,Severe Dual Fouling
2026-02-11 10:00:00,17.304,35.109,148.71,82.56,28.59,47.68,12.164,10.648,4.623,3.235,1.5163,1.3881,2804.52,75.06,298.92,0.001859,0.5507,3,Severe Dual Fouling
2026-02-11 10:15:00,19.404,33.159,145.62,78.3,24.09,47.16,12.235,10.515,4.584,3.543,1.7197,1.0413,3200.39,74.14,345.33,0.001515,0.554,3,Severe Dual Fouling
2026-02-11 10:30:00,18.283,32.822,143.89,85.12,30.06,49.23,11.868,10.005,4.49,3.437,1.8634,1.0527,2632.92,73.08,288.21,0.001937,0.5163,3,Severe Dual Fouling
2026-02-11 10:45:00,19.82,33.635,145.68,86.11,25.91,46.47,11.989,10.047,4.47,3.221,1.9425,1.2485,2892.69,78.09,296.36,0.001946,0.4974,3,Severe Dual Fouling
2026-02-11 11:00:00,19.707,30.764,145.52,88.97,29.65,50.86,12.05,10.071,4.314,3.276,1.9796,1.0382,2730.12,75.62,288.82,0.002002,0.488,3,Severe Dual Fouling
2026-02-11 11:15:00,19.284,35.712,144.89,85.65,28.46,47.19,11.812,9.94,4.437,3.019,1.8721,1.4171,2799.08,75.65,296.02,0.001891,0.5088,3,Severe Dual Fouling
2026-02-11 11:30:00,18.809,33.772,143.14,85.56,27.3,46.08,11.807,9.761,4.501,3.204,2.0463,1.2971,2653.44,76.02,279.24,0.0021,0.4971,3,Severe Dual Fouling
2026-02-11 11:45:00,16.885,28.69,146.59,82.89,26.73,48.68,11.724,10.356,4.553,3.693,1.3674,0.8604,2635.4,75.11,280.69,0.002038,0.5315,3,Severe Dual Fouling
2026-02-11 12:00:00,15.538,29.203,147.84,78.7,26.61,48.16,11.713,10.575,4.491,3.639,1.1377,0.852,2632.33,73.33,287.19,0.00197,0.5704,3,Severe Dual Fouling
2026-02-11 12:15:00,17.408,32.979,144.16,80.28,26.33,46.07,11.733,9.935,4.73,3.67,1.7982,1.0606,2724.3,73.83,295.18,0.001955,0.5421,3,Severe Dual Fouling
2026-02-11 12:30:00,18.204,32.328,142.64,82.98,28.19,47.87,11.65,9.844,4.462,3.308,1.8059,1.1538,2661.24,72.96,291.79,0.001921,0.5213,3,Severe Dual Fouling
2026-02-11 12:45:00,19.241,32.501,145.96,89.5,30.54,50.11,12.031,10.109,4.523,3.316,1.9212,1.2065,2661.69,75.92,280.47,0.00202,0.4892,3,Severe Dual Fouling
2026-02-11 13:00:00,20.9,35.843,142.57,85.83,29.76,49.14,12.067,9.583,4.599,3.176,2.4845,1.4225,2905.49,73.17,317.67,0.00174,0.503,3,Severe Dual Fouling
2026-02-11 13:15:00,17.097,31.166,145.0,83.39,26.49,46.28,11.884,10.22,4.36,3.335,1.6637,1.0254,2580.85,75.9,272.03,0.002173,0.5199,3,Severe Dual Fouling
2026-02-11 13:30:00,16.375,32.56,146.53,79.84,25.42,45.06,12.483,10.938,4.436,3.293,1.545,1.1434,2675.51,75.51,283.44,0.002163,0.5507,3,Severe Dual Fouling
2026-02-11 13:45:00,19.599,29.061,147.66,87.28,30.56,54.41,12.257,10.353,4.544,3.719,1.9039,0.8245,2899.34,73.48,315.66,0.001771,0.5156,3,Severe Dual Fouling
2026-02-11 14:00:00,18.094,32.394,148.76,87.35,28.32,48.41,12.126,10.314,4.281,3.112,1.8119,1.1691,2722.14,77.88,279.64,0.002122,0.5098,3,Severe Dual Fouling
2026-02-11 14:15:00,19.514,30.799,146.7,85.73,28.06,50.68,12.003,10.146,4.6,3.682,1.8573,0.9185,2915.09,75.22,310.03,0.001782,0.5139,3,Severe Dual Fouling
2026-02-11 14:30:00,19.397,32.146,143.27,87.56,28.53,48.22,11.881,9.921,4.544,3.44,1.96,1.1037,2647.43,75.61,280.11,0.002099,0.4856,3,Severe Dual Fouling
2026-02-11 14:45:00,17.993,31.989,143.62,83.47,29.46,49.27,12.109,10.504,4.53,3.458,1.605,1.0716,2651.67,72.32,293.34,0.001942,0.5269,3,Severe Dual Fouling
2026-02-11 15:00:00,17.482,31.487,144.1,82.68,27.81,47.78,11.646,10.007,4.581,3.491,1.6392,1.0899,2630.97,73.66,285.76,0.001868,0.5282,3,Severe Dual Fouling
2026-02-11 15:15:00,20.079,32.522,145.05,86.38,28.86,50.07,11.838,9.899,4.628,3.387,1.9389,1.2409,2886.63,74.69,309.2,0.001759,0.505,3,Severe Dual Fouling
2026-02-11 15:30:00,18.93,29.785,148.06,89.6,27.8,49.56,12.084,10.028,4.51,3.459,2.056,1.0507,2711.32,78.73,275.52,0.002023,0.4861,3,Severe Dual Fouling
2026-02-11 15:45:00,19.406,34.961,147.06,81.17,28.08,49.5,11.943,10.143,4.753,3.357,1.7996,1.3958,3132.71,73.08,342.92,0.001467,0.5538,3,Severe Dual Fouling
2026-02-11 16:00:00,20.325,30.597,144.52,88.03,27.84,49.82,12.287,9.959,4.423,3.535,2.3276,0.8888,2813.18,76.15,295.54,0.001926,0.4842,3,Severe Dual Fouling
2026-02-11 16:15:00,16.726,30.713,145.61,76.74,28.17,50.14,11.976,10.33,4.565,3.42,1.6458,1.145,2822.04,69.4,325.31,0.001564,0.5864,3,Severe Dual Fouling
2026-02-11 16:30:00,15.907,34.233,147.0,78.92,29.21,47.74,12.019,10.829,4.633,3.348,1.1905,1.2857,2653.47,71.65,296.28,0.001911,0.578,3,Severe Dual Fouling
2026-02-11 16:45:00,20.396,37.187,146.3,90.13,29.25,47.29,12.05,9.659,4.546,3.176,2.3914,1.3691,2806.68,78.41,286.37,0.00205,0.4798,3,Severe Dual Fouling
2026-02-11 17:00:00,18.666,32.249,143.97,83.65,27.39,47.83,12.123,10.293,4.564,3.46,1.8302,1.1033,2758.61,74.43,296.52,0.001903,0.5174,3,Severe Dual Fouling
2026-02-11 17:15:00,17.669,32.534,144.73,80.79,27.29,47.62,11.677,10.115,4.416,3.151,1.5622,1.2642,2767.92,73.15,302.69,0.001879,0.5444,3,Severe Dual Fouling
2026-02-11 17:30:00,17.966,33.777,148.08,86.38,27.03,46.25,11.676,10.094,4.625,3.55,1.5819,1.075,2715.84,78.69,276.11,0.002201,0.5097,3,Severe Dual Fouling
2026-02-11 17:45:00,18.158,33.085,147.0,83.46,29.46,49.88,12.12,10.214,4.525,3.454,1.9056,1.0715,2826.45,73.46,307.81,0.001792,0.5406,3,Severe Dual Fouling
2026-02-11 18:00:00,17.208,28.984,141.85,78.3,27.19,49.28,11.911,10.531,4.472,3.461,1.3796,1.0108,2679.26,69.79,307.1,0.001792,0.5543,3,Severe Dual Fouling
2026-02-11 18:15:00,19.478,32.706,145.29,86.98,29.31,49.65,12.285,10.211,4.432,3.411,2.0739,1.0215,2782.34,75.06,296.54,0.001941,0.5027,3,Severe Dual Fouling
2026-02-11 18:30:00,17.358,31.173,142.62,75.89,26.39,48.14,12.241,10.759,4.553,3.547,1.4825,1.0062,2837.57,69.58,326.24,0.001553,0.5741,3,Severe Dual Fouling
2026-02-11 18:45:00,18.368,35.837,144.9,81.86,27.14,46.06,12.186,10.21,4.333,2.995,1.9758,1.3375,2837.1,74.62,304.17,0.001826,0.5353,3,Severe Dual Fouling
2026-02-11 19:00:00,15.381,31.721,144.64,80.58,28.93,47.12,11.788,10.594,4.583,3.599,1.1947,0.9837,2413.96,72.17,267.59,0.002296,0.5536,3,Severe Dual Fouling
2026-02-11 19:15:00,16.874,33.179,144.41,81.1,27.77,46.62,11.387,9.691,4.441,3.381,1.6958,1.06,2617.55,73.32,285.58,0.00202,0.5428,3,Severe Dual Fouling
2026-02-11 19:30:00,17.894,33.858,145.65,80.89,26.65,46.69,12.188,10.506,4.56,3.216,1.682,1.3442,2839.04,74.38,305.37,0.001834,0.5442,3,Severe Dual Fouling
2026-02-11 19:45:00,18.022,34.779,146.67,82.95,27.32,46.66,12.347,10.396,4.38,3.05,1.9506,1.3295,2813.29,75.66,297.46,0.001918,0.5339,3,Severe Dual Fouling
2026-02-11 20:00:00,17.42,29.767,145.57,77.95,29.06,52.23,11.784,10.115,4.53,3.602,1.669,0.9277,2886.27,68.74,335.92,0.001481,0.5804,3,Severe Dual Fouling
2026-02-11 20:15:00,19.425,32.853,147.57,83.58,28.61,50.77,12.29,10.21,4.329,3.063,2.0792,1.2663,3045.6,73.92,329.6,0.001561,0.5379,3,Severe Dual Fouling
2026-02-11 20:30:00,21.251,31.296,145.72,93.43,27.69,48.48,12.016,9.668,4.447,3.412,2.348,1.0342,2722.06,80.47,270.63,0.002204,0.443,3,Severe Dual Fouling
2026-02-11 20:45:00,20.3,33.005,145.21,88.84,28.55,48.85,12.225,9.98,4.675,3.618,2.2443,1.0574,2803.29,76.92,291.54,0.001975,0.4832,3,Severe Dual Fouling
2026-02-11 21:00:00,17.414,31.182,144.21,83.78,26.42,46.18,11.923,10.479,4.355,3.231,1.4438,1.1239,2578.06,75.89,271.77,0.002195,0.513,3,Severe Dual Fouling
2026-02-11 21:15:00,16.871,32.151,143.42,80.74,30.64,49.89,12.105,10.562,4.5,3.331,1.5434,1.1693,2590.56,69.57,297.9,0.001831,0.5557,3,Severe Dual Fouling
2026-02-11 21:30:00,18.624,32.366,143.29,81.14,26.54,47.48,12.022,9.983,4.649,3.568,2.039,1.0813,2835.45,73.29,309.52,0.001834,0.5323,3,Severe Dual Fouling
2026-02-11 21:45:00,19.489,32.449,144.7,88.73,28.09,47.78,12.015,9.981,4.618,3.409,2.0339,1.2089,2672.41,77.37,276.33,0.002072,0.48,3,Severe Dual Fouling
2026-02-11 22:00:00,20.09,31.073,145.89,85.57,27.69,50.53,11.877,9.894,4.468,3.51,1.9834,0.958,2969.03,75.07,316.4,0.001705,0.5103,3,Severe Dual Fouling
2026-02-11 22:15:00,20.147,30.176,144.51,90.47,29.38,50.51,11.712,9.859,4.356,3.358,1.8529,0.9979,2667.75,76.36,279.47,0.002074,0.4694,3,Severe Dual Fouling
2026-02-11 22:30:00,22.081,31.733,148.81,94.93,29.5,51.45,12.053,9.752,4.279,3.296,2.301,0.9829,2914.94,80.34,290.25,0.001993,0.4516,3,Severe Dual Fouling
2026-02-11 22:45:00,20.936,34.355,139.94,85.32,27.58,47.07,12.126,10.074,4.633,3.285,2.0525,1.3476,2802.02,73.92,303.26,0.001806,0.4862,3,Severe Dual Fouling
2026-02-11 23:00:00,16.082,34.258,142.52,76.16,31.18,49.42,11.827,10.59,4.482,3.377,1.2375,1.1043,2614.56,66.15,316.2,0.001828,0.596,3,Severe Dual Fouling
2026-02-11 23:15:00,17.1,32.651,145.73,79.03,26.3,46.75,11.726,10.096,4.606,3.478,1.6299,1.128,2794.23,73.44,304.38,0.001783,0.5585,3,Severe Dual Fouling
2026-02-11 23:30:00,18.763,30.972,146.1,85.46,26.47,47.99,11.952,9.986,4.541,3.512,1.9665,1.029,2787.62,76.9,290.0,0.001949,0.5069,3,Severe Dual Fouling
2026-02-11 23:45:00,18.581,31.554,144.57,86.18,26.89,47.02,12.09,10.468,4.408,3.277,1.622,1.1304,2658.06,76.84,276.75,0.002185,0.4962,3,Severe Dual Fouling
2026-02-12 00:00:00,18.529,33.149,143.46,85.16,29.43,48.51,11.891,10.179,4.529,3.217,1.712,1.3118,2646.64,73.61,287.65,0.001981,0.5113,3,Severe Dual Fouling
2026-02-12 00:15:00,18.563,30.754,145.86,85.69,27.31,48.57,12.311,10.694,4.749,3.84,1.6172,0.9087,2736.42,76.19,287.34,0.002082,0.5075,3,Severe Dual Fouling
2026-02-12 00:30:00,17.27,30.782,148.02,77.54,28.38,51.54,11.868,10.448,4.315,3.405,1.4198,0.9104,2982.19,70.18,339.96,0.001573,0.5891,3,Severe Dual Fouling
2026-02-12 00:45:00,17.857,31.75,144.14,83.68,28.1,48.01,12.369,10.728,4.38,3.284,1.6409,1.0953,2645.23,74.01,285.91,0.002025,0.521,3,Severe Dual Fouling
2026-02-12 01:00:00,17.144,31.191,143.38,78.73,28.64,49.44,12.062,10.35,4.511,3.441,1.7117,1.0702,2715.48,69.73,311.53,0.001749,0.5634,3,Severe Dual Fouling
2026-02-12 01:15:00,17.108,31.301,142.16,75.8,30.41,51.65,12.335,10.907,4.653,3.532,1.4282,1.1204,2781.63,65.37,340.4,0.001491,0.5939,3,Severe Dual Fouling
2026-02-12 01:30:00,16.958,31.244,149.72,81.59,27.23,48.88,11.924,10.298,4.529,3.432,1.626,1.097,2830.67,75.22,301.07,0.001795,0.5562,3,Severe Dual Fouling
2026-02-12 01:45:00,18.89,33.558,147.05,86.08,28.04,48.13,12.23,10.414,4.597,3.29,1.8164,1.3068,2821.63,76.67,294.41,0.001971,0.5123,3,Severe Dual Fouling
2026-02-12 02:00:00,18.976,31.842,148.65,88.97,27.29,48.12,11.661,9.521,4.422,3.426,2.1396,0.996,2774.64,79.53,279.1,0.002116,0.4918,3,Severe Dual Fouling
2026-02-12 02:15:00,18.233,33.503,144.04,80.73,28.74,48.91,11.841,10.133,4.395,3.344,1.7083,1.0508,2828.19,71.41,316.85,0.001645,0.5491,3,Severe Dual Fouling
2026-02-12 02:30:00,15.473,32.72,145.35,76.51,25.94,45.01,12.087,10.836,4.543,3.297,1.2509,1.2463,2609.49,72.63,287.41,0.001989,0.5765,3,Severe Dual Fouling
2026-02-12 02:45:00,18.796,33.482,139.67,79.55,29.17,48.93,11.898,10.203,4.558,3.318,1.6953,1.2408,2768.41,68.59,322.88,0.001651,0.544,3,Severe Dual Fouling
2026-02-12 03:00:00,18.527,30.658,145.4,79.45,26.45,49.79,11.838,9.948,4.729,3.62,1.8902,1.1094,2993.48,72.22,331.6,0.001568,0.5544,3,Severe Dual Fouling
2026-02-12 03:15:00,19.408,30.511,148.99,83.85,28.18,52.44,12.16,10.045,4.657,3.71,2.1151,0.947,3097.25,74.24,333.74,0.001548,0.5392,3,Severe Dual Fouling
2026-02-12 03:30:00,18.378,32.525,144.34,84.24,26.13,46.02,11.823,10.032,4.315,3.095,1.7918,1.2205,2705.97,76.46,283.11,0.002076,0.5084,3,Severe Dual Fouling
2026-02-12 03:45:00,17.361,30.973,145.44,77.42,26.93,49.25,12.095,10.434,4.364,3.204,1.6602,1.1605,2892.93,70.9,326.41,0.001582,0.5739,3,Severe Dual Fouling
2026-02-12 04:00:00,18.815,28.24,146.14,83.65,27.37,51.75,11.895,9.966,4.417,3.467,1.9295,0.9498,2880.61,73.7,312.68,0.001773,0.5261,3,Severe Dual Fouling
2026-02-12 04:15:00,17.4,34.139,141.83,77.79,23.9,43.01,12.366,10.647,4.53,3.185,1.7191,1.3447,2730.07,74.1,294.76,0.001887,0.543,3,Severe Dual Fouling
2026-02-12 04:30:00,18.457,33.917,143.65,78.94,28.9,49.52,11.919,10.125,4.58,3.472,1.7943,1.1082,2926.07,69.77,335.5,0.00153,0.5639,3,Severe Dual Fouling
2026-02-12 04:45:00,18.465,31.921,143.31,86.83,29.5,48.63,11.811,10.046,4.528,3.456,1.7651,1.0722,2554.87,74.45,274.52,0.002126,0.4962,3,Severe Dual Fouling
2026-02-12 05:00:00,18.581,31.991,144.12,82.96,27.06,47.86,12.044,10.213,4.355,3.148,1.8315,1.207,2784.38,74.26,299.95,0.001816,0.5225,3,Severe Dual Fouling
2026-02-12 05:15:00,16.843,33.208,147.41,80.18,28.18,48.14,12.188,10.66,4.765,3.512,1.5278,1.2533,2774.33,73.11,303.58,0.001731,0.5638,3,Severe Dual Fouling
2026-02-12 05:30:00,20.104,32.814,146.45,89.13,30.23,50.79,12.191,9.889,4.612,3.344,2.3015,1.2687,2822.85,75.8,297.93,0.00188,0.4932,3,Severe Dual Fouling
2026-02-12 05:45:00,17.703,33.419,140.57,79.79,29.24,48.1,12.038,10.57,4.535,3.35,1.4675,1.1856,2636.14,69.42,303.8,0.001852,0.5459,3,Severe Dual Fouling
2026-02-12 06:00:00,19.327,31.851,145.27,84.79,27.98,49.47,11.651,9.585,4.362,3.395,2.066,0.9664,2863.98,74.62,307.07,0.001781,0.5157,3,Severe Dual Fouling
2026-02-12 06:15:00,18.704,28.655,145.81,81.09,27.33,52.06,11.535,9.908,4.454,3.538,1.6274,0.9157,2966.08,71.91,329.97,0.001577,0.5463,3,Severe Dual Fouling
2026-02-12 06:30:00,17.878,35.391,145.45,84.56,28.4,46.41,11.871,10.23,4.461,3.025,1.6416,1.4357,2666.91,75.58,282.3,0.002071,0.5202,3,Severe Dual Fouling
2026-02-12 06:45:00,19.062,31.838,147.52,84.57,28.78,50.85,11.846,9.836,4.501,3.351,2.01,1.1501,2940.09,74.37,316.26,0.001683,0.5301,3,Severe Dual Fouling
2026-02-12 07:00:00,18.75,30.918,146.41,85.91,25.53,47.01,11.866,9.822,4.61,3.653,2.0437,0.9572,2779.11,78.27,284.04,0.001969,0.5005,3,Severe Dual Fouling
2026-02-12 07:15:00,16.866,34.193,144.99,81.93,27.54,45.76,12.314,10.719,4.573,3.379,1.5949,1.1941,2605.86,74.58,279.53,0.002083,0.5369,3,Severe Dual Fouling
2026-02-12 07:30:00,19.804,33.322,140.56,85.85,27.84,46.88,11.779,9.588,4.58,3.467,2.1913,1.1124,2654.31,74.43,285.3,0.002032,0.4853,3,Severe Dual Fouling
2026-02-12 07:45:00,18.626,31.872,138.99,84.89,28.04,46.55,11.972,10.266,4.535,3.442,1.707,1.0924,2468.69,73.21,269.77,0.002125,0.4876,3,Severe Dual Fouling
2026-02-12 08:00:00,18.676,31.379,144.64,80.73,25.91,48.18,11.758,9.951,4.25,3.305,1.8068,0.9454,2924.01,73.69,317.44,0.001716,0.5382,3,Severe Dual Fouling
2026-02-12 08:15:00,19.434,34.07,146.22,88.42,28.11,47.42,11.784,9.657,4.527,3.302,2.1269,1.2248,2752.41,77.98,282.37,0.002051,0.4894,3,Severe Dual Fouling
2026-02-12 08:30:00,20.911,32.479,147.81,94.62,30.26,50.31,11.89,9.517,4.591,3.458,2.3727,1.1333,2724.96,79.79,273.2,0.002269,0.4524,3,Severe Dual Fouling
2026-02-12 08:45:00,17.665,35.092,142.74,83.44,28.61,46.09,11.857,10.061,4.586,3.387,1.7964,1.1995,2566.34,73.78,278.28,0.002217,0.5196,3,Severe Dual Fouling
2026-02-12 09:00:00,19.453,31.375,145.15,89.09,32.37,52.73,12.054,9.936,4.645,3.666,2.1184,0.9794,2671.91,73.12,292.33,0.001918,0.4971,3,Severe Dual Fouling
2026-02-12 09:15:00,17.425,29.854,146.71,82.5,27.27,49.22,11.944,10.17,4.32,3.456,1.7736,0.8639,2741.56,74.37,294.9,0.001856,0.5376,3,Severe Dual Fouling
2026-02-12 09:30:00,18.301,32.084,144.49,83.78,28.9,49.18,11.783,9.792,4.551,3.304,1.9907,1.2472,2722.22,73.25,297.32,0.001913,0.5252,3,Severe Dual Fouling
2026-02-12 09:45:00,18.502,34.553,150.28,85.77,28.94,49.16,12.063,10.375,4.501,3.134,1.6882,1.3677,2924.1,76.86,304.37,0.00175,0.5316,3,Severe Dual Fouling
2026-02-12 10:00:00,18.549,32.78,147.24,87.42,28.21,48.04,12.073,10.247,4.518,3.329,1.8263,1.1883,2718.81,77.49,280.68,0.002103,0.5026,3,Severe Dual Fouling
2026-02-12 10:15:00,20.312,27.527,145.14,84.23,27.96,54.28,12.1,9.722,4.527,3.601,2.3782,0.9251,3031.41,72.19,335.96,0.001574,0.5198,3,Severe Dual Fouling
2026-02-12 10:30:00,19.642,34.759,146.72,89.06,29.52,48.59,11.957,9.893,4.513,3.396,2.0635,1.117,2774.46,77.24,287.38,0.002063,0.4919,3,Severe Dual Fouling
2026-02-12 10:45:00,18.935,31.986,144.84,83.3,30.0,51.33,11.952,10.194,4.442,3.416,1.7582,1.0263,2854.95,71.53,319.3,0.001623,0.5359,3,Severe Dual Fouling
2026-02-12 11:00:00,18.979,28.472,143.25,84.65,27.85,50.72,12.23,10.431,4.475,3.715,1.799,0.7604,2724.77,73.21,297.74,0.00188,0.5078,3,Severe Dual Fouling
2026-02-12 11:15:00,19.291,33.111,147.04,85.31,31.76,52.82,11.74,9.976,4.351,3.211,1.7643,1.1401,2917.43,71.98,324.25,0.001646,0.5355,3,Severe Dual Fouling
2026-02-12 11:30:00,16.537,29.342,143.1,76.53,26.97,48.94,11.845,10.516,4.481,3.467,1.3294,1.0132,2697.27,69.5,310.5,0.0017,0.5732,3,Severe Dual Fouling
2026-02-12 11:45:00,18.01,29.263,143.84,83.86,29.44,51.06,12.119,10.316,4.581,3.694,1.8027,0.887,2646.68,71.9,294.47,0.001864,0.5243,3,Severe Dual Fouling
2026-02-12 12:00:00,19.524,29.835,141.89,79.89,25.57,49.33,12.072,10.085,4.522,3.533,1.9877,0.9888,2965.7,71.74,330.7,0.001616,0.533,3,Severe Dual Fouling
2026-02-12 12:15:00,20.2,33.422,144.94,85.13,29.7,50.87,12.504,10.116,4.427,3.107,2.3878,1.3201,2960.06,73.05,324.15,0.001636,0.519,3,Severe Dual Fouling
2026-02-12 12:30:00,16.31,32.914,142.94,80.48,30.66,48.78,11.945,10.656,4.464,3.226,1.2892,1.2373,2495.61,69.66,286.62,0.002047,0.5562,3,Severe Dual Fouling
2026-02-12 12:45:00,19.39,31.642,145.9,85.06,28.73,50.56,11.778,9.598,4.559,3.474,2.1797,1.0854,2890.24,74.14,311.88,0.001727,0.5192,3,Severe Dual Fouling
2026-02-12 13:00:00,17.886,33.458,145.0,82.17,27.5,47.17,11.964,10.143,4.533,3.37,1.8216,1.1629,2753.1,74.17,296.96,0.001879,0.5347,3,Severe Dual Fouling
2026-02-12 13:15:00,16.443,30.128,143.28,81.49,29.56,49.31,12.23,10.741,4.307,3.268,1.4885,1.039,2489.08,70.88,280.92,0.00206,0.5434,3,Severe Dual Fouling
2026-02-12 13:30:00,18.432,30.477,147.35,84.8,29.11,51.26,12.091,10.202,4.524,3.614,1.8886,0.9107,2824.38,74.06,305.09,0.001814,0.529,3,Severe Dual Fouling
2026-02-12 13:45:00,17.632,29.144,144.45,79.13,25.39,48.53,12.237,10.479,4.609,3.734,1.7586,0.8751,2821.81,72.81,310.05,0.001747,0.5486,3,Severe Dual Fouling
2026-02-12 14:00:00,20.289,32.001,143.85,88.5,27.15,47.69,12.32,10.436,4.434,3.404,1.8841,1.0304,2751.28,77.45,284.18,0.002086,0.4743,3,Severe Dual Fouling
2026-02-12 14:15:00,18.471,30.864,148.12,84.25,26.85,49.24,11.885,9.995,4.636,3.488,1.8898,1.1479,2890.38,76.27,303.17,0.001886,0.5267,3,Severe Dual Fouling
2026-02-12 14:30:00,18.114,32.292,153.5,81.97,28.48,51.97,12.072,10.553,4.582,3.406,1.5192,1.1765,3174.64,74.97,338.78,0.001489,0.5721,3,Severe Dual Fouling
2026-02-12 14:45:00,18.465,31.516,140.09,84.93,30.44,49.37,12.021,10.191,4.644,3.482,1.8305,1.1616,2495.48,71.07,280.9,0.00197,0.5031,3,Severe Dual Fouling
2026-02-12 15:00:00,17.99,30.836,144.1,77.08,25.79,48.69,11.904,10.151,4.43,3.463,1.7529,0.9676,2953.67,71.08,332.42,0.001538,0.5665,3,Severe Dual Fouling
2026-02-12 15:15:00,18.215,30.31,145.76,80.13,23.62,46.71,11.978,10.218,4.577,3.581,1.76,0.9959,2928.92,75.8,309.12,0.001815,0.5373,3,Severe Dual Fouling
2026-02-12 15:30:00,16.807,32.616,149.16,82.68,28.31,48.37,11.682,10.084,4.777,3.563,1.5977,1.214,2737.17,75.21,291.16,0.001997,0.5501,3,Severe Dual Fouling
2026-02-12 15:45:00,20.253,32.908,145.99,88.58,27.19,47.88,11.819,9.765,4.343,3.055,2.0543,1.2882,2848.66,78.32,290.98,0.002005,0.4833,3,Severe Dual Fouling
2026-02-12 16:00:00,19.672,30.944,142.86,85.87,27.26,48.47,11.961,10.11,4.546,3.433,1.851,1.1126,2746.39,75.09,292.61,0.001939,0.4929,3,Severe Dual Fouling
2026-02-12 16:15:00,20.324,31.221,145.47,87.15,26.95,49.19,12.106,10.016,4.528,3.395,2.09,1.1322,2904.27,76.83,302.39,0.001902,0.4921,3,Severe Dual Fouling
2026-02-12 16:30:00,18.216,32.319,146.68,79.87,27.83,49.88,11.976,10.232,4.527,3.528,1.7439,0.9984,2981.68,72.12,330.73,0.001573,0.5621,3,Severe Dual Fouling
2026-02-12 16:45:00,18.385,32.715,145.32,85.9,31.34,50.9,11.869,9.87,4.485,3.328,1.9992,1.1572,2676.17,72.68,294.57,0.001964,0.5213,3,Severe Dual Fouling
2026-02-12 17:00:00,17.225,34.829,145.58,82.17,28.99,47.35,11.852,10.269,4.534,3.361,1.583,1.1726,2675.98,73.42,291.6,0.001939,0.5439,3,Severe Dual Fouling
2026-02-12 17:15:00,19.04,30.386,143.33,88.34,28.56,48.73,12.183,10.24,4.566,3.651,1.9426,0.9153,2564.75,75.86,270.46,0.002224,0.4791,3,Severe Dual Fouling
2026-02-12 17:30:00,18.662,28.104,147.45,87.8,27.22,50.41,11.879,9.898,4.596,3.784,1.9807,0.8112,2727.05,77.39,281.91,0.002087,0.4961,3,Severe Dual Fouling
2026-02-12 17:45:00,20.456,35.367,139.49,85.39,29.39,47.71,11.784,9.791,4.551,3.343,1.9932,1.2075,2711.42,72.42,299.52,0.001779,0.4914,3,Severe Dual Fouling
2026-02-12 18:00:00,18.022,31.723,145.81,85.98,30.79,50.69,11.811,10.09,4.513,3.436,1.7202,1.077,2641.62,73.35,288.11,0.001885,0.5202,3,Severe Dual Fouling
2026-02-12 18:15:00,19.407,33.767,143.56,88.36,31.45,50.03,12.067,10.129,4.493,3.199,1.938,1.2937,2624.47,73.71,284.84,0.002099,0.4924,3,Severe Dual Fouling
2026-02-12 18:30:00,16.546,33.506,147.39,79.31,25.03,44.71,11.857,10.436,4.506,3.443,1.4207,1.0627,2759.99,75.93,290.81,0.002002,0.5564,3,Severe Dual Fouling
2026-02-12 18:45:00,17.796,32.419,144.56,84.9,29.02,48.2,12.071,10.605,4.208,3.125,1.4667,1.0831,2601.31,74.29,280.14,0.002005,0.5164,3,Severe Dual Fouling
2026-02-12 19:00:00,19.218,32.972,143.63,84.86,26.28,46.34,11.738,9.688,4.797,3.625,2.0497,1.1721,2767.27,76.31,290.11,0.001933,0.5008,3,Severe Dual Fouling
2026-02-12 19:15:00,18.465,31.485,142.8,82.34,26.7,47.47,11.992,10.084,4.441,3.392,1.9083,1.0489,2735.43,73.71,296.89,0.001904,0.5208,3,Severe Dual Fouling
2026-02-12 19:30:00,20.424,31.108,143.98,89.45,26.95,47.91,12.041,9.744,4.426,3.313,2.2968,1.1132,2728.78,78.09,279.56,0.002079,0.466,3,Severe Dual Fouling
2026-02-12 19:45:00,18.511,32.601,146.11,84.34,27.95,48.49,11.864,9.82,4.441,3.187,2.0437,1.2545,2801.54,75.13,298.32,0.001908,0.5228,3,Severe Dual Fouling
2026-02-12 20:00:00,17.923,31.415,139.22,81.33,26.59,45.93,11.809,10.196,4.551,3.419,1.6124,1.1313,2542.13,72.31,281.24,0.002021,0.514,3,Severe Dual Fouling
2026-02-12 20:15:00,17.467,32.393,142.04,85.43,29.24,47.11,11.92,10.187,4.495,3.388,1.7331,1.1071,2422.49,73.87,262.35,0.002347,0.5019,3,Severe Dual Fouling
2026-02-12 20:30:00,18.084,33.657,145.5,86.25,29.28,47.92,11.976,10.212,4.524,3.216,1.7639,1.3075,2625.3,75.47,278.3,0.002083,0.5098,3,Severe Dual Fouling
2026-02-12 20:45:00,17.012,33.427,144.09,77.34,26.07,45.96,12.041,10.322,4.43,3.346,1.719,1.084,2782.04,72.18,308.33,0.001745,0.5656,3,Severe Dual Fouling
2026-02-12 21:00:00,19.715,32.975,149.51,89.42,31.08,52.12,11.942,9.817,4.385,3.35,2.1253,1.0343,2902.8,76.21,304.73,0.001921,0.5074,3,Severe Dual Fouling
2026-02-12 21:15:00,17.683,31.376,141.96,79.5,25.81,46.42,12.272,10.448,4.607,3.636,1.8242,0.9705,2706.28,72.62,298.14,0.001865,0.5378,3,Severe Dual Fouling
2026-02-12 21:30:00,19.154,31.154,145.66,85.03,29.9,51.72,11.677,9.659,4.614,3.441,2.0175,1.1724,2845.18,72.82,312.57,0.001716,0.5237,3,Severe Dual Fouling
2026-02-12 21:45:00,18.859,29.096,140.44,81.94,26.38,48.59,12.203,10.361,4.495,3.508,1.8417,0.9868,2702.68,72.19,299.51,0.001923,0.5129,3,Severe Dual Fouling
2026-02-12 22:00:00,18.578,32.12,145.8,86.35,28.17,48.31,11.922,10.139,4.452,3.408,1.7829,1.0445,2706.06,76.15,284.29,0.00203,0.5054,3,Severe Dual Fouling
2026-02-12 22:15:00,16.882,33.846,147.22,84.63,29.01,47.29,11.958,10.252,4.426,3.236,1.7066,1.1907,2588.66,75.62,273.85,0.002163,0.5295,3,Severe Dual Fouling
2026-02-12 22:30:00,18.201,32.482,140.58,86.01,28.73,46.64,12.108,10.168,4.553,3.308,1.9397,1.245,2433.68,74.1,262.73,0.002279,0.4879,3,Severe Dual Fouling
2026-02-12 22:45:00,18.896,33.185,143.26,83.28,29.97,49.97,12.26,10.455,4.514,3.395,1.8051,1.1187,2776.88,71.44,310.97,0.001763,0.5295,3,Severe Dual Fouling
2026-02-12 23:00:00,19.457,32.435,146.31,86.55,25.62,46.61,11.742,9.967,4.479,3.241,1.7753,1.2384,2848.89,78.73,289.48,0.001913,0.4952,3,Severe Dual Fouling
2026-02-12 23:15:00,16.431,36.004,148.08,79.42,25.04,43.38,11.616,10.316,4.419,2.951,1.3,1.4688,2763.9,76.82,287.85,0.001926,0.558,3,Severe Dual Fouling
2026-02-12 23:30:00,19.286,31.893,150.95,89.18,28.35,50.23,11.909,9.867,4.692,3.598,2.0419,1.0939,2919.07,79.1,295.21,0.001915,0.5039,3,Severe Dual Fouling
2026-02-12 23:45:00,19.799,30.94,145.63,86.01,29.7,52.04,12.036,10.23,4.414,3.495,1.8059,0.9192,2892.3,73.38,315.34,0.0017,0.5143,3,Severe Dual Fouling
2026-02-13 00:00:00,18.389,29.402,142.7,80.59,26.92,49.67,11.628,9.801,4.513,3.64,1.8267,0.8732,2798.61,71.55,312.91,0.001751,0.5365,3,Severe Dual Fouling
2026-02-13 00:15:00,19.213,31.828,142.71,82.63,27.89,49.13,11.922,10.24,4.493,3.279,1.6817,1.2143,2827.6,72.43,312.3,0.001774,0.5232,3,Severe Dual Fouling
2026-02-13 00:30:00,20.389,32.823,145.4,84.61,25.51,47.62,11.953,10.042,4.293,3.054,1.9104,1.2388,3036.59,76.82,316.22,0.001718,0.507,3,Severe Dual Fouling
2026-02-13 00:45:00,18.958,35.768,144.49,86.95,29.32,47.18,11.579,9.549,4.547,3.349,2.0309,1.1975,2672.62,75.75,282.26,0.002042,0.4996,3,Severe Dual Fouling
2026-02-13 01:00:00,20.333,29.39,142.9,90.97,28.19,49.23,12.027,10.045,4.543,3.559,1.9822,0.9842,2586.96,77.2,268.09,0.002114,0.4527,3,Severe Dual Fouling
2026-02-13 01:15:00,16.997,30.11,145.89,81.4,28.72,50.04,12.224,10.777,4.664,3.729,1.4471,0.9349,2685.4,72.12,297.88,0.001898,0.5504,3,Severe Dual Fouling
2026-02-13 01:30:00,17.9,33.731,141.19,82.22,28.43,46.76,11.85,10.164,4.552,3.483,1.6858,1.0689,2586.22,72.21,286.52,0.002062,0.523,3,Severe Dual Fouling
2026-02-13 01:45:00,19.413,31.862,141.04,87.33,27.14,46.31,11.615,9.472,4.475,3.374,2.1433,1.1012,2554.52,76.16,268.34,0.002282,0.4716,3,Severe Dual Fouling
2026-02-13 02:00:00,15.629,33.208,143.07,76.83,29.32,47.58,12.063,10.843,4.566,3.34,1.2196,1.226,2536.48,68.73,295.23,0.001971,0.5823,3,Severe Dual Fouling
2026-02-13 02:15:00,20.351,33.119,141.81,83.46,27.31,48.31,12.268,10.068,4.7,3.643,2.2001,1.0565,2909.43,73.24,317.79,0.001679,0.5096,3,Severe Dual Fouling
2026-02-13 02:30:00,19.495,34.47,146.58,89.81,30.48,49.28,12.071,9.832,4.537,3.416,2.2393,1.121,2711.19,76.76,282.57,0.002097,0.4889,3,Severe Dual Fouling
2026-02-13 02:45:00,19.02,31.618,147.56,84.25,28.14,50.44,12.141,10.402,4.551,3.586,1.7391,0.9652,2950.24,74.75,315.76,0.001662,0.5302,3,Severe Dual Fouling
2026-02-13 03:00:00,18.443,32.673,147.18,84.11,27.46,48.31,11.917,10.064,4.605,3.591,1.8535,1.0146,2849.93,75.81,300.74,0.001871,0.5268,3,Severe Dual Fouling
2026-02-13 03:15:00,17.32,30.585,145.77,81.91,28.21,49.39,11.831,10.273,4.605,3.499,1.5581,1.1058,2709.92,72.97,297.09,0.001782,0.5432,3,Severe Dual Fouling
2026-02-13 03:30:00,20.091,28.642,147.2,88.4,27.09,51.24,12.075,9.895,4.542,3.534,2.1796,1.0073,2894.33,77.34,299.37,0.001889,0.4896,3,Severe Dual Fouling
2026-02-13 03:45:00,17.934,33.505,146.43,84.77,27.74,47.07,12.369,10.851,4.545,3.493,1.5185,1.052,2709.1,76.25,284.23,0.002058,0.5195,3,Severe Dual Fouling
2026-02-13 04:00:00,19.483,30.077,140.51,84.52,28.6,49.84,11.923,10.03,4.481,3.398,1.8929,1.0823,2672.59,71.9,297.37,0.001897,0.5003,3,Severe Dual Fouling
2026-02-13 04:15:00,18.618,32.734,145.33,80.29,28.35,50.01,11.722,9.892,4.532,3.518,1.8299,1.0139,2966.92,71.45,332.19,0.001502,0.556,3,Severe Dual Fouling
2026-02-13 04:30:00,19.849,31.719,144.01,89.59,27.82,47.76,11.778,9.477,4.516,3.413,2.3005,1.1037,2646.54,77.74,272.35,0.002171,0.4684,3,Severe Dual Fouling
2026-02-13 04:45:00,18.147,33.094,146.58,81.77,26.86,47.67,12.138,10.212,4.439,3.17,1.9257,1.2692,2881.52,74.76,308.34,0.001793,0.5414,3,Severe Dual Fouling
2026-02-13 05:00:00,18.655,32.201,145.68,86.65,27.2,47.23,11.767,10.1,4.508,3.318,1.6669,1.1903,2697.79,77.32,279.14,0.002122,0.4982,3,Severe Dual Fouling
2026-02-13 05:15:00,18.929,28.73,149.32,87.7,26.0,49.77,12.378,10.681,4.416,3.61,1.6966,0.806,2857.9,79.12,288.96,0.001946,0.4997,3,Severe Dual Fouling
2026-02-13 05:30:00,17.774,31.333,145.23,82.27,26.65,47.57,12.168,10.431,4.641,3.468,1.7371,1.1732,2741.84,74.67,293.74,0.001904,0.531,3,Severe Dual Fouling
2026-02-13 05:45:00,21.632,35.945,141.18,86.02,27.69,47.13,12.016,9.435,4.634,3.11,2.5802,1.5243,2923.49,74.77,312.79,0.001722,0.4861,3,Severe Dual Fouling
2026-02-13 06:00:00,21.365,33.639,147.38,92.82,29.85,50.14,12.091,9.966,4.46,3.232,2.1246,1.228,2855.83,78.86,289.7,0.002049,0.4642,3,Severe Dual Fouling
2026-02-13 06:15:00,17.448,32.551,147.43,84.65,28.38,48.09,11.889,10.079,4.419,3.318,1.8095,1.101,2683.58,75.78,283.31,0.0021,0.5273,3,Severe Dual Fouling
2026-02-13 06:30:00,18.983,31.303,145.44,87.11,26.58,47.29,11.808,9.974,4.625,3.629,1.8348,0.9957,2712.83,77.83,278.84,0.002132,0.4907,3,Severe Dual Fouling
2026-02-13 06:45:00,17.205,31.422,146.03,86.55,30.57,49.65,11.789,10.3,4.4,3.404,1.4892,0.9957,2507.57,74.36,269.78,0.002155,0.5152,3,Severe Dual Fouling
2026-02-13 07:00:00,17.252,32.319,141.56,78.74,28.07,47.71,11.964,10.437,4.54,3.31,1.5273,1.2297,2655.23,70.05,303.22,0.001827,0.5535,3,Severe Dual Fouling
2026-02-13 07:15:00,16.267,31.851,138.63,75.94,26.76,45.51,12.347,11.104,4.614,3.448,1.2435,1.1665,2498.42,68.83,290.4,0.002024,0.5604,3,Severe Dual Fouling
2026-02-13 07:30:00,21.676,33.963,144.84,92.3,28.77,48.4,12.281,9.872,4.562,3.315,2.4085,1.2476,2789.85,78.85,283.06,0.002099,0.4526,3,Severe Dual Fouling
2026-02-13 07:45:00,17.723,34.974,142.44,78.29,25.89,44.92,11.887,10.255,4.322,2.936,1.6328,1.3857,2785.89,72.64,306.82,0.001747,0.5504,3,Severe Dual Fouling
2026-02-13 08:00:00,15.835,31.007,144.06,74.66,28.57,49.33,12.114,10.75,4.533,3.562,1.3644,0.9711,2692.57,67.51,319.06,0.001646,0.6009,3,Severe Dual Fouling
2026-02-13 08:15:00,18.099,32.508,144.46,79.38,26.33,47.55,11.84,10.004,4.273,3.04,1.8358,1.2334,2886.12,72.79,317.21,0.001663,0.551,3,Severe Dual Fouling
2026-02-13 08:30:00,18.498,31.978,147.08,81.46,29.0,51.23,12.205,10.351,4.496,3.497,1.8546,0.9983,2973.72,71.99,330.47,0.001529,0.5557,3,Severe Dual Fouling
2026-02-13 08:45:00,18.562,31.294,147.5,85.91,29.39,50.78,11.888,10.244,4.377,3.26,1.6441,1.1173,2800.9,74.83,299.43,0.001878,0.5214,3,Severe Dual Fouling
2026-02-13 09:00:00,19.28,31.726,146.97,90.71,29.03,49.05,11.703,10.014,4.508,3.52,1.6887,0.9881,2657.79,78.41,271.15,0.002073,0.477,3,Severe Dual Fouling
2026-02-13 09:15:00,17.831,34.018,150.12,78.21,27.64,49.71,11.876,10.306,4.399,3.284,1.5699,1.1151,3141.48,72.66,345.91,0.001453,0.5871,3,Severe Dual Fouling
2026-02-13 09:30:00,17.652,28.432,142.9,86.01,29.12,49.8,12.27,10.643,4.489,3.572,1.6265,0.9169,2460.58,73.51,267.77,0.002193,0.5,3,Severe Dual Fouling
2026-02-13 09:45:00,18.46,29.544,147.21,85.53,27.79,50.36,12.111,10.333,4.655,3.742,1.778,0.9128,2789.47,75.62,295.11,0.001844,0.5165,3,Severe Dual Fouling
2026-02-13 10:00:00,17.701,32.886,142.33,81.1,26.14,45.44,12.004,10.127,4.511,3.439,1.8772,1.0718,2655.54,73.96,287.25,0.002078,0.527,3,Severe Dual Fouling
2026-02-13 10:15:00,18.815,34.123,145.91,84.84,27.17,46.89,11.85,10.032,4.615,3.295,1.8173,1.3205,2814.85,76.49,294.39,0.001917,0.5143,3,Severe Dual Fouling
2026-02-13 10:30:00,16.294,34.664,143.9,75.68,29.48,48.25,11.869,10.332,4.599,3.276,1.5365,1.3228,2723.27,67.96,320.59,0.001679,0.5962,3,Severe Dual Fouling
2026-02-13 10:45:00,17.217,30.736,144.35,80.0,29.7,50.81,11.977,10.523,4.289,3.246,1.4539,1.0429,2714.69,69.7,311.57,0.001614,0.5613,3,Severe Dual Fouling
2026-02-13 11:00:00,20.101,28.466,143.08,89.47,29.67,51.83,12.187,10.25,4.407,3.467,1.9368,0.9404,2640.21,74.42,283.83,0.002068,0.4727,3,Severe Dual Fouling
2026-02-13 11:15:00,18.144,32.252,151.02,87.52,31.84,52.76,11.922,10.148,4.648,3.542,1.7746,1.1058,2822.77,74.96,301.25,0.001794,0.5328,3,Severe Dual Fouling
2026-02-13 11:30:00,17.3,30.615,141.45,77.06,28.33,49.64,12.041,10.409,4.534,3.633,1.6324,0.9008,2728.91,68.01,321.01,0.001642,0.5692,3,Severe Dual Fouling
2026-02-13 11:45:00,20.347,35.546,144.45,85.5,26.9,46.66,11.991,10.102,4.614,3.105,1.8894,1.5084,2938.71,76.53,307.19,0.001783,0.5015,3,Severe Dual Fouling
2026-02-13 12:00:00,18.734,33.181,140.72,84.77,30.75,49.25,12.05,10.428,4.319,3.151,1.6228,1.1684,2568.1,71.11,288.91,0.001986,0.5088,3,Severe Dual Fouling
2026-02-13 12:15:00,19.539,32.203,146.12,86.5,29.22,50.41,12.024,9.788,4.533,3.365,2.2359,1.1677,2854.03,74.85,305.03,0.001735,0.51,3,Severe Dual Fouling
2026-02-13 12:30:00,18.935,32.106,144.38,81.14,27.68,49.52,11.843,9.965,4.488,3.457,1.8786,1.0313,2933.84,72.18,325.15,0.001564,0.5419,3,Severe Dual Fouling
2026-02-13 12:45:00,18.56,31.465,143.43,84.64,28.43,48.74,12.075,10.318,4.495,3.556,1.7573,0.9394,2673.44,73.78,289.86,0.002009,0.5112,3,Severe Dual Fouling
2026-02-13 13:00:00,18.449,30.201,143.0,84.85,29.75,50.55,12.315,10.329,4.571,3.455,1.986,1.1159,2628.23,72.17,291.33,0.001994,0.5134,3,Severe Dual Fouling
2026-02-13 13:15:00,17.468,33.391,142.96,82.33,27.09,45.66,12.52,10.77,4.55,3.417,1.7509,1.1336,2595.08,74.29,279.44,0.002207,0.5233,3,Severe Dual Fouling
2026-02-13 13:30:00,18.187,31.819,145.06,85.41,28.18,48.15,11.99,10.23,4.344,3.254,1.7595,1.0904,2658.14,75.33,282.29,0.002047,0.5104,3,Severe Dual Fouling
2026-02-13 13:45:00,17.675,31.657,147.76,82.31,27.08,48.47,11.783,10.307,4.588,3.525,1.4755,1.0632,2834.37,75.12,301.85,0.001898,0.5423,3,Severe Dual Fouling
2026-02-13 14:00:00,19.407,32.123,144.57,84.3,27.17,48.49,11.803,9.722,4.475,3.491,2.0807,0.9838,2865.8,74.92,305.99,0.001739,0.5134,3,Severe Dual Fouling
2026-02-13 14:15:00,17.692,33.334,147.12,80.15,26.19,47.0,11.848,10.073,4.366,3.302,1.7754,1.0641,2902.89,74.68,310.97,0.001766,0.5538,3,Severe Dual Fouling
2026-02-13 14:30:00,18.636,34.178,142.12,84.23,27.99,46.47,11.8,9.806,4.511,3.327,1.9938,1.1839,2643.14,74.21,284.93,0.002001,0.5072,3,Severe Dual Fouling
2026-02-13 14:45:00,20.725,29.262,142.14,91.3,28.35,49.43,12.225,9.83,4.531,3.672,2.3953,0.859,2581.31,76.87,268.63,0.002218,0.4468,3,Severe Dual Fouling
2026-02-13 15:00:00,18.338,30.976,148.26,82.86,26.01,48.68,11.903,10.11,4.526,3.475,1.7935,1.0507,2938.45,76.23,308.37,0.00177,0.535,3,Severe Dual Fouling
2026-02-13 15:15:00,17.285,32.018,148.39,80.62,28.21,49.63,12.39,10.837,4.455,3.266,1.5529,1.1896,2869.84,73.15,313.85,0.001711,0.5639,3,Severe Dual Fouling
2026-02-13 15:30:00,20.57,34.219,145.15,85.04,26.16,47.32,12.149,9.73,4.608,3.363,2.4183,1.2457,3029.06,76.71,315.89,0.001688,0.5052,3,Severe Dual Fouling
2026-02-13 15:45:00,17.233,35.297,141.72,79.87,26.87,44.56,12.157,10.625,4.447,3.131,1.5321,1.3159,2611.5,72.86,286.74,0.001988,0.5386,3,Severe Dual Fouling
2026-02-13 16:00:00,17.526,28.911,141.59,82.07,25.61,46.74,12.045,10.59,4.524,3.68,1.4553,0.8437,2555.74,74.0,276.29,0.002183,0.5132,3,Severe Dual Fouling
2026-02-13 16:15:00,19.65,32.426,146.8,84.03,27.38,49.66,11.956,9.681,4.672,3.572,2.2746,1.0997,3022.04,75.08,322.0,0.001609,0.5257,3,Severe Dual Fouling
2026-02-13 16:30:00,18.791,32.495,147.28,86.11,31.28,51.99,11.926,9.845,4.493,3.389,2.0816,1.1042,2815.8,73.21,307.72,0.001803,0.5273,3,Severe Dual Fouling
2026-02-13 16:45:00,20.547,31.562,142.99,85.5,28.98,50.9,12.187,10.158,4.514,3.359,2.0285,1.1547,2894.12,72.87,317.74,0.001668,0.5043,3,Severe Dual Fouling
2026-02-13 17:00:00,17.482,32.272,145.25,85.8,28.0,46.86,11.871,10.376,4.673,3.478,1.4953,1.1952,2546.13,76.3,266.95,0.002294,0.507,3,Severe Dual Fouling
2026-02-13 17:15:00,20.34,29.934,142.87,86.9,24.79,47.06,12.395,10.078,4.33,3.331,2.3169,0.9993,2789.27,77.75,287.01,0.002023,0.474,3,Severe Dual Fouling
2026-02-13 17:30:00,18.365,31.76,145.48,78.72,29.76,52.37,12.313,10.604,4.473,3.468,1.7095,1.0058,3003.79,68.68,349.88,0.001471,0.5769,3,Severe Dual Fouling
2026-02-13 17:45:00,20.493,30.719,146.66,90.26,26.93,48.96,12.433,10.2,4.443,3.437,2.2323,1.006,2831.86,79.27,285.78,0.001974,0.4711,3,Severe Dual Fouling
2026-02-13 18:00:00,17.554,28.854,146.35,84.37,26.12,48.2,12.221,10.549,4.579,3.577,1.6717,1.0022,2665.49,76.47,278.85,0.002074,0.5155,3,Severe Dual Fouling
2026-02-13 18:15:00,19.09,32.142,145.82,84.08,28.45,49.92,12.272,10.544,4.373,3.224,1.7281,1.1484,2887.31,73.94,312.38,0.001683,0.526,3,Severe Dual Fouling
2026-02-13 18:30:00,18.225,29.892,144.71,83.93,29.55,51.26,12.241,10.615,4.354,3.403,1.6264,0.9506,2714.07,72.16,300.89,0.001781,0.5278,3,Severe Dual Fouling
2026-02-13 18:45:00,17.95,34.15,143.34,85.48,29.62,47.43,12.006,10.278,4.482,3.317,1.7283,1.1645,2544.52,74.08,274.78,0.002078,0.5088,3,Severe Dual Fouling
2026-02-13 19:00:00,18.788,34.188,142.18,86.03,28.86,46.93,12.266,10.272,4.752,3.472,1.9939,1.2797,2584.5,74.6,277.14,0.002122,0.4955,3,Severe Dual Fouling
2026-02-13 19:15:00,18.369,28.375,142.85,82.72,28.44,51.23,11.833,10.223,4.465,3.466,1.6099,0.9995,2705.81,71.33,303.47,0.00181,0.5255,3,Severe Dual Fouling
2026-02-13 19:30:00,17.922,33.306,145.03,85.96,27.97,46.58,12.148,10.541,4.314,3.027,1.6067,1.287,2593.95,76.45,271.45,0.002213,0.5046,3,Severe Dual Fouling
2026-02-13 19:45:00,18.711,34.647,149.61,88.66,27.49,46.76,12.175,10.502,4.485,3.261,1.6724,1.2246,2794.25,80.22,278.67,0.002031,0.4991,3,Severe Dual Fouling
2026-02-13 20:00:00,21.632,33.811,145.32,90.87,23.66,44.06,11.971,9.831,4.685,3.312,2.1401,1.3728,2885.85,83.08,277.88,0.002149,0.4475,3,Severe Dual Fouling
2026-02-13 20:15:00,18.727,30.728,145.05,85.47,30.14,51.41,11.704,10.072,4.527,3.424,1.6317,1.1028,2733.85,72.81,300.36,0.001862,0.5185,3,Severe Dual Fouling
2026-02-13 20:30:00,19.866,31.9,143.61,85.25,25.86,47.15,11.871,9.898,4.501,3.443,1.9735,1.0577,2840.62,76.43,297.33,0.001864,0.4957,3,Severe Dual Fouling
2026-02-13 20:45:00,17.434,30.866,143.75,85.19,28.45,47.82,12.128,10.476,4.453,3.386,1.6514,1.0669,2501.35,74.63,268.12,0.002201,0.5079,3,Severe Dual Fouling
2026-02-13 21:00:00,19.047,30.47,144.12,84.39,29.01,50.87,12.05,10.21,4.5,3.609,1.8395,0.8912,2787.3,72.68,306.8,0.001717,0.5189,3,Severe Dual Fouling
2026-02-13 21:15:00,17.67,32.726,145.69,81.0,27.54,47.99,11.917,10.167,4.467,3.417,1.7498,1.0497,2800.38,73.37,305.36,0.001762,0.5475,3,Severe Dual Fouling
2026-02-13 21:30:00,16.446,31.058,149.2,75.01,25.33,48.33,12.35,10.925,4.526,3.464,1.4245,1.0626,2989.56,72.28,330.91,0.001616,0.599,3,Severe Dual Fouling
2026-02-13 21:45:00,16.402,31.591,139.18,81.16,29.8,47.44,11.803,10.313,4.4,3.452,1.4909,0.9483,2331.66,69.61,267.97,0.002153,0.5305,3,Severe Dual Fouling
2026-02-13 22:00:00,18.063,34.96,147.43,88.23,28.68,46.6,12.049,10.121,4.464,3.242,1.9274,1.222,2620.07,78.38,267.41,0.002179,0.4986,3,Severe Dual Fouling
2026-02-13 22:15:00,17.045,32.846,141.84,80.55,29.15,47.77,12.206,10.443,4.494,3.463,1.7631,1.0303,2559.33,70.6,290.02,0.001946,0.5439,3,Severe Dual Fouling
2026-02-13 22:30:00,19.934,30.053,144.35,89.34,27.67,49.04,12.042,10.161,4.562,3.618,1.8806,0.9447,2686.47,77.27,278.12,0.002089,0.4714,3,Severe Dual Fouling
2026-02-13 22:45:00,18.177,31.592,145.58,87.03,27.31,47.04,12.21,10.398,4.306,3.161,1.812,1.1451,2607.55,77.52,269.1,0.002121,0.4951,3,Severe Dual Fouling
2026-02-13 23:00:00,16.577,32.266,141.41,81.48,31.7,49.73,11.794,10.348,4.492,3.362,1.4457,1.1302,2433.76,68.61,283.76,0.001984,0.5462,3,Severe Dual Fouling
2026-02-13 23:15:00,17.431,32.354,151.77,80.85,28.85,51.22,12.195,10.621,4.423,3.217,1.5745,1.2063,3028.62,73.63,329.08,0.001639,0.577,3,Severe Dual Fouling
2026-02-13 23:30:00,17.403,31.574,143.47,76.73,27.51,49.05,12.008,10.378,4.634,3.493,1.6299,1.1407,2845.88,69.39,328.12,0.001544,0.5756,3,Severe Dual Fouling
2026-02-13 23:45:00,18.545,30.143,140.96,83.71,27.97,48.6,11.786,9.789,4.447,3.401,1.9971,1.0464,2601.3,72.51,286.99,0.002091,0.5067,3,Severe Dual Fouling
2026-02-14 00:00:00,18.873,31.524,145.78,85.86,26.93,47.93,11.941,9.992,4.494,3.438,1.9489,1.0564,2770.41,76.75,288.77,0.001996,0.5041,3,Severe Dual Fouling
2026-02-14 00:15:00,19.007,33.61,138.66,85.32,28.01,45.67,11.602,9.479,4.598,3.37,2.123,1.2278,2483.62,73.72,269.53,0.002295,0.482,3,Severe Dual Fouling
2026-02-14 00:30:00,17.765,31.192,147.18,82.43,29.92,51.52,12.122,10.639,4.468,3.519,1.4834,0.949,2818.07,71.94,313.36,0.001735,0.5522,3,Severe Dual Fouling
2026-02-14 00:45:00,19.238,33.284,141.72,86.97,27.42,45.96,12.156,10.323,4.599,3.368,1.833,1.2307,2580.71,76.22,270.85,0.002225,0.479,3,Severe Dual Fouling
2026-02-14 01:00:00,19.806,30.095,146.02,87.67,26.67,49.16,12.15,9.941,4.544,3.622,2.2091,0.9222,2831.46,77.55,292.09,0.002013,0.4889,3,Severe Dual Fouling
2026-02-14 01:15:00,18.218,30.909,144.26,80.32,26.74,48.8,11.927,10.379,4.647,3.508,1.5483,1.1391,2853.74,72.51,314.83,0.00169,0.544,3,Severe Dual Fouling
2026-02-14 01:30:00,19.087,34.553,141.98,86.99,26.87,44.65,11.917,10.146,4.652,3.356,1.7714,1.2961,2571.53,77.23,266.36,0.002345,0.4777,3,Severe Dual Fouling
2026-02-14 01:45:00,20.4,30.24,148.96,87.71,27.89,52.08,11.917,9.856,4.515,3.6,2.0609,0.9152,3061.3,76.86,318.62,0.001612,0.5059,3,Severe Dual Fouling
2026-02-14 02:00:00,17.323,32.807,146.92,82.4,28.0,47.94,11.753,10.064,4.245,3.154,1.6888,1.0917,2738.0,74.48,294.09,0.001979,0.5425,3,Severe Dual Fouling
2026-02-14 02:15:00,19.337,31.751,147.34,91.03,27.85,47.93,12.096,10.223,4.468,3.351,1.8732,1.1169,2667.58,79.93,266.99,0.002231,0.4712,3,Severe Dual Fouling
2026-02-14 02:30:00,19.53,30.418,145.32,81.34,25.92,49.97,12.088,10.092,4.682,3.714,1.996,0.968,3061.19,73.59,332.8,0.001572,0.5358,3,Severe Dual Fouling
2026-02-14 02:45:00,17.625,31.733,141.93,82.2,29.21,48.63,12.209,10.375,4.641,3.664,1.8342,0.9762,2579.27,71.26,289.58,0.001966,0.5299,3,Severe Dual Fouling
2026-02-14 03:00:00,18.049,33.421,144.37,83.22,28.05,47.39,11.706,10.179,4.388,3.222,1.527,1.1662,2704.19,74.12,291.87,0.001897,0.5257,3,Severe Dual Fouling
2026-02-14 03:15:00,18.534,33.786,144.25,82.2,27.36,47.29,12.215,10.542,4.573,3.43,1.673,1.1436,2817.47,73.91,304.97,0.001848,0.5308,3,Severe Dual Fouling
2026-02-14 03:30:00,16.832,32.443,144.98,83.38,26.62,45.33,12.204,10.71,4.553,3.338,1.4939,1.2149,2540.31,76.21,266.68,0.002209,0.5204,3,Severe Dual Fouling
2026-02-14 03:45:00,17.226,34.914,142.25,77.77,26.24,44.87,12.134,10.696,4.586,3.185,1.4376,1.401,2721.07,72.04,302.16,0.001756,0.5558,3,Severe Dual Fouling
2026-02-14 04:00:00,19.251,35.499,145.97,85.7,27.41,46.55,11.764,9.567,4.484,3.165,2.1968,1.3192,2842.99,77.03,295.26,0.001898,0.5084,3,Severe Dual Fouling
2026-02-14 04:15:00,17.652,33.802,142.11,78.41,26.72,46.2,11.84,10.098,4.633,3.379,1.7413,1.2542,2754.93,71.54,308.08,0.001767,0.552,3,Severe Dual Fouling
2026-02-14 04:30:00,16.019,33.631,147.91,79.45,29.82,48.92,12.114,10.787,4.393,3.298,1.3267,1.0958,2686.88,71.49,300.67,0.001837,0.5798,3,Severe Dual Fouling
2026-02-14 04:45:00,18.896,29.53,145.1,84.43,27.59,50.32,12.203,10.329,4.611,3.569,1.8735,1.0423,2808.57,74.2,302.82,0.001823,0.5163,3,Severe Dual Fouling
2026-02-14 05:00:00,18.806,32.231,142.13,85.99,27.05,46.23,12.083,10.424,4.465,3.394,1.6597,1.0716,2586.4,75.93,272.52,0.00215,0.4878,3,Severe Dual Fouling
2026-02-14 05:15:00,21.124,32.318,144.76,92.85,28.7,48.57,11.942,9.431,4.411,3.25,2.5117,1.1617,2686.35,79.09,271.72,0.002215,0.4472,3,Severe Dual Fouling
2026-02-14 05:30:00,16.981,32.443,144.57,81.72,26.32,45.58,12.1,10.732,4.552,3.387,1.3681,1.165,2615.15,75.1,278.59,0.002214,0.5315,3,Severe Dual Fouling
2026-02-14 05:45:00,15.587,34.169,140.42,70.63,27.18,45.82,11.757,10.41,4.47,3.231,1.3464,1.2392,2664.95,65.74,324.33,0.001631,0.6163,3,Severe Dual Fouling
2026-02-14 06:00:00,19.545,35.139,147.66,82.5,25.68,46.91,12.106,10.2,4.454,3.024,1.9058,1.4304,3120.18,76.7,325.45,0.001667,0.5342,3,Severe Dual Fouling
2026-02-14 06:15:00,19.186,32.643,146.5,86.72,27.8,48.38,12.267,10.392,4.599,3.337,1.8746,1.2623,2810.12,76.86,292.48,0.001948,0.5036,3,Severe Dual Fouling
2026-02-14 06:30:00,18.8,30.524,142.02,84.05,28.44,49.35,11.855,10.197,4.605,3.586,1.6586,1.019,2669.81,72.57,294.31,0.001904,0.5104,3,Severe Dual Fouling
2026-02-14 06:45:00,17.03,30.274,144.19,84.24,27.95,47.7,12.143,10.533,4.527,3.635,1.6107,0.8916,2501.38,74.59,268.29,0.002235,0.5158,3,Severe Dual Fouling
2026-02-14 07:00:00,19.158,34.696,142.97,85.32,28.86,47.5,11.619,9.54,4.323,3.164,2.0786,1.1594,2705.91,74.27,291.47,0.001948,0.5052,3,Severe Dual Fouling
2026-02-14 07:15:00,19.914,34.311,146.49,86.58,28.96,49.32,11.744,9.457,4.64,3.221,2.2864,1.4188,2923.04,75.68,308.98,0.001827,0.5097,3,Severe Dual Fouling
2026-02-14 07:30:00,17.33,32.167,145.46,86.0,27.92,46.68,12.43,10.792,4.669,3.62,1.6374,1.0486,2524.6,76.64,263.52,0.002324,0.5059,3,Severe Dual Fouling
2026-02-14 07:45:00,17.525,30.133,144.0,83.47,27.82,48.43,12.039,10.555,4.443,3.481,1.4835,0.9619,2598.81,73.82,281.65,0.002171,0.521,3,Severe Dual Fouling
2026-02-14 08:00:00,16.073,33.018,143.11,76.41,27.5,46.51,12.139,10.619,4.407,3.244,1.5201,1.1627,2626.57,70.07,299.87,0.001895,0.5769,3,Severe Dual Fouling
2026-02-14 08:15:00,18.695,34.042,147.04,84.45,27.12,47.24,12.099,10.047,4.438,3.144,2.0514,1.2941,2866.67,76.61,299.34,0.001854,0.5219,3,Severe Dual Fouling
2026-02-14 08:30:00,17.973,33.697,145.33,85.97,28.26,46.8,11.82,9.946,4.477,3.305,1.8742,1.1711,2613.52,76.31,273.98,0.002138,0.507,3,Severe Dual Fouling
2026-02-14 08:45:00,20.353,34.455,145.71,86.94,27.2,47.53,11.697,9.299,4.538,3.229,2.3978,1.3093,2930.83,77.38,303.01,0.00184,0.4959,3,Severe Dual Fouling
2026-02-14 09:00:00,17.628,30.514,143.67,84.61,27.6,47.58,12.248,10.483,4.468,3.511,1.765,0.9567,2550.98,74.86,272.63,0.002254,0.5089,3,Severe Dual Fouling
2026-02-14 09:15:00,18.731,32.28,143.24,87.45,30.1,49.05,11.982,10.335,4.47,3.285,1.6468,1.1844,2560.13,74.25,275.83,0.002134,0.4931,3,Severe Dual Fouling
2026-02-14 09:30:00,20.206,28.758,146.12,89.57,29.63,52.9,11.632,9.728,4.493,3.67,1.9047,0.8233,2799.57,75.36,297.2,0.001908,0.4855,3,Severe Dual Fouling
2026-02-14 09:45:00,20.033,35.052,145.64,86.04,26.08,46.03,11.938,10.047,4.319,3.046,1.8909,1.2724,2925.04,78.12,299.56,0.001853,0.4985,3,Severe Dual Fouling
2026-02-14 10:00:00,19.52,32.527,146.9,88.73,29.62,50.06,12.008,10.068,4.447,3.284,1.9396,1.1625,2782.03,76.43,291.2,0.001951,0.496,3,Severe Dual Fouling
2026-02-14 10:15:00,17.177,32.767,144.0,78.34,26.2,46.36,12.269,10.719,4.404,3.316,1.5504,1.088,2763.32,72.52,304.82,0.001858,0.5574,3,Severe Dual Fouling
2026-02-14 10:30:00,19.024,33.774,144.28,89.39,30.09,48.19,12.071,10.269,4.573,3.433,1.8021,1.1406,2558.35,76.22,268.52,0.002223,0.4807,3,Severe Dual Fouling
2026-02-14 10:45:00,18.145,31.869,148.54,82.97,28.9,50.77,11.708,10.045,4.516,3.353,1.6631,1.1629,2915.03,73.78,316.09,0.001679,0.5481,3,Severe Dual Fouling
2026-02-14 11:00:00,18.234,30.851,143.11,80.28,27.37,49.11,12.148,10.17,4.464,3.518,1.9774,0.9464,2806.95,71.5,314.08,0.001691,0.5429,3,Severe Dual Fouling
2026-02-14 11:15:00,19.754,30.933,149.41,91.44,28.63,50.31,11.633,9.678,4.528,3.379,1.9551,1.1491,2805.55,79.58,282.04,0.002058,0.48,3,Severe Dual Fouling
2026-02-14 11:30:00,19.112,34.084,144.64,83.89,28.44,48.39,11.951,10.203,4.509,3.174,1.7481,1.3347,2844.62,73.98,307.59,0.00181,0.5228,3,Severe Dual Fouling
2026-02-14 11:45:00,17.276,33.205,148.34,81.36,27.47,47.88,12.279,10.649,4.427,3.293,1.6296,1.1342,2835.12,74.77,303.33,0.00183,0.5542,3,Severe Dual Fouling
2026-02-14 12:00:00,18.99,30.662,148.01,91.56,30.8,51.27,11.556,9.699,4.552,3.556,1.8569,0.9959,2626.5,77.36,271.6,0.002238,0.4816,3,Severe Dual Fouling
2026-02-14 12:15:00,18.537,29.033,146.64,83.4,28.45,52.1,12.008,10.032,4.435,3.486,1.9757,0.9489,2872.49,72.97,314.94,0.001723,0.5351,3,Severe Dual Fouling
2026-02-14 12:30:00,18.746,32.746,143.27,81.47,27.78,48.49,11.992,10.132,4.65,3.48,1.8599,1.1703,2838.2,72.3,314.03,0.00174,0.5351,3,Severe Dual Fouling
2026-02-14 12:45:00,19.579,33.398,147.82,87.03,28.25,49.12,12.214,9.986,4.689,3.558,2.2285,1.1308,2915.9,77.02,302.86,0.001841,0.5084,3,Severe Dual Fouling
2026-02-14 13:00:00,18.91,34.737,142.84,85.05,28.63,47.05,11.879,9.917,4.577,3.465,1.9624,1.1115,2677.45,74.37,288.0,0.002044,0.506,3,Severe Dual Fouling
2026-02-14 13:15:00,17.675,33.026,144.48,83.8,29.22,48.23,12.208,10.343,4.479,3.336,1.8656,1.1431,2627.55,73.45,286.17,0.002055,0.5264,3,Severe Dual Fouling
2026-02-14 13:30:00,18.533,30.317,147.67,80.44,27.03,51.1,11.98,10.345,4.607,3.561,1.6346,1.0463,3053.06,72.87,335.18,0.001581,0.5573,3,Severe Dual Fouling
2026-02-14 13:45:00,19.512,31.356,142.98,86.19,28.58,49.27,12.084,10.01,4.424,3.486,2.074,0.9379,2714.69,74.21,292.66,0.002007,0.4964,3,Severe Dual Fouling
2026-02-14 14:00:00,18.984,32.861,146.2,82.12,27.51,49.19,11.958,10.029,4.443,3.267,1.9291,1.1766,2980.36,73.79,323.12,0.001685,0.5399,3,Severe Dual Fouling
2026-02-14 14:15:00,16.044,31.721,144.03,80.59,30.81,49.6,12.052,10.555,4.505,3.508,1.4974,0.997,2493.63,69.74,286.06,0.002022,0.5603,3,Severe Dual Fouling
2026-02-14 14:30:00,18.123,31.864,148.0,82.69,28.21,49.96,11.878,10.316,4.581,3.48,1.5617,1.1007,2899.94,74.14,312.92,0.00164,0.5452,3,Severe Dual Fouling
2026-02-14 14:45:00,17.388,33.401,146.05,81.67,27.76,47.39,11.821,10.39,4.457,3.155,1.4311,1.3014,2742.75,74.04,296.35,0.001933,0.5443,3,Severe Dual Fouling
2026-02-14 15:00:00,17.444,31.218,145.92,80.94,28.16,49.42,11.751,10.105,4.635,3.591,1.646,1.0436,2776.87,72.46,306.59,0.001856,0.5517,3,Severe Dual Fouling
2026-02-14 15:15:00,17.265,31.359,146.06,82.23,29.27,49.85,11.752,10.254,4.425,3.333,1.4982,1.0922,2699.93,72.45,298.14,0.001931,0.5465,3,Severe Dual Fouling
2026-02-14 15:30:00,18.013,35.437,144.86,76.8,27.58,47.84,11.887,9.966,4.47,3.059,1.9206,1.4111,3003.61,70.44,341.1,0.001426,0.5803,3,Severe Dual Fouling
2026-02-14 15:45:00,17.951,31.019,145.46,83.26,26.91,47.98,11.952,10.217,4.455,3.481,1.7347,0.9743,2735.59,75.04,291.63,0.001845,0.5247,3,Severe Dual Fouling
2026-02-14 16:00:00,20.105,30.852,148.04,87.82,26.63,49.6,11.671,9.392,4.468,3.395,2.279,1.0731,2965.88,78.35,302.85,0.001816,0.4959,3,Severe Dual Fouling
2026-02-14 16:15:00,18.661,31.751,149.93,85.72,29.81,51.91,12.006,10.228,4.52,3.52,1.7781,1.0001,2935.93,75.0,313.16,0.001796,0.5346,3,Severe Dual Fouling
2026-02-14 16:30:00,18.447,32.84,143.23,86.98,31.13,49.63,12.243,10.337,4.505,3.211,1.9052,1.2945,2542.21,73.1,278.21,0.002121,0.5018,3,Severe Dual Fouling
2026-02-14 16:45:00,19.902,32.67,143.95,84.74,28.01,49.14,11.471,9.493,4.389,3.267,1.9779,1.1225,2887.16,74.15,311.51,0.001825,0.5107,3,Severe Dual Fouling
2026-02-14 17:00:00,20.422,33.413,144.24,87.3,27.62,48.0,11.84,9.692,4.609,3.502,2.1475,1.1067,2849.08,76.51,297.89,0.001876,0.4883,3,Severe Dual Fouling
2026-02-14 17:15:00,17.641,31.852,143.05,78.34,29.29,50.27,12.374,10.607,4.446,3.43,1.7671,1.0157,2796.85,68.61,326.11,0.001637,0.5688,3,Severe Dual Fouling
2026-02-14 17:30:00,17.127,33.141,146.15,83.82,30.18,49.04,12.119,10.375,4.541,3.347,1.7447,1.1939,2615.4,73.23,285.72,0.001986,0.5375,3,Severe Dual Fouling
2026-02-14 17:45:00,20.925,29.884,142.06,88.88,28.56,50.36,12.025,9.479,4.454,3.446,2.5457,1.0083,2726.6,74.92,291.17,0.001898,0.4686,3,Severe Dual Fouling
2026-02-14 18:00:00,18.959,33.418,144.28,82.5,26.8,47.32,12.023,10.13,4.479,3.426,1.8932,1.0536,2870.02,74.43,308.47,0.001736,0.5259,3,Severe Dual Fouling
2026-02-14 18:15:00,19.266,32.167,151.66,86.82,26.1,48.85,12.182,10.479,4.492,3.357,1.703,1.1355,3060.89,79.92,306.38,0.001725,0.5165,3,Severe Dual Fouling
2026-02-14 18:30:00,19.72,31.713,145.52,87.85,28.27,49.27,12.022,9.976,4.467,3.313,2.046,1.1543,2786.46,76.46,291.54,0.001957,0.4919,3,Severe Dual Fouling
2026-02-14 18:45:00,20.552,33.425,144.3,88.71,28.42,48.44,12.125,10.001,4.457,3.419,2.1249,1.0385,2799.1,76.71,291.93,0.002008,0.4797,3,Severe Dual Fouling
2026-02-14 19:00:00,17.98,30.272,149.43,85.72,27.32,49.47,12.091,10.302,4.437,3.512,1.7894,0.9248,2806.5,77.33,290.36,0.001987,0.5217,3,Severe Dual Fouling
2026-02-14 19:15:00,18.629,29.287,147.09,85.64,28.09,50.98,11.975,10.263,4.477,3.507,1.7123,0.9702,2804.77,75.18,298.45,0.001866,0.5164,3,Severe Dual Fouling
2026-02-14 19:30:00,17.273,32.19,144.33,80.9,28.52,48.45,12.01,10.55,4.604,3.511,1.4604,1.0928,2684.31,71.95,298.45,0.001853,0.5477,3,Severe Dual Fouling
2026-02-14 19:45:00,17.976,34.135,145.78,83.38,29.95,49.19,12.015,10.296,4.655,3.54,1.7187,1.115,2748.15,72.9,301.6,0.001917,0.5387,3,Severe Dual Fouling
2026-02-14 20:00:00,20.49,30.845,142.03,85.52,26.32,48.3,11.921,10.006,4.875,3.864,1.9149,1.0107,2836.99,75.15,302.01,0.00189,0.4884,3,Severe Dual Fouling
2026-02-14 20:15:00,17.814,30.755,146.63,82.14,27.5,49.37,12.201,10.73,4.419,3.308,1.4709,1.1114,2814.59,73.91,304.64,0.001855,0.5413,3,Severe Dual Fouling
2026-02-14 20:30:00,15.571,30.59,147.92,75.69,27.7,49.23,11.66,10.477,4.429,3.522,1.1826,0.9077,2755.37,70.33,313.44,0.001775,0.6008,3,Severe Dual Fouling
2026-02-14 20:45:00,19.737,31.073,148.72,90.43,29.61,51.29,11.974,9.859,4.337,3.36,2.1156,0.9777,2818.65,77.69,290.26,0.001852,0.4894,3,Severe Dual Fouling
2026-02-14 21:00:00,18.785,34.661,147.61,80.5,24.19,45.49,12.149,10.212,4.498,3.176,1.9367,1.3223,3088.39,76.95,321.07,0.001588,0.5437,3,Severe Dual Fouling
2026-02-14 21:15:00,18.251,32.365,145.54,85.32,31.17,51.06,12.15,10.408,4.707,3.545,1.7412,1.162,2692.7,72.46,297.3,0.001981,0.5265,3,Severe Dual Fouling
2026-02-14 21:30:00,18.168,31.315,144.39,84.35,29.05,49.45,12.295,10.588,4.574,3.417,1.7063,1.1569,2672.82,73.34,291.56,0.001926,0.5206,3,Severe Dual Fouling
2026-02-14 21:45:00,16.245,33.978,143.87,78.44,28.43,46.75,11.316,9.821,4.323,3.091,1.4949,1.2317,2604.12,70.98,293.49,0.001902,0.5668,3,Severe Dual Fouling
2026-02-14 22:00:00,19.968,31.166,143.7,87.54,28.0,49.07,12.324,10.339,4.605,3.529,1.9847,1.0765,2747.52,75.73,290.25,0.002003,0.4854,3,Severe Dual Fouling
2026-02-14 22:15:00,18.482,30.078,145.32,83.96,29.7,51.78,12.269,10.489,4.482,3.491,1.7798,0.9908,2778.64,72.12,308.22,0.001806,0.5308,3,Severe Dual Fouling
2026-02-14 22:30:00,18.765,26.895,146.31,81.12,26.71,53.34,12.024,10.246,4.438,3.658,1.7783,0.7792,2997.29,71.98,333.14,0.001515,0.5451,3,Severe Dual Fouling
2026-02-14 22:45:00,18.047,30.732,141.78,81.59,26.5,47.2,12.044,10.172,4.746,3.685,1.8727,1.0614,2661.58,73.06,291.43,0.002011,0.5222,3,Severe Dual Fouling
2026-02-14 23:00:00,16.81,31.442,143.6,75.35,27.08,48.44,11.865,10.327,4.643,3.555,1.5386,1.0881,2810.65,69.08,325.49,0.001602,0.5857,3,Severe Dual Fouling
2026-02-14 23:15:00,17.99,31.349,145.62,79.93,28.7,50.78,11.81,10.179,4.541,3.507,1.6312,1.0335,2895.48,70.82,327.1,0.001614,0.5618,3,Severe Dual Fouling
2026-02-14 23:30:00,19.128,35.47,145.1,87.39,28.08,46.3,12.067,10.089,4.393,3.172,1.978,1.2218,2704.18,77.38,279.56,0.002147,0.4931,3,Severe Dual Fouling
2026-02-14 23:45:00,17.96,26.473,147.43,86.22,30.01,54.33,11.775,10.017,4.333,3.574,1.758,0.7591,2693.2,73.11,294.7,0.00199,0.5213,3,Severe Dual Fouling
2026-02-15 00:00:00,16.095,31.348,147.52,77.89,25.47,46.4,11.896,10.477,4.54,3.381,1.4188,1.1588,2745.56,74.12,296.33,0.001926,0.5705,3,Severe Dual Fouling
2026-02-15 00:15:00,17.783,31.646,143.77,82.95,30.15,50.16,12.241,10.531,4.4,3.312,1.7104,1.0875,2649.53,71.27,297.42,0.001959,0.5353,3,Severe Dual Fouling
2026-02-15 00:30:00,18.137,32.675,142.46,83.29,24.39,43.62,11.92,10.328,4.504,3.256,1.5916,1.248,2629.44,77.16,272.62,0.002205,0.5011,3,Severe Dual Fouling
2026-02-15 00:45:00,17.694,35.797,137.04,73.29,29.68,48.13,12.113,10.559,4.5,3.113,1.5539,1.3873,2763.47,63.6,347.63,0.001445,0.5938,3,Severe Dual Fouling
2026-02-15 01:00:00,15.954,31.984,146.59,80.26,29.75,49.12,12.016,10.653,4.425,3.196,1.3621,1.2294,2592.82,71.44,290.36,0.002019,0.5677,3,Severe Dual Fouling
2026-02-15 01:15:00,18.713,30.924,144.17,83.11,29.09,50.73,11.746,10.044,4.487,3.423,1.7021,1.0645,2799.24,71.94,311.29,0.001793,0.5306,3,Severe Dual Fouling
2026-02-15 01:30:00,18.588,29.963,144.52,81.8,28.29,51.08,12.218,10.583,4.608,3.573,1.6352,1.0349,2856.66,71.63,319.06,0.001687,0.5397,3,Severe Dual Fouling
2026-02-15 01:45:00,19.733,32.097,145.44,83.02,29.27,51.74,11.911,10.045,4.562,3.558,1.8661,1.0041,3017.49,71.89,335.79,0.001506,0.5373,3,Severe Dual Fouling
2026-02-15 02:00:00,20.181,34.085,147.26,88.72,28.77,49.06,12.073,9.778,4.491,3.138,2.2944,1.3529,2894.33,77.51,298.74,0.001798,0.494,3,Severe Dual Fouling
2026-02-15 02:15:00,18.997,35.145,136.94,80.68,26.54,44.35,12.437,10.627,4.583,3.219,1.8097,1.3649,2618.16,71.66,292.3,0.001945,0.5096,3,Severe Dual Fouling
2026-02-15 02:30:00,19.626,33.843,145.78,88.08,28.67,48.26,12.104,9.904,4.464,3.374,2.1996,1.0898,2774.22,76.9,288.6,0.001994,0.4927,3,Severe Dual Fouling
2026-02-15 02:45:00,18.996,31.685,144.09,88.43,30.89,50.43,11.707,9.891,4.505,3.452,1.8156,1.0532,2590.3,74.13,279.53,0.002042,0.4917,3,Severe Dual Fouling
2026-02-15 03:00:00,19.084,33.677,150.43,86.02,27.17,48.55,11.829,9.94,4.457,3.163,1.8894,1.2947,3011.97,78.4,307.32,0.001776,0.5226,3,Severe Dual Fouling
2026-02-15 03:15:00,17.107,32.644,141.96,80.83,28.5,47.26,12.058,10.631,4.453,3.331,1.4276,1.122,2562.02,71.44,286.92,0.002027,0.5388,3,Severe Dual Fouling
2026-02-15 03:30:00,17.29,30.968,144.81,84.74,28.13,47.77,12.112,10.62,4.516,3.563,1.4922,0.9525,2544.44,75.02,271.34,0.002194,0.5148,3,Severe Dual Fouling
2026-02-15 03:45:00,19.191,30.203,149.53,86.92,28.25,51.54,11.7,9.879,4.567,3.623,1.8207,0.9434,2943.76,76.66,307.22,0.001786,0.5162,3,Severe Dual Fouling
2026-02-15 04:00:00,18.071,31.907,141.13,82.29,29.35,48.87,12.028,10.196,4.743,3.785,1.8321,0.9578,2605.35,70.79,294.45,0.001964,0.5265,3,Severe Dual Fouling
2026-02-15 04:15:00,18.882,28.854,142.76,84.73,25.61,47.85,12.428,10.612,4.61,3.65,1.8153,0.9603,2684.25,75.61,284.0,0.002033,0.4953,3,Severe Dual Fouling
2026-02-15 04:30:00,18.364,30.537,142.31,79.69,29.7,51.75,12.134,10.281,4.412,3.306,1.8535,1.1055,2817.42,68.28,330.09,0.001545,0.5561,3,Severe Dual Fouling
2026-02-15 04:45:00,20.633,33.019,146.63,85.6,26.39,48.72,11.889,9.631,4.646,3.445,2.2573,1.2005,3084.9,76.95,320.71,0.001702,0.5075,3,Severe Dual Fouling
2026-02-15 05:00:00,20.7,31.086,143.78,86.95,26.98,49.14,12.071,9.917,4.36,3.346,2.1536,1.014,2882.11,75.99,303.43,0.00176,0.4866,3,Severe Dual Fouling
2026-02-15 05:15:00,18.305,30.863,148.45,86.32,29.04,50.62,11.764,9.877,4.535,3.572,1.8868,0.9626,2786.53,75.75,294.27,0.001943,0.5203,3,Severe Dual Fouling
2026-02-15 05:30:00,18.717,29.646,140.51,83.91,29.24,50.16,12.069,10.042,4.513,3.538,2.0265,0.9746,2595.51,71.02,292.36,0.001978,0.5087,3,Severe Dual Fouling
2026-02-15 05:45:00,19.747,30.961,147.42,88.48,27.41,49.42,12.118,9.855,4.676,3.726,2.2633,0.9501,2851.34,78.09,292.13,0.001987,0.4911,3,Severe Dual Fouling
2026-02-15 06:00:00,16.508,33.924,146.42,80.97,28.75,47.4,12.246,10.591,4.386,3.201,1.6554,1.1851,2647.22,73.15,289.53,0.001907,0.5562,3,Severe Dual Fouling
2026-02-15 06:15:00,17.809,35.754,141.59,82.67,27.51,44.69,12.197,10.385,4.615,3.413,1.8121,1.2021,2570.73,74.09,277.6,0.002051,0.5164,3,Severe Dual Fouling
2026-02-15 06:30:00,19.341,32.161,144.55,88.44,28.75,48.5,12.287,10.42,4.479,3.278,1.8672,1.2006,2658.57,76.44,278.25,0.002052,0.4845,3,Severe Dual Fouling
2026-02-15 06:45:00,17.174,33.613,140.71,81.05,30.42,48.27,11.933,10.345,4.42,3.083,1.588,1.3371,2510.32,69.45,289.17,0.001959,0.5409,3,Severe Dual Fouling
2026-02-15 07:00:00,17.575,27.264,143.27,85.14,28.91,50.85,11.915,10.281,4.486,3.655,1.6337,0.8301,2502.89,72.83,274.92,0.002121,0.5083,3,Severe Dual Fouling
2026-02-15 07:15:00,18.619,30.911,145.57,87.94,28.25,48.58,11.63,9.813,4.521,3.465,1.817,1.0564,2628.96,76.83,273.74,0.002154,0.4913,3,Severe Dual Fouling
2026-02-15 07:30:00,17.374,32.679,146.58,83.2,27.09,46.83,11.914,10.418,4.507,3.44,1.4956,1.0674,2698.14,75.85,284.58,0.00215,0.5305,3,Severe Dual Fouling
2026-02-15 07:45:00,19.871,35.968,148.29,91.05,26.86,45.37,12.021,9.992,4.325,2.958,2.029,1.3673,2786.98,82.04,271.78,0.002156,0.4714,3,Severe Dual Fouling
2026-02-15 08:00:00,19.419,31.629,144.66,86.33,28.37,49.34,12.082,10.261,4.491,3.451,1.8212,1.0394,2775.33,75.1,295.65,0.001892,0.5016,3,Severe Dual Fouling
2026-02-15 08:15:00,17.852,31.416,145.9,82.55,26.8,47.88,12.067,10.516,4.362,3.265,1.5511,1.0969,2770.96,74.91,295.93,0.00201,0.5319,3,Severe Dual Fouling
2026-02-15 08:30:00,18.82,33.624,144.98,83.46,27.85,48.01,11.868,9.875,4.556,3.336,1.9933,1.2195,2836.63,74.39,305.07,0.001836,0.5252,3,Severe Dual Fouling
2026-02-15 08:45:00,17.673,30.683,147.42,84.64,24.69,45.87,12.285,10.474,4.6,3.563,1.8113,1.0365,2718.21,78.93,275.52,0.002169,0.5116,3,Severe Dual Fouling
2026-02-15 09:00:00,17.454,32.959,144.32,83.39,28.64,47.54,11.827,10.03,4.545,3.316,1.797,1.2289,2605.64,73.78,282.54,0.002045,0.5267,3,Severe Dual Fouling
2026-02-15 09:15:00,18.075,31.222,142.98,79.88,27.89,49.28,11.869,10.135,4.529,3.378,1.7339,1.1516,2794.32,70.82,315.67,0.00166,0.5482,3,Severe Dual Fouling
2026-02-15 09:30:00,20.63,32.146,141.27,88.5,29.77,49.6,11.729,9.412,4.45,3.445,2.3168,1.0057,2667.31,73.98,288.44,0.001997,0.4733,3,Severe Dual Fouling
2026-02-15 09:45:00,19.974,34.498,146.38,90.79,26.95,45.79,11.749,9.918,4.268,2.953,1.8305,1.3154,2720.12,80.83,269.22,0.002301,0.4654,3,Severe Dual Fouling
2026-02-15 10:00:00,16.381,34.595,146.59,81.9,26.04,43.98,12.327,11.061,4.428,3.2,1.2657,1.2274,2596.35,76.88,270.17,0.002233,0.5366,3,Severe Dual Fouling
2026-02-15 10:15:00,18.847,31.056,147.75,82.59,26.74,49.9,12.078,9.975,4.466,3.551,2.1032,0.9149,3008.82,74.9,321.38,0.0016,0.5385,3,Severe Dual Fouling
2026-02-15 10:30:00,20.143,30.287,139.51,83.57,28.59,50.38,12.345,10.236,4.549,3.515,2.1087,1.0343,2760.58,70.68,312.44,0.001681,0.5043,3,Severe Dual Fouling
2026-02-15 10:45:00,16.067,35.749,146.46,78.17,25.73,43.7,12.279,10.999,4.395,3.217,1.2803,1.178,2688.1,74.8,287.5,0.00195,0.5656,3,Severe Dual Fouling
2026-02-15 11:00:00,20.547,27.883,147.29,90.72,30.05,54.45,12.301,10.375,4.508,3.637,1.9259,0.8708,2847.4,75.62,301.24,0.001838,0.4825,3,Severe Dual Fouling
2026-02-15 11:15:00,20.532,32.446,150.48,90.44,29.84,52.09,11.983,9.516,4.517,3.517,2.4664,1.0002,3019.89,77.98,309.82,0.001716,0.4976,3,Severe Dual Fouling
2026-02-15 11:30:00,18.927,27.894,144.33,88.28,27.44,49.71,12.184,10.249,4.552,3.633,1.9347,0.919,2599.09,76.49,271.84,0.002132,0.4795,3,Severe Dual Fouling
2026-02-15 11:45:00,14.582,30.17,150.1,76.34,27.59,48.46,11.979,10.768,4.282,3.347,1.2112,0.9348,2635.28,71.99,292.87,0.001875,0.6021,3,Severe Dual Fouling
2026-02-15 12:00:00,18.549,30.533,142.96,86.42,27.91,48.02,11.871,9.881,4.333,3.358,1.9907,0.9753,2569.32,75.26,273.11,0.002171,0.4914,3,Severe Dual Fouling
2026-02-15 12:15:00,18.381,32.272,144.73,85.27,27.73,47.56,12.028,10.281,4.516,3.364,1.7476,1.1521,2677.96,75.63,283.25,0.002127,0.5082,3,Severe Dual Fouling
2026-02-15 12:30:00,19.086,33.781,144.34,86.97,28.9,47.88,11.788,10.09,4.359,3.144,1.6981,1.215,2682.77,75.64,283.74,0.002074,0.497,3,Severe Dual Fouling
2026-02-15 12:45:00,17.916,30.556,144.48,84.74,29.78,50.29,11.905,10.22,4.487,3.551,1.6851,0.9365,2622.28,72.83,288.06,0.001987,0.5208,3,Severe Dual Fouling
2026-02-15 13:00:00,18.661,34.128,146.84,85.11,28.12,47.88,12.149,10.201,4.584,3.431,1.9477,1.1524,2821.91,76.05,296.84,0.001913,0.5199,3,Severe Dual Fouling
2026-02-15 13:15:00,17.475,30.138,136.48,78.45,26.94,46.64,12.488,10.988,4.582,3.697,1.5001,0.8848,2484.26,68.91,288.39,0.002013,0.5297,3,Severe Dual Fouling
2026-02-15 13:30:00,18.481,32.116,148.32,85.86,29.54,50.58,11.703,9.684,4.471,3.348,2.019,1.123,2827.9,75.14,301.1,0.001854,0.5258,3,Severe Dual Fouling
2026-02-15 13:45:00,17.267,31.339,148.42,84.65,28.56,49.14,11.696,10.1,4.513,3.524,1.5963,0.9888,2697.94,75.64,285.35,0.002101,0.5321,3,Severe Dual Fouling
2026-02-15 14:00:00,17.481,30.44,144.99,81.82,26.62,47.86,12.052,10.509,4.296,3.205,1.543,1.0907,2705.58,74.2,291.69,0.001883,0.5337,3,Severe Dual Fouling
2026-02-15 14:15:00,19.89,34.026,142.85,84.3,28.31,48.35,11.644,9.481,4.508,3.297,2.1634,1.2106,2853.23,73.58,310.22,0.001769,0.5112,3,Severe Dual Fouling
2026-02-15 14:30:00,18.309,32.692,141.13,82.84,25.75,44.87,11.853,10.067,4.449,3.445,1.7862,1.004,2614.44,74.98,278.96,0.002005,0.5052,3,Severe Dual Fouling
2026-02-15 14:45:00,17.275,34.222,146.65,84.43,26.18,44.58,11.747,10.183,4.374,3.234,1.5634,1.1398,2633.33,78.12,269.66,0.002227,0.5165,3,Severe Dual Fouling
2026-02-15 15:00:00,19.429,29.417,140.29,84.38,27.83,49.46,11.873,9.841,4.404,3.487,2.032,0.9167,2661.19,72.34,294.28,0.001891,0.4971,3,Severe Dual Fouling
2026-02-15 15:15:00,16.678,31.737,141.86,79.97,28.22,47.27,11.995,10.37,4.431,3.218,1.6253,1.2124,2529.04,71.03,284.83,0.002048,0.5446,3,Severe Dual Fouling
2026-02-15 15:30:00,19.03,31.487,148.43,86.96,27.55,49.31,12.298,10.477,4.435,3.351,1.8204,1.0839,2866.19,77.58,295.56,0.002023,0.5086,3,Severe Dual Fouling
2026-02-15 15:45:00,16.847,32.309,144.55,78.21,26.41,46.67,12.257,10.861,4.515,3.281,1.3963,1.2341,2738.09,72.41,302.49,0.001833,0.5615,3,Severe Dual Fouling
2026-02-15 16:00:00,18.661,33.849,143.94,84.4,27.21,46.43,11.877,10.266,4.434,3.302,1.6116,1.1319,2722.25,75.57,288.19,0.002053,0.5101,3,Severe Dual Fouling
2026-02-15 16:15:00,16.692,29.386,142.77,75.96,29.53,51.75,12.26,10.725,4.509,3.471,1.5355,1.0384,2732.29,66.24,329.97,0.001602,0.59,3,Severe Dual Fouling
2026-02-15 16:30:00,18.05,31.612,145.77,78.69,28.36,50.79,11.814,10.146,4.488,3.462,1.6681,1.0262,2966.2,70.31,337.5,0.001451,0.5713,3,Severe Dual Fouling
2026-02-15 16:45:00,17.573,30.306,149.06,80.17,26.24,49.63,11.71,9.978,4.479,3.347,1.7317,1.1325,2965.76,74.37,319.01,0.001641,0.5609,3,Severe Dual Fouling
2026-02-15 17:00:00,16.567,33.513,148.83,79.73,27.06,47.06,12.075,10.571,4.488,3.345,1.5038,1.1427,2804.74,74.55,300.99,0.001854,0.5674,3,Severe Dual Fouling
2026-02-15 17:15:00,19.125,32.274,146.51,86.92,28.83,49.51,11.837,9.914,4.158,2.958,1.9232,1.1997,2792.27,75.89,294.35,0.001921,0.5064,3,Severe Dual Fouling
2026-02-15 17:30:00,16.838,29.678,147.88,83.24,26.68,48.16,12.074,10.497,4.398,3.341,1.5772,1.0568,2666.99,76.11,280.33,0.002081,0.5334,3,Severe Dual Fouling
2026-02-15 17:45:00,17.633,32.022,146.67,82.8,29.66,50.26,11.974,10.455,4.679,3.69,1.5192,0.9882,2759.3,72.64,303.88,0.001783,0.5458,3,Severe Dual Fouling
2026-02-15 18:00:00,18.651,30.797,150.56,83.55,30.27,54.03,11.771,9.744,4.49,3.469,2.0267,1.0207,3062.17,72.78,336.6,0.001432,0.5571,3,Severe Dual Fouling
2026-02-15 18:15:00,20.305,30.822,147.02,89.32,28.88,51.14,11.964,10.07,4.583,3.65,1.8941,0.9329,2870.28,76.8,298.98,0.001813,0.4884,3,Severe Dual Fouling
2026-02-15 18:30:00,21.128,32.106,147.05,94.21,28.98,49.34,11.984,9.676,4.599,3.459,2.3083,1.1399,2735.04,80.38,272.21,0.002174,0.4475,3,Severe Dual Fouling
2026-02-15 18:45:00,18.641,32.106,141.05,84.64,24.6,43.78,11.806,9.844,4.506,3.31,1.9627,1.1959,2575.95,77.16,267.08,0.002277,0.4844,3,Severe Dual Fouling
2026-02-15 19:00:00,19.125,32.407,142.27,82.64,28.94,49.54,12.191,10.401,4.579,3.316,1.7908,1.2631,2793.76,71.45,312.81,0.001772,0.5261,3,Severe Dual Fouling
2026-02-15 19:15:00,18.311,35.681,147.24,85.13,28.64,47.31,12.343,10.776,4.449,3.026,1.5672,1.4229,2786.14,76.15,292.69,0.001974,0.5237,3,Severe Dual Fouling
2026-02-15 19:30:00,17.517,31.586,144.72,85.36,29.48,48.76,11.918,10.473,4.44,3.487,1.445,0.953,2547.97,74.12,275.02,0.002152,0.5152,3,Severe Dual Fouling
2026-02-15 19:45:00,18.244,34.797,144.66,84.01,27.39,46.01,12.004,10.028,4.303,2.965,1.9758,1.3387,2710.79,75.7,286.49,0.002011,0.5172,3,Severe Dual Fouling
2026-02-15 20:00:00,19.703,29.388,148.07,88.73,26.58,49.88,11.869,9.754,4.37,3.381,2.1149,0.9888,2864.5,78.8,290.8,0.002004,0.4884,3,Severe Dual Fouling
2026-02-15 20:15:00,17.88,30.468,143.4,87.24,31.53,50.83,11.924,10.35,4.6,3.529,1.5739,1.0707,2460.02,72.59,271.12,0.002333,0.502,3,Severe Dual Fouling
2026-02-15 20:30:00,21.208,34.562,146.34,88.56,27.69,48.45,12.076,9.674,4.519,3.369,2.4022,1.1502,3002.14,77.92,308.23,0.001717,0.487,3,Severe Dual Fouling
2026-02-15 20:45:00,18.897,34.008,141.87,82.49,26.12,45.44,12.261,10.207,4.668,3.329,2.0547,1.3387,2748.94,74.61,294.75,0.001869,0.513,3,Severe Dual Fouling
2026-02-15 21:00:00,18.215,31.514,142.17,83.01,29.19,49.21,11.928,10.283,4.495,3.446,1.6447,1.0498,2640.39,71.62,294.95,0.001893,0.5237,3,Severe Dual Fouling
2026-02-15 21:15:00,18.783,34.886,146.37,82.08,27.12,47.39,11.778,10.026,4.307,3.057,1.7521,1.2505,2958.68,74.82,316.36,0.001764,0.5392,3,Severe Dual Fouling
2026-02-15 21:30:00,19.608,32.872,147.99,87.72,30.75,51.8,12.106,10.028,4.644,3.597,2.0781,1.0469,2895.61,74.87,309.39,0.001634,0.5141,3,Severe Dual Fouling
2026-02-15 21:45:00,19.492,29.495,147.78,93.73,30.07,50.99,12.021,9.831,4.553,3.587,2.1893,0.9656,2581.13,79.07,261.16,0.0023,0.4592,3,Severe Dual Fouling
2026-02-15 22:00:00,16.36,31.408,140.2,78.11,28.47,47.41,11.957,10.519,4.482,3.414,1.4382,1.0687,2488.67,68.97,288.65,0.001995,0.5557,3,Severe Dual Fouling
2026-02-15 22:15:00,19.024,31.052,147.48,87.78,27.88,49.29,11.984,9.939,4.511,3.381,2.0448,1.1304,2782.59,77.47,287.34,0.002002,0.4992,3,Severe Dual Fouling
2026-02-15 22:30:00,17.344,26.566,139.87,80.43,29.12,51.85,12.074,10.45,4.485,3.714,1.6237,0.7713,2525.7,68.03,297.03,0.001955,0.5367,3,Severe Dual Fouling
2026-02-15 22:45:00,16.387,32.17,142.92,75.82,28.78,48.8,12.304,10.797,4.463,3.367,1.5071,1.0959,2694.02,67.88,317.5,0.00171,0.5879,3,Severe Dual Fouling
2026-02-15 23:00:00,20.143,28.499,146.08,90.79,28.17,51.05,11.864,9.722,4.622,3.688,2.1418,0.9341,2728.41,77.7,280.9,0.002074,0.4689,3,Severe Dual Fouling
2026-02-15 23:15:00,18.316,31.833,143.76,80.24,27.12,48.52,12.006,10.047,4.377,3.336,1.959,1.0412,2850.09,72.14,316.06,0.001743,0.5446,3,Severe Dual Fouling
2026-02-15 23:30:00,17.097,31.654,149.01,82.24,27.49,48.61,12.21,10.541,4.499,3.473,1.6685,1.026,2796.92,75.28,297.22,0.001851,0.5495,3,Severe Dual Fouling
2026-02-15 23:45:00,19.011,30.976,145.46,88.18,26.9,47.49,11.958,10.002,4.448,3.324,1.9554,1.1232,2668.29,78.2,272.98,0.002151,0.4832,3,Severe Dual Fouling
2026-02-16 00:00:00,20.042,33.637,145.1,86.78,28.33,48.68,12.207,10.08,4.566,3.498,2.1274,1.068,2863.82,75.85,302.04,0.001783,0.4995,3,Severe Dual Fouling
2026-02-16 00:15:00,18.868,31.502,143.9,88.68,27.59,46.95,11.424,9.547,4.456,3.386,1.8765,1.0699,2552.62,77.65,262.99,0.002282,0.4747,3,Severe Dual Fouling
2026-02-16 00:30:00,17.545,30.358,141.63,81.27,29.69,50.12,12.241,10.412,4.438,3.544,1.8287,0.8941,2594.87,69.65,298.07,0.001864,0.5393,3,Severe Dual Fouling
2026-02-16 00:45:00,17.613,32.044,145.09,85.38,26.38,45.6,12.447,10.723,4.416,3.187,1.7233,1.2285,2576.84,77.49,266.04,0.002342,0.503,3,Severe Dual Fouling
2026-02-16 01:00:00,19.056,30.487,145.18,85.93,29.24,50.92,11.888,10.201,4.541,3.482,1.6871,1.0593,2766.15,73.89,299.49,0.001777,0.511,3,Severe Dual Fouling
2026-02-16 01:15:00,18.668,30.897,145.52,88.06,29.72,50.05,12.256,10.201,4.591,3.499,2.0552,1.092,2627.97,75.39,278.87,0.002139,0.4962,3,Severe Dual Fouling
2026-02-16 01:30:00,18.112,32.527,140.59,83.18,28.77,47.49,11.597,9.748,4.541,3.49,1.8493,1.051,2547.68,72.03,282.94,0.002101,0.5134,3,Severe Dual Fouling
2026-02-16 01:45:00,19.731,31.213,142.87,83.27,29.3,51.36,12.176,10.389,4.436,3.288,1.7867,1.1488,2881.33,71.1,324.22,0.001558,0.5248,3,Severe Dual Fouling
2026-02-16 02:00:00,18.781,33.594,147.57,82.72,28.01,49.24,11.801,10.045,4.427,3.346,1.7556,1.0815,2984.03,74.4,320.86,0.001649,0.5424,3,Severe Dual Fouling
2026-02-16 02:15:00,20.693,31.7,143.3,86.12,28.46,50.32,11.841,9.772,4.485,3.449,2.069,1.0358,2898.91,73.92,313.75,0.001684,0.4979,3,Severe Dual Fouling
2026-02-16 02:30:00,19.63,29.555,144.27,85.27,28.63,51.57,12.331,10.213,4.425,3.497,2.1175,0.9279,2837.1,73.2,310.08,0.001781,0.5101,3,Severe Dual Fouling
2026-02-16 02:45:00,18.348,28.716,145.1,79.27,27.27,51.9,12.127,10.187,4.41,3.602,1.9398,0.8079,2959.36,70.61,335.29,0.001542,0.5587,3,Severe Dual Fouling
2026-02-16 03:00:00,20.004,28.607,146.11,87.11,27.93,52.09,11.985,9.819,4.402,3.492,2.1662,0.9096,2891.81,75.26,307.41,0.001878,0.4993,3,Severe Dual Fouling
2026-02-16 03:15:00,18.801,33.732,148.57,85.6,26.46,47.01,11.892,10.056,4.637,3.399,1.8353,1.2384,2900.59,78.45,295.8,0.001825,0.5157,3,Severe Dual Fouling
2026-02-16 03:30:00,20.264,32.804,140.4,84.93,26.07,46.13,12.274,10.19,4.544,3.368,2.0842,1.1757,2753.7,75.18,293.04,0.001834,0.4852,3,Severe Dual Fouling
2026-02-16 03:45:00,18.817,27.591,140.97,83.18,28.94,52.02,12.147,10.153,4.481,3.616,1.9941,0.865,2664.09,70.17,303.72,0.001798,0.5158,3,Severe Dual Fouling
2026-02-16 04:00:00,19.579,31.365,143.5,84.74,27.04,48.52,12.004,9.83,4.557,3.528,2.1746,1.029,2818.37,74.8,301.43,0.001804,0.5045,3,Severe Dual Fouling
2026-02-16 04:15:00,18.548,34.76,144.62,84.2,30.82,49.7,12.413,10.445,4.546,3.181,1.9678,1.3644,2745.88,72.16,304.4,0.001835,0.531,3,Severe Dual Fouling
2026-02-16 04:30:00,19.1,34.495,141.37,86.56,28.32,46.09,12.203,10.314,4.386,3.052,1.8886,1.3339,2564.61,75.24,272.67,0.002208,0.4848,3,Severe Dual Fouling
2026-02-16 04:45:00,20.443,31.947,143.23,85.0,27.73,49.55,11.896,9.932,4.456,3.355,1.9638,1.1011,2916.54,73.99,315.35,0.001675,0.5042,3,Severe Dual Fouling
2026-02-16 05:00:00,18.99,32.739,140.41,82.86,27.6,47.15,12.344,10.342,4.422,3.155,2.0019,1.2673,2677.59,72.61,295.01,0.001972,0.5102,3,Severe Dual Fouling
2026-02-16 05:15:00,17.984,29.435,147.03,82.39,28.1,51.22,11.831,10.162,4.442,3.552,1.669,0.8904,2848.18,73.1,311.72,0.001734,0.5435,3,Severe Dual Fouling
2026-02-16 05:30:00,17.327,30.994,150.65,84.29,29.3,51.02,12.12,10.35,4.63,3.501,1.7696,1.1292,2817.13,75.11,300.05,0.001796,0.5469,3,Severe Dual Fouling
2026-02-16 05:45:00,17.228,30.973,144.2,84.92,27.09,46.39,11.993,10.371,4.472,3.503,1.6221,0.9691,2501.93,76.08,263.08,0.002309,0.5061,3,Severe Dual Fouling
2026-02-16 06:00:00,21.223,30.977,144.37,88.22,27.97,50.5,11.966,9.672,4.616,3.523,2.2941,1.0935,2919.5,75.82,308.04,0.001821,0.4824,3,Severe Dual Fouling
2026-02-16 06:15:00,18.88,31.846,139.68,85.1,28.69,47.64,11.877,10.23,4.362,3.346,1.6467,1.0161,2524.7,72.78,277.51,0.002154,0.4917,3,Severe Dual Fouling
2026-02-16 06:30:00,18.525,32.621,146.07,82.47,26.0,47.15,12.075,10.267,4.51,3.374,1.8079,1.1363,2886.67,75.72,305.0,0.001802,0.5297,3,Severe Dual Fouling
2026-02-16 06:45:00,18.945,32.544,141.03,81.62,27.12,47.37,12.357,10.467,4.341,3.346,1.8896,0.9948,2757.25,72.32,305.01,0.001786,0.5215,3,Severe Dual Fouling
2026-02-16 07:00:00,18.457,33.278,147.11,86.73,28.66,48.27,12.047,10.314,4.344,3.201,1.7337,1.1429,2730.67,76.65,284.98,0.002117,0.5098,3,Severe Dual Fouling
2026-02-16 07:15:00,17.838,34.577,145.76,78.97,29.19,49.36,12.011,10.17,4.7,3.405,1.8412,1.2942,2918.63,70.54,330.99,0.001517,0.5729,3,Severe Dual Fouling
2026-02-16 07:30:00,16.07,31.309,149.36,80.78,26.86,47.47,12.058,10.603,4.469,3.408,1.4553,1.0612,2700.08,75.38,286.55,0.00207,0.5598,3,Severe Dual Fouling
2026-02-16 07:45:00,18.898,29.78,142.36,81.18,29.14,51.87,12.184,10.115,4.368,3.434,2.0685,0.9338,2832.3,69.51,325.99,0.001637,0.5403,3,Severe Dual Fouling
2026-02-16 08:00:00,18.954,29.946,146.37,87.11,27.31,49.28,12.404,10.729,4.462,3.524,1.6752,0.9375,2751.63,76.94,286.09,0.001959,0.4977,3,Severe Dual Fouling
2026-02-16 08:15:00,19.253,34.907,144.67,86.51,27.86,46.64,12.029,10.026,4.372,3.12,2.0032,1.2517,2743.26,76.66,286.27,0.001927,0.4979,3,Severe Dual Fouling
2026-02-16 08:30:00,18.19,29.16,147.17,87.6,26.67,48.42,12.116,10.119,4.592,3.749,1.9972,0.8437,2654.48,78.32,271.13,0.002139,0.4943,3,Severe Dual Fouling
2026-02-16 08:45:00,19.437,33.682,144.65,84.58,28.12,48.42,12.217,10.344,4.463,3.22,1.8733,1.2428,2860.56,74.59,306.79,0.001808,0.5155,3,Severe Dual Fouling
2026-02-16 09:00:00,19.587,34.695,143.09,82.75,27.66,47.61,12.025,10.207,4.513,3.272,1.8178,1.2407,2895.95,73.44,315.46,0.001782,0.5228,3,Severe Dual Fouling
2026-02-16 09:15:00,19.094,32.365,146.36,89.76,30.29,49.84,11.475,9.717,4.536,3.465,1.7579,1.0712,2647.9,76.5,276.89,0.002149,0.4876,3,Severe Dual Fouling
2026-02-16 09:30:00,19.325,32.909,147.21,89.12,27.31,47.29,11.917,9.926,4.665,3.519,1.9907,1.1465,2750.41,79.34,277.31,0.00213,0.4845,3,Severe Dual Fouling
2026-02-16 09:45:00,18.697,31.69,145.36,86.81,28.95,49.18,12.17,10.167,4.622,3.654,2.0023,0.9682,2682.27,75.4,284.59,0.001985,0.503,3,Severe Dual Fouling
2026-02-16 10:00:00,17.557,32.992,142.89,81.39,27.46,46.62,11.942,10.455,4.525,3.339,1.487,1.1859,2645.08,73.07,289.61,0.002116,0.5327,3,Severe Dual Fouling
2026-02-16 10:15:00,18.791,32.637,142.88,84.05,28.66,48.49,12.364,10.524,4.299,3.065,1.8405,1.234,2708.64,73.16,296.17,0.001907,0.5151,3,Severe Dual Fouling
2026-02-16 10:30:00,15.671,31.514,144.47,75.56,28.06,48.13,11.344,10.122,4.327,3.199,1.2223,1.1289,2645.32,69.07,306.41,0.001779,0.5919,3,Severe Dual Fouling
2026-02-16 10:45:00,18.038,31.231,142.96,80.92,25.15,46.13,12.129,10.506,4.473,3.432,1.6235,1.0414,2741.7,74.42,294.71,0.001903,0.5266,3,Severe Dual Fouling
2026-02-16 11:00:00,20.632,31.973,144.03,91.07,29.01,49.02,11.931,9.751,4.593,3.379,2.1794,1.2142,2677.4,77.37,276.84,0.002194,0.4605,3,Severe Dual Fouling
2026-02-16 11:15:00,18.059,34.458,143.07,82.75,24.99,43.5,11.727,9.925,4.467,3.226,1.8017,1.2409,2668.86,76.77,278.1,0.002139,0.5108,3,Severe Dual Fouling
2026-02-16 11:30:00,20.018,29.205,146.75,92.33,29.11,50.95,12.193,10.189,4.585,3.592,2.0048,0.9928,2668.69,78.39,272.37,0.002221,0.4626,3,Severe Dual Fouling
2026-02-16 11:45:00,15.293,30.433,143.91,76.68,27.37,47.15,11.933,10.618,4.381,3.333,1.315,1.0489,2519.06,70.39,286.29,0.002005,0.5769,3,Severe Dual Fouling
2026-02-16 12:00:00,16.924,30.103,145.28,80.07,28.76,50.23,12.323,10.682,4.484,3.391,1.6409,1.0925,2703.99,70.94,304.92,0.001897,0.5597,3,Severe Dual Fouling
2026-02-16 12:15:00,19.453,32.629,147.69,85.86,29.29,50.88,11.94,10.158,4.51,3.299,1.7814,1.2108,2946.51,74.9,314.73,0.001714,0.5222,3,Severe Dual Fouling
2026-02-16 12:30:00,18.823,34.206,146.78,82.05,29.67,50.52,12.355,10.346,4.441,3.114,2.0081,1.3271,2984.76,72.11,331.13,0.001561,0.5527,3,Severe Dual Fouling
2026-02-16 12:45:00,19.305,29.45,145.01,82.43,29.06,53.08,12.206,10.311,4.414,3.541,1.8946,0.8733,2959.54,70.91,333.9,0.001521,0.5397,3,Severe Dual Fouling
2026-02-16 13:00:00,19.585,32.401,143.37,83.94,27.79,48.83,12.507,10.368,4.36,3.171,2.139,1.1887,2851.49,73.69,309.56,0.001774,0.5142,3,Severe Dual Fouling
2026-02-16 13:15:00,16.381,32.711,146.14,80.41,27.81,47.09,11.763,10.456,4.418,3.385,1.3074,1.0331,2638.16,73.39,287.58,0.001922,0.5555,3,Severe Dual Fouling
2026-02-16 13:30:00,18.76,29.929,142.21,84.26,27.07,48.34,12.177,10.088,4.533,3.517,2.0893,1.0163,2663.7,74.02,287.9,0.002092,0.5033,3,Severe Dual Fouling
2026-02-16 13:45:00,16.24,28.86,147.17,78.57,26.86,49.47,12.164,10.838,4.455,3.471,1.3253,0.984,2729.75,72.28,302.13,0.001858,0.5703,3,Severe Dual Fouling
2026-02-16 14:00:00,19.259,32.828,142.24,84.36,27.42,47.31,12.138,10.097,4.728,3.596,2.0408,1.1327,2730.93,74.33,293.94,0.001962,0.5041,3,Severe Dual Fouling
2026-02-16 14:15:00,17.001,33.816,148.5,84.38,30.31,49.19,12.225,10.653,4.468,3.108,1.5719,1.3596,2670.82,74.41,287.14,0.002059,0.5425,3,Severe Dual Fouling
2026-02-16 14:30:00,18.456,34.186,151.2,87.05,29.36,49.64,12.235,10.332,4.406,3.226,1.9034,1.1809,2900.28,77.57,299.12,0.001845,0.5265,3,Severe Dual Fouling
2026-02-16 14:45:00,18.24,31.587,147.49,88.04,26.52,46.62,12.275,10.645,4.379,3.283,1.6302,1.0957,2656.97,79.58,267.09,0.002207,0.4915,3,Severe Dual Fouling
2026-02-16 15:00:00,15.866,35.29,147.62,78.3,27.99,46.24,11.595,10.22,4.454,3.052,1.3759,1.4024,2694.25,72.88,295.73,0.001864,0.5794,3,Severe Dual Fouling
2026-02-16 15:15:00,19.509,33.361,149.21,88.37,28.69,49.52,12.019,10.006,4.576,3.256,2.0129,1.3209,2908.06,77.99,298.31,0.001944,0.5048,3,Severe Dual Fouling
2026-02-16 15:30:00,17.914,32.219,144.2,76.97,27.87,49.76,11.831,9.954,4.6,3.438,1.8767,1.1621,2950.78,69.32,340.56,0.001487,0.5779,3,Severe Dual Fouling
2026-02-16 15:45:00,18.23,31.35,145.54,84.26,28.35,49.21,12.52,10.913,4.56,3.573,1.6076,0.9867,2736.62,74.29,294.68,0.001898,0.5229,3,Severe Dual Fouling
2026-02-16 16:00:00,19.023,32.751,146.57,89.93,27.91,47.17,12.258,10.327,4.339,3.204,1.9307,1.1351,2639.9,79.25,266.5,0.002263,0.4773,3,Severe Dual Fouling
2026-02-16 16:15:00,19.207,31.124,146.69,87.96,27.41,48.63,12.012,10.247,4.467,3.358,1.7647,1.1095,2763.54,77.81,284.14,0.002062,0.4923,3,Severe Dual Fouling
2026-02-16 16:30:00,16.157,33.679,144.11,74.05,26.17,45.86,12.089,10.665,4.428,3.082,1.4237,1.3462,2773.34,70.07,316.62,0.001711,0.5941,3,Severe Dual Fouling
2026-02-16 16:45:00,16.754,36.094,146.04,77.45,30.56,49.2,11.947,10.478,4.395,2.959,1.469,1.4362,2815.24,68.87,327.03,0.001565,0.594,3,Severe Dual Fouling
2026-02-16 17:00:00,16.596,31.927,145.35,76.71,28.65,49.54,12.07,10.546,4.699,3.466,1.5233,1.2327,2791.19,69.21,322.64,0.001645,0.5882,3,Severe Dual Fouling
2026-02-16 17:15:00,19.042,29.152,146.53,80.25,26.34,51.7,12.186,10.128,4.368,3.54,2.0579,0.8284,3092.06,72.45,341.42,0.001503,0.5515,3,Severe Dual Fouling
2026-02-16 17:30:00,18.665,30.899,143.61,84.01,25.71,46.79,11.934,10.2,4.588,3.551,1.7337,1.037,2725.78,75.94,287.14,0.00201,0.5055,3,Severe Dual Fouling
2026-02-16 17:45:00,16.973,33.202,143.61,76.49,25.79,45.88,11.873,10.386,4.529,3.336,1.4863,1.1926,2791.21,71.66,311.61,0.001706,0.5697,3,Severe Dual Fouling
2026-02-16 18:00:00,17.593,30.275,147.46,87.71,29.47,49.8,12.021,10.211,4.446,3.484,1.8105,0.9613,2575.29,76.26,270.16,0.002211,0.5064,3,Severe Dual Fouling
2026-02-16 18:15:00,19.322,32.055,145.86,87.82,27.59,48.08,11.961,9.783,4.517,3.533,2.1781,0.9845,2747.47,77.49,283.63,0.002158,0.4907,3,Severe Dual Fouling
2026-02-16 18:30:00,19.971,33.633,145.91,86.93,27.93,48.44,12.109,10.071,4.477,3.308,2.0377,1.1689,2885.8,76.63,301.26,0.001856,0.4999,3,Severe Dual Fouling
2026-02-16 18:45:00,16.945,32.543,142.41,80.11,28.74,47.74,11.717,9.987,4.416,3.198,1.73,1.2186,2586.31,70.82,292.14,0.001902,0.5481,3,Severe Dual Fouling
2026-02-16 19:00:00,20.636,32.416,142.25,90.13,29.88,49.31,12.302,10.141,4.494,3.437,2.161,1.0574,2635.1,75.42,279.52,0.00208,0.4638,3,Severe Dual Fouling
2026-02-16 19:15:00,17.342,34.423,140.66,80.12,26.91,44.77,12.124,10.392,4.444,3.301,1.7323,1.143,2572.18,72.46,283.97,0.002072,0.5322,3,Severe Dual Fouling
2026-02-16 19:30:00,18.019,28.781,144.83,82.25,26.29,49.24,11.775,10.261,4.647,3.77,1.514,0.8777,2762.81,74.01,298.63,0.001774,0.528,3,Severe Dual Fouling
2026-02-16 19:45:00,17.993,31.474,143.61,83.82,28.58,48.59,11.95,10.192,4.479,3.308,1.7584,1.1715,2635.62,73.34,287.5,0.001965,0.5198,3,Severe Dual Fouling
2026-02-16 20:00:00,17.116,33.758,141.83,76.55,28.74,48.13,12.199,10.453,4.528,3.415,1.7462,1.1127,2737.74,68.2,321.13,0.001638,0.5773,3,Severe Dual Fouling
2026-02-16 20:15:00,19.762,30.43,145.05,87.14,27.84,49.86,12.063,9.922,4.446,3.359,2.1402,1.0874,2803.38,75.83,295.75,0.001834,0.494,3,Severe Dual Fouling
2026-02-16 20:30:00,18.306,31.949,143.7,80.81,27.28,48.37,12.262,10.594,4.375,3.244,1.6679,1.1306,2820.38,72.43,311.51,0.001817,0.5402,3,Severe Dual Fouling
2026-02-16 20:45:00,17.71,31.699,144.66,79.71,28.91,50.16,11.608,9.823,4.497,3.5,1.7843,0.9971,2818.17,70.41,320.21,0.001661,0.5611,3,Severe Dual Fouling
2026-02-16 21:00:00,19.295,34.245,142.52,86.81,31.33,49.71,12.079,10.179,4.45,3.297,1.8996,1.1526,2633.57,72.55,290.4,0.001944,0.501,3,Severe Dual Fouling
2026-02-16 21:15:00,18.62,32.114,147.92,85.27,27.52,48.78,11.959,9.957,4.431,3.259,2.0019,1.1724,2857.62,76.59,298.48,0.001859,0.5203,3,Severe Dual Fouling
2026-02-16 21:30:00,18.183,32.715,143.83,83.52,27.04,46.67,12.065,10.125,4.461,3.433,1.9402,1.0276,2686.53,74.99,286.59,0.002035,0.5164,3,Severe Dual Fouling
2026-02-16 21:45:00,17.579,31.28,141.57,79.57,26.54,46.94,12.252,10.612,4.472,3.523,1.6403,0.9494,2670.2,71.83,297.39,0.001822,0.539,3,Severe Dual Fouling
2026-02-16 22:00:00,17.377,34.208,144.66,80.26,28.69,47.84,11.896,10.338,4.602,3.41,1.5581,1.192,2741.65,71.84,305.32,0.001757,0.5553,3,Severe Dual Fouling
2026-02-16 22:15:00,17.362,31.646,145.43,80.89,26.38,47.12,12.032,10.445,4.486,3.407,1.5871,1.0791,2745.19,74.27,295.7,0.001886,0.5421,3,Severe Dual Fouling
2026-02-16 22:30:00,19.62,32.744,145.35,84.43,27.27,48.64,11.903,9.649,4.568,3.384,2.2542,1.1832,2928.1,75.21,311.47,0.001723,0.5159,3,Severe Dual Fouling
2026-02-16 22:45:00,19.396,32.001,141.59,85.94,27.55,47.31,11.98,10.167,4.595,3.554,1.813,1.0406,2644.63,74.91,282.44,0.002119,0.488,3,Severe Dual Fouling
2026-02-16 23:00:00,18.47,33.852,144.36,81.81,24.96,44.95,11.761,9.985,4.402,3.161,1.7763,1.2412,2830.79,76.16,297.37,0.001863,0.5239,3,Severe Dual Fouling
2026-02-16 23:15:00,16.736,34.172,147.65,78.64,27.73,47.52,12.005,10.395,4.409,3.054,1.6106,1.3542,2829.71,72.77,311.08,0.001756,0.5754,3,Severe Dual Fouling
2026-02-16 23:30:00,20.099,30.466,146.32,84.93,24.1,47.82,11.898,9.636,4.547,3.538,2.2612,1.0092,3022.99,78.16,309.42,0.001811,0.5023,3,Severe Dual Fouling
2026-02-16 23:45:00,16.406,31.29,145.08,77.98,26.9,47.5,12.025,10.436,4.63,3.484,1.5894,1.1463,2696.93,71.84,300.34,0.001864,0.5678,3,Severe Dual Fouling
2026-02-17 00:00:00,17.761,28.876,144.28,81.78,27.24,49.76,11.695,10.195,4.525,3.552,1.4999,0.9732,2719.73,72.71,299.25,0.001934,0.534,3,Severe Dual Fouling
2026-02-17 00:15:00,18.422,31.435,146.01,84.91,30.29,51.25,11.316,9.569,4.687,3.59,1.7473,1.0966,2757.51,72.86,302.77,0.001782,0.5279,3,Severe Dual Fouling
2026-02-17 00:30:00,18.305,29.733,148.05,84.37,27.78,50.73,12.144,10.354,4.293,3.389,1.7899,0.9046,2855.57,75.12,304.09,0.001785,0.5294,3,Severe Dual Fouling
2026-02-17 00:45:00,18.705,29.977,147.81,86.2,28.76,51.27,11.597,9.549,4.47,3.486,2.0484,0.9842,2823.32,75.31,299.93,0.001882,0.5175,3,Severe Dual Fouling
2026-02-17 01:00:00,19.724,29.148,146.84,89.34,28.51,51.29,11.675,9.503,4.57,3.548,2.1725,1.0222,2778.82,76.88,289.14,0.002017,0.486,3,Severe Dual Fouling
2026-02-17 01:15:00,17.279,32.712,143.71,78.71,27.13,47.23,12.141,10.385,4.667,3.486,1.7559,1.1814,2751.23,71.7,306.96,0.001783,0.5575,3,Severe Dual Fouling
2026-02-17 01:30:00,19.373,31.463,147.05,83.12,29.4,52.45,11.782,9.638,4.596,3.535,2.1439,1.061,3034.42,72.25,336.0,0.001561,0.5434,3,Severe Dual Fouling
2026-02-17 01:45:00,18.375,36.857,143.29,79.54,27.33,45.94,12.06,10.426,4.409,3.043,1.6342,1.366,2869.85,72.45,316.89,0.001735,0.5498,3,Severe Dual Fouling
2026-02-17 02:00:00,17.344,30.782,147.11,78.54,30.18,52.8,12.104,10.421,4.369,3.346,1.6831,1.0227,2913.51,68.8,338.79,0.001482,0.5864,3,Severe Dual Fouling
2026-02-17 02:15:00,17.816,31.871,143.29,78.64,26.57,47.73,12.259,10.78,4.52,3.354,1.4794,1.1659,2822.06,71.63,315.2,0.001717,0.5539,3,Severe Dual Fouling
2026-02-17 02:30:00,19.061,31.392,146.73,88.99,29.08,49.61,11.913,10.176,4.545,3.546,1.7367,0.9997,2696.55,77.02,280.09,0.002043,0.4908,3,Severe Dual Fouling
2026-02-17 02:45:00,20.154,34.927,146.19,82.87,28.37,49.76,12.004,10.087,4.737,3.428,1.9168,1.3096,3126.3,73.49,340.35,0.001554,0.5374,3,Severe Dual Fouling
2026-02-17 03:00:00,18.138,30.299,148.64,80.85,25.8,49.56,11.733,10.092,4.317,3.432,1.6407,0.8848,3012.53,74.92,321.68,0.001609,0.5519,3,Severe Dual Fouling
2026-02-17 03:15:00,17.42,33.406,141.29,75.72,26.88,46.9,12.408,10.721,4.718,3.495,1.6874,1.2227,2798.83,69.13,323.88,0.001554,0.5731,3,Severe Dual Fouling
2026-02-17 03:30:00,16.184,32.152,146.03,78.29,28.36,48.32,12.095,10.769,4.419,3.249,1.326,1.1696,2685.79,71.17,301.91,0.001829,0.5756,3,Severe Dual Fouling
2026-02-17 03:45:00,17.213,32.461,140.54,77.19,29.15,48.82,12.132,10.704,4.445,3.406,1.4282,1.0393,2671.45,67.55,316.4,0.001667,0.5687,3,Severe Dual Fouling
2026-02-17 04:00:00,17.41,33.317,150.14,83.61,26.7,47.06,12.202,10.587,4.385,3.356,1.6154,1.029,2837.9,77.72,292.13,0.001917,0.539,3,Severe Dual Fouling
2026-02-17 04:15:00,19.309,30.384,143.34,85.11,26.83,48.5,11.854,9.736,4.514,3.522,2.1183,0.9925,2754.7,75.09,293.5,0.00194,0.4998,3,Severe Dual Fouling
2026-02-17 04:30:00,18.34,32.349,147.44,86.39,30.02,50.28,12.206,10.259,4.547,3.498,1.9471,1.0487,2742.95,74.92,292.88,0.002004,0.5199,3,Severe Dual Fouling
2026-02-17 04:45:00,21.878,35.007,147.65,89.12,26.49,47.91,12.196,9.478,4.269,2.832,2.7182,1.4367,3137.47,79.75,314.74,0.001696,0.4831,3,Severe Dual Fouling
2026-02-17 05:00:00,17.347,33.356,146.0,83.08,25.37,44.53,12.268,10.555,4.51,3.175,1.7124,1.3352,2674.0,77.54,275.89,0.002136,0.5216,3,Severe Dual Fouling
2026-02-17 05:15:00,18.849,33.082,145.37,85.57,28.7,48.65,11.926,10.237,4.443,3.174,1.6881,1.2693,2761.26,75.04,294.36,0.001966,0.5125,3,Severe Dual Fouling
2026-02-17 05:30:00,20.666,34.063,143.54,86.4,27.47,47.77,12.242,10.095,4.518,3.148,2.1473,1.3694,2893.06,75.87,305.07,0.001822,0.4923,3,Severe Dual Fouling
2026-02-17 05:45:00,18.625,30.947,150.67,85.58,26.42,49.36,12.1,10.121,4.53,3.549,1.9788,0.9812,2970.01,78.36,303.22,0.001865,0.5238,3,Severe Dual Fouling
2026-02-17 06:00:00,18.519,30.486,146.18,89.59,28.29,48.42,12.1,10.204,4.652,3.758,1.8966,0.894,2567.33,78.12,262.92,0.002277,0.48,3,Severe Dual Fouling
2026-02-17 06:15:00,18.624,33.241,146.44,83.48,28.38,49.04,12.337,10.486,4.469,3.153,1.8512,1.3158,2872.51,74.25,309.48,0.001751,0.5333,3,Severe Dual Fouling
2026-02-17 06:30:00,18.951,32.74,144.03,90.65,30.35,48.45,11.708,9.96,4.431,3.349,1.7472,1.0829,2478.39,76.59,258.89,0.002291,0.4696,3,Severe Dual Fouling
2026-02-17 06:45:00,17.742,33.255,144.6,82.33,27.56,47.02,11.808,10.047,4.502,3.374,1.7609,1.1276,2706.64,74.13,292.11,0.00192,0.532,3,Severe Dual Fouling
2026-02-17 07:00:00,19.13,31.196,141.05,85.26,28.38,48.42,11.739,9.653,4.301,3.28,2.0859,1.0206,2614.81,73.31,285.36,0.002076,0.4952,3,Severe Dual Fouling
2026-02-17 07:15:00,17.785,32.619,146.62,79.84,26.11,47.43,11.935,10.401,4.481,3.436,1.534,1.0454,2909.8,74.15,313.93,0.001701,0.5541,3,Severe Dual Fouling
2026-02-17 07:30:00,16.858,32.505,140.52,77.0,27.9,47.19,11.549,9.976,4.411,3.319,1.5729,1.0918,2623.15,68.86,304.73,0.001732,0.564,3,Severe Dual Fouling
2026-02-17 07:45:00,18.671,32.052,143.22,81.21,26.93,48.09,11.966,10.035,4.3,3.096,1.9315,1.2044,2836.5,72.8,311.7,0.001786,0.5333,3,Severe Dual Fouling
2026-02-17 08:00:00,18.616,34.754,145.06,83.38,28.68,48.03,11.889,10.219,4.311,3.039,1.6703,1.2725,2813.49,73.86,304.76,0.001797,0.53,3,Severe Dual Fouling
2026-02-17 08:15:00,17.669,32.707,149.35,87.02,29.13,48.84,11.846,10.056,4.51,3.333,1.7897,1.1768,2698.29,77.25,279.43,0.002118,0.5185,3,Severe Dual Fouling
2026-02-17 08:30:00,19.231,31.724,147.16,85.24,29.63,51.61,11.63,9.847,4.416,3.36,1.7828,1.0565,2917.46,73.78,316.33,0.00167,0.5269,3,Severe Dual Fouling
2026-02-17 08:45:00,19.583,32.736,151.49,91.74,29.41,50.34,12.18,10.421,4.492,3.307,1.7595,1.1844,2866.76,80.19,286.01,0.00201,0.4894,3,Severe Dual Fouling
2026-02-17 09:00:00,19.777,31.453,145.46,83.03,28.5,51.48,12.293,10.106,4.321,3.387,2.187,0.9348,3024.54,72.48,333.85,0.001525,0.5337,3,Severe Dual Fouling
2026-02-17 09:15:00,17.479,32.97,138.87,79.86,27.79,46.11,11.636,9.963,4.431,3.236,1.6722,1.1944,2527.26,70.47,286.92,0.002004,0.5313,3,Severe Dual Fouling
2026-02-17 09:30:00,20.257,31.143,148.08,87.3,24.74,47.89,12.06,9.769,4.661,3.616,2.2907,1.0446,3016.41,79.91,301.98,0.001762,0.4928,3,Severe Dual Fouling
2026-02-17 09:45:00,18.881,34.136,146.71,84.32,27.29,47.5,12.116,10.197,4.368,3.274,1.9193,1.0936,2885.78,76.18,303.03,0.00173,0.5224,3,Severe Dual Fouling
2026-02-17 10:00:00,17.852,33.694,146.22,86.88,26.96,45.36,12.124,10.279,4.676,3.539,1.8445,1.1362,2595.29,78.62,264.08,0.002349,0.4975,3,Severe Dual Fouling
2026-02-17 10:15:00,20.481,33.96,144.3,90.7,29.82,48.75,12.111,9.942,4.621,3.361,2.1693,1.2599,2689.56,76.92,279.72,0.002008,0.4682,3,Severe Dual Fouling
2026-02-17 10:30:00,18.913,32.96,139.59,81.83,27.64,47.05,12.161,10.424,4.265,3.055,1.7375,1.2098,2676.54,71.66,298.79,0.001816,0.516,3,Severe Dual Fouling
2026-02-17 10:45:00,19.042,36.345,144.08,82.83,25.09,43.88,11.909,10.051,4.549,3.174,1.8581,1.3748,2857.44,77.03,296.75,0.001919,0.5147,3,Severe Dual Fouling
2026-02-17 11:00:00,18.74,30.432,144.78,83.72,29.44,51.45,11.913,9.985,4.426,3.444,1.928,0.9821,2803.39,72.05,311.26,0.001653,0.5294,3,Severe Dual Fouling
2026-02-17 11:15:00,17.509,32.625,145.09,84.01,29.98,49.17,11.773,9.931,4.448,3.445,1.8418,1.0038,2620.04,72.98,287.22,0.002064,0.5306,3,Severe Dual Fouling
2026-02-17 11:30:00,17.767,31.368,148.06,82.13,28.23,50.1,11.959,10.453,4.538,3.564,1.5065,0.9748,2869.59,73.75,311.28,0.001723,0.5502,3,Severe Dual Fouling
2026-02-17 11:45:00,20.252,28.034,146.75,88.53,27.87,52.5,11.988,9.845,4.459,3.576,2.1429,0.8829,2888.57,76.23,303.15,0.001853,0.4897,3,Severe Dual Fouling
2026-02-17 12:00:00,17.815,34.446,145.17,84.33,28.62,47.05,11.908,10.021,4.697,3.49,1.8865,1.2073,2655.45,74.93,283.53,0.002075,0.522,3,Severe Dual Fouling
2026-02-17 12:15:00,17.931,34.086,142.52,78.92,26.22,45.82,11.942,10.029,4.539,3.345,1.913,1.1945,2794.23,72.49,308.38,0.001722,0.5469,3,Severe Dual Fouling
2026-02-17 12:30:00,17.488,29.801,145.95,81.48,26.82,48.97,12.485,11.006,4.519,3.508,1.4788,1.0114,2762.03,73.81,299.37,0.001861,0.5411,3,Severe Dual Fouling
2026-02-17 12:45:00,18.885,32.211,148.4,89.31,28.02,48.31,12.206,10.1,4.68,3.64,2.1066,1.0403,2734.02,79.11,276.47,0.002154,0.4909,3,Severe Dual Fouling
2026-02-17 13:00:00,17.735,33.56,146.43,86.38,29.29,47.87,12.14,10.422,4.521,3.36,1.7176,1.161,2609.25,75.95,274.84,0.002192,0.5126,3,Severe Dual Fouling
2026-02-17 13:15:00,20.082,32.522,143.17,86.37,26.09,46.63,12.493,10.313,4.326,3.226,2.1797,1.1003,2794.76,76.99,290.39,0.00199,0.4852,3,Severe Dual Fouling
2026-02-17 13:30:00,18.124,30.933,144.08,88.84,29.08,48.03,11.656,9.937,4.425,3.33,1.7184,1.095,2452.58,76.48,256.55,0.002394,0.4803,3,Severe Dual Fouling
2026-02-17 13:45:00,19.679,30.519,147.01,86.62,26.53,49.33,11.975,9.714,4.493,3.507,2.2607,0.9865,2911.84,77.37,301.1,0.001813,0.5013,3,Severe Dual Fouling
2026-02-17 14:00:00,18.684,32.349,141.64,85.27,28.14,47.21,11.656,9.863,4.437,3.429,1.7928,1.0079,2580.34,74.22,278.12,0.002168,0.4967,3,Severe Dual Fouling
2026-02-17 14:15:00,19.135,30.304,143.4,83.77,28.2,50.25,12.015,10.208,4.602,3.542,1.807,1.0597,2795.81,72.75,307.43,0.00177,0.5176,3,Severe Dual Fouling
2026-02-17 14:30:00,19.009,33.148,144.78,83.33,28.66,49.29,12.451,10.623,4.425,3.16,1.8282,1.265,2861.89,73.19,312.8,0.001838,0.5292,3,Severe Dual Fouling
2026-02-17 14:45:00,17.566,31.197,139.84,81.06,28.42,47.8,12.139,10.435,4.403,3.264,1.7038,1.1392,2529.78,70.51,287.01,0.001933,0.5276,3,Severe Dual Fouling
2026-02-17 15:00:00,18.25,33.008,146.97,83.63,29.21,49.71,12.145,10.473,4.632,3.497,1.6714,1.1353,2832.24,73.78,307.09,0.001834,0.5379,3,Severe Dual Fouling
2026-02-17 15:15:00,18.044,28.84,144.7,82.9,26.76,49.4,11.766,9.937,4.498,3.594,1.8297,0.9032,2732.12,74.0,295.37,0.002011,0.524,3,Severe Dual Fouling
2026-02-17 15:30:00,19.101,30.203,145.06,86.39,29.15,50.88,12.204,10.515,4.436,3.363,1.6887,1.0732,2745.98,74.19,296.12,0.001957,0.5062,3,Severe Dual Fouling
2026-02-17 15:45:00,20.791,31.351,142.23,84.38,26.99,49.46,12.145,9.95,4.401,3.299,2.1954,1.1026,2946.75,73.67,319.99,0.001693,0.502,3,Severe Dual Fouling
2026-02-17 16:00:00,16.82,30.538,146.82,83.16,29.03,49.56,11.525,9.935,4.466,3.516,1.5905,0.9495,2623.31,73.6,285.15,0.002002,0.5405,3,Severe Dual Fouling
2026-02-17 16:15:00,18.224,32.697,147.39,86.11,28.86,48.85,11.914,10.334,4.45,3.232,1.58,1.2178,2735.84,76.04,287.85,0.002096,0.517,3,Severe Dual Fouling
2026-02-17 16:30:00,16.876,32.875,141.23,74.91,27.03,46.97,11.803,10.259,4.487,3.394,1.5435,1.0935,2742.33,68.47,320.41,0.001599,0.5808,3,Severe Dual Fouling
2026-02-17 16:45:00,18.191,33.251,148.31,83.04,26.23,47.14,12.115,10.568,4.597,3.375,1.5469,1.2218,2908.92,76.86,302.77,0.001841,0.5347,3,Severe Dual Fouling
2026-02-17 17:00:00,17.989,33.599,142.82,81.6,29.28,48.48,12.266,10.658,4.537,3.448,1.6077,1.0893,2698.21,71.28,302.85,0.001849,0.5392,3,Severe Dual Fouling
2026-02-17 17:15:00,18.569,35.585,142.25,82.7,27.7,45.9,11.877,10.271,4.57,3.35,1.6054,1.2208,2709.46,73.75,293.89,0.001868,0.5199,3,Severe Dual Fouling
2026-02-17 17:30:00,18.418,29.693,147.31,82.95,28.42,51.79,11.857,10.0,4.442,3.454,1.8575,0.9877,2904.16,73.12,317.76,0.001657,0.5413,3,Severe Dual Fouling
2026-02-17 17:45:00,18.307,32.881,147.95,86.25,26.66,46.77,11.663,9.788,4.399,3.266,1.875,1.1337,2767.73,78.56,281.85,0.002107,0.5087,3,Severe Dual Fouling
2026-02-17 18:00:00,20.124,30.568,145.34,83.26,28.2,52.14,12.065,10.07,4.453,3.497,1.9955,0.9558,3061.02,72.47,337.92,0.001515,0.53,3,Severe Dual Fouling
2026-02-17 18:15:00,17.784,33.024,141.3,84.5,30.92,48.83,12.09,10.379,4.484,3.38,1.7117,1.1045,2474.49,71.26,277.79,0.002174,0.5146,3,Severe Dual Fouling
2026-02-17 18:30:00,19.65,33.528,145.74,87.67,28.26,48.18,12.112,9.837,4.542,3.224,2.2746,1.3172,2795.31,76.92,290.74,0.002005,0.4942,3,Severe Dual Fouling
2026-02-17 18:45:00,16.003,31.79,143.45,78.74,28.49,47.57,11.889,10.49,4.559,3.546,1.3991,1.0127,2537.18,70.63,287.4,0.001987,0.5629,3,Severe Dual Fouling
2026-02-17 19:00:00,19.204,29.698,142.57,88.0,26.73,47.39,11.89,10.004,4.448,3.58,1.8861,0.8676,2567.12,76.99,266.75,0.002145,0.471,3,Severe Dual Fouling
2026-02-17 19:15:00,19.691,33.428,144.91,88.69,24.43,43.82,11.888,9.843,4.535,3.24,2.0453,1.2956,2712.32,81.29,266.93,0.002279,0.4666,3,Severe Dual Fouling
2026-02-17 19:30:00,19.121,30.148,147.29,87.48,26.87,49.08,11.649,9.634,4.351,3.288,2.0152,1.0632,2801.5,77.9,287.69,0.002002,0.4966,3,Severe Dual Fouling
2026-02-17 19:45:00,17.838,30.844,143.36,76.01,26.57,49.38,12.001,10.239,4.425,3.337,1.7622,1.0876,2943.15,69.34,339.55,0.001524,0.5767,3,Severe Dual Fouling
2026-02-17 20:00:00,21.249,31.493,146.98,90.31,29.25,51.64,11.792,9.516,4.437,3.37,2.2759,1.0668,2950.72,76.93,306.85,0.001789,0.4814,3,Severe Dual Fouling
2026-02-17 20:15:00,16.744,31.005,146.54,84.84,28.25,47.76,12.09,10.647,4.483,3.361,1.4437,1.1218,2530.87,75.74,267.33,0.002227,0.5216,3,Severe Dual Fouling
2026-02-17 20:30:00,21.229,30.645,144.04,90.97,26.56,48.09,12.261,9.694,4.638,3.557,2.5665,1.0803,2759.95,79.13,279.01,0.00206,0.4517,3,Severe Dual Fouling
2026-02-17 20:45:00,20.273,33.45,147.38,89.71,31.65,52.12,12.157,9.759,4.434,3.268,2.3982,1.1658,2864.42,75.13,305.01,0.001868,0.4983,3,Severe Dual Fouling
2026-02-17 21:00:00,18.87,33.74,146.85,89.77,28.72,47.41,11.96,10.263,4.334,2.997,1.6964,1.3371,2638.94,78.69,268.3,0.002136,0.4832,3,Severe Dual Fouling
2026-02-17 21:15:00,17.402,33.369,147.36,79.93,30.72,51.31,11.994,10.23,4.629,3.503,1.7641,1.1257,2875.13,70.03,328.43,0.001537,0.5781,3,Severe Dual Fouling
2026-02-17 21:30:00,19.507,31.989,142.7,84.6,27.12,47.86,11.945,9.838,4.559,3.364,2.1074,1.1948,2776.83,74.61,297.75,0.001834,0.5027,3,Severe Dual Fouling
2026-02-17 21:45:00,18.211,33.356,143.27,81.95,28.98,48.58,11.815,9.935,4.542,3.41,1.8805,1.1322,2735.62,71.82,304.73,0.001829,0.5365,3,Severe Dual Fouling
2026-02-17 22:00:00,20.323,28.574,149.82,92.63,30.81,54.63,11.922,9.961,4.589,3.706,1.9612,0.883,2847.26,77.31,294.64,0.001854,0.4805,3,Severe Dual Fouling
2026-02-17 22:15:00,19.959,30.646,144.01,90.08,30.05,50.62,11.963,10.009,4.449,3.372,1.9544,1.0767,2637.46,75.48,279.53,0.002153,0.4733,3,Severe Dual Fouling
2026-02-17 22:30:00,14.859,30.789,142.04,76.14,28.11,46.73,12.121,11.027,4.611,3.606,1.0943,1.0052,2399.0,68.99,278.16,0.002046,0.5784,3,Severe Dual Fouling
2026-02-17 22:45:00,17.795,31.871,145.34,82.0,27.37,48.07,12.285,10.787,4.621,3.403,1.4977,1.2179,2761.27,73.92,298.86,0.001917,0.5369,3,Severe Dual Fouling
2026-02-17 23:00:00,18.836,31.416,146.42,87.16,28.16,48.97,11.732,9.975,4.624,3.696,1.7576,0.9285,2735.13,76.62,285.58,0.001987,0.5012,3,Severe Dual Fouling
2026-02-17 23:15:00,16.782,29.466,145.95,79.74,26.61,48.69,12.069,10.697,4.51,3.488,1.3718,1.0225,2722.39,72.98,298.41,0.001925,0.5548,3,Severe Dual Fouling
2026-02-17 23:30:00,18.728,30.425,148.75,88.41,28.45,50.2,11.983,10.0,4.52,3.615,1.9834,0.9055,2768.72,77.66,285.21,0.001993,0.5016,3,Severe Dual Fouling
2026-02-17 23:45:00,18.774,32.117,146.37,83.94,28.7,50.07,12.006,10.343,4.704,3.511,1.6623,1.1925,2871.6,73.88,310.96,0.001744,0.5306,3,Severe Dual Fouling
2026-02-18 00:00:00,18.442,33.897,140.27,84.84,30.28,47.94,12.179,10.397,4.495,3.385,1.782,1.1097,2504.07,71.79,279.03,0.002122,0.5039,3,Severe Dual Fouling
2026-02-18 00:15:00,16.877,33.949,148.35,82.91,30.27,49.31,11.936,10.446,4.466,3.336,1.4897,1.1308,2705.78,73.41,294.87,0.00182,0.5542,3,Severe Dual Fouling
2026-02-18 00:30:00,18.557,33.587,146.35,81.2,28.28,49.36,12.229,10.561,4.513,3.272,1.6684,1.2408,2961.94,72.74,325.76,0.001615,0.5518,3,Severe Dual Fouling
2026-02-18 00:45:00,17.474,33.738,142.86,80.27,27.58,46.56,11.906,10.434,4.606,3.368,1.4719,1.2376,2679.4,72.31,296.42,0.001981,0.5429,3,Severe Dual Fouling
2026-02-18 01:00:00,18.782,31.901,146.1,88.77,27.98,47.75,12.167,10.211,4.424,3.292,1.9558,1.1319,2638.13,78.07,270.33,0.002176,0.4854,3,Severe Dual Fouling
2026-02-18 01:15:00,19.892,30.464,144.05,89.5,28.33,49.18,12.148,10.338,4.537,3.608,1.8094,0.9294,2658.34,76.79,276.93,0.002182,0.4714,3,Severe Dual Fouling
2026-02-18 01:30:00,18.151,31.225,149.84,82.77,23.94,46.77,12.019,10.259,4.276,3.245,1.7599,1.0308,2982.73,78.9,302.45,0.001772,0.5327,3,Severe Dual Fouling
2026-02-18 01:45:00,17.943,27.89,146.06,84.46,27.14,50.35,11.927,10.235,4.49,3.625,1.6916,0.8658,2708.06,74.88,289.31,0.0019,0.518,3,Severe Dual Fouling
2026-02-18 02:00:00,16.564,33.58,147.65,83.29,27.15,45.74,12.024,10.703,4.624,3.409,1.3213,1.2152,2611.84,76.76,272.19,0.002225,0.5341,3,Severe Dual Fouling
2026-02-18 02:15:00,19.541,32.326,143.53,86.41,29.34,49.56,12.156,10.387,4.558,3.358,1.7686,1.1997,2734.5,73.99,295.67,0.002,0.5002,3,Severe Dual Fouling
2026-02-18 02:30:00,20.34,31.869,143.48,86.79,26.6,47.79,11.812,9.888,4.676,3.515,1.9234,1.1606,2825.01,76.57,295.14,0.001844,0.485,3,Severe Dual Fouling
2026-02-18 02:45:00,18.198,34.795,147.67,81.35,25.43,45.74,11.798,9.943,4.525,3.26,1.855,1.2646,2956.78,76.64,308.65,0.001824,0.5425,3,Severe Dual Fouling
2026-02-18 03:00:00,16.706,30.089,138.69,77.77,28.41,48.22,12.133,10.672,4.572,3.541,1.4612,1.0304,2493.55,67.85,294.0,0.001991,0.5524,3,Severe Dual Fouling
2026-02-18 03:15:00,19.977,29.828,141.29,83.03,27.41,50.25,11.954,9.989,4.336,3.279,1.965,1.057,2851.59,71.88,317.38,0.001703,0.5116,3,Severe Dual Fouling
2026-02-18 03:30:00,18.262,33.976,146.05,85.13,27.97,47.15,12.102,10.157,4.554,3.23,1.945,1.3243,2725.91,76.13,286.44,0.001929,0.516,3,Severe Dual Fouling
2026-02-18 03:45:00,17.12,30.129,142.75,82.72,27.56,47.53,12.043,10.356,4.478,3.403,1.6864,1.0742,2518.19,73.37,274.56,0.002188,0.5212,3,Severe Dual Fouling
2026-02-18 04:00:00,17.708,31.832,146.63,80.44,28.97,50.53,12.102,10.282,4.452,3.4,1.8193,1.053,2871.71,71.48,321.41,0.001555,0.5626,3,Severe Dual Fouling
2026-02-18 04:15:00,18.56,32.729,147.12,85.19,26.86,47.43,12.114,10.076,4.632,3.598,2.0378,1.0335,2816.02,77.17,291.91,0.001862,0.515,3,Severe Dual Fouling
2026-02-18 04:30:00,18.107,29.971,143.97,79.98,26.02,48.66,12.262,10.338,4.513,3.54,1.9234,0.9732,2838.99,72.69,312.46,0.001864,0.5425,3,Severe Dual Fouling
2026-02-18 04:45:00,18.463,28.712,144.15,88.3,29.31,50.34,12.306,10.398,4.343,3.418,1.9074,0.9256,2526.71,75.05,269.32,0.00219,0.4864,3,Severe Dual Fouling
2026-02-18 05:00:00,19.774,32.126,145.69,87.1,27.26,48.37,12.031,10.05,4.337,3.237,1.9812,1.0997,2838.23,77.07,294.63,0.001882,0.4947,3,Severe Dual Fouling
2026-02-18 05:15:00,16.947,31.201,143.3,82.18,25.36,44.8,12.048,10.514,4.478,3.309,1.5339,1.1694,2537.49,75.76,267.94,0.002264,0.5182,3,Severe Dual Fouling
2026-02-18 05:30:00,18.109,31.092,146.67,84.07,26.83,48.18,12.233,10.57,4.516,3.453,1.6638,1.0631,2777.65,76.01,292.35,0.002016,0.5224,3,Severe Dual Fouling
2026-02-18 05:45:00,19.538,29.719,143.76,83.66,26.72,49.86,12.184,10.111,4.625,3.56,2.073,1.0651,2876.77,73.88,311.5,0.001718,0.5135,3,Severe Dual Fouling
2026-02-18 06:00:00,20.454,30.884,142.92,87.33,29.72,51.28,11.944,9.522,4.551,3.654,2.4216,0.8971,2785.47,73.32,303.94,0.001856,0.491,3,Severe Dual Fouling
2026-02-18 06:15:00,17.414,31.05,149.0,84.72,28.39,49.5,12.39,10.739,4.648,3.546,1.6505,1.1025,2742.82,75.88,289.17,0.002046,0.533,3,Severe Dual Fouling
2026-02-18 06:30:00,17.973,33.523,148.14,85.45,27.1,46.78,11.829,10.209,4.445,3.322,1.6196,1.1234,2760.54,77.89,283.54,0.002008,0.5179,3,Severe Dual Fouling
2026-02-18 06:45:00,19.227,31.659,146.34,86.11,24.55,45.97,12.214,10.419,4.492,3.558,1.7958,0.9336,2836.92,79.39,285.88,0.002054,0.4945,3,Severe Dual Fouling
2026-02-18 07:00:00,18.119,28.754,145.79,79.61,28.11,52.53,11.782,10.1,4.717,3.825,1.6813,0.8925,2937.63,70.32,334.2,0.001552,0.5624,3,Severe Dual Fouling
2026-02-18 07:15:00,19.446,30.29,143.96,86.69,28.59,50.12,12.185,10.297,4.478,3.505,1.8881,0.973,2728.31,74.55,292.79,0.00192,0.4964,3,Severe Dual Fouling
2026-02-18 07:30:00,17.49,29.44,146.32,81.87,26.9,49.33,12.248,10.566,4.315,3.345,1.6812,0.9704,2761.94,74.0,298.59,0.00178,0.5397,3,Severe Dual Fouling
2026-02-18 07:45:00,17.395,32.795,142.65,75.77,25.91,46.68,11.837,10.129,4.698,3.525,1.7082,1.1727,2850.29,70.42,323.82,0.001564,0.5729,3,Severe Dual Fouling
2026-02-18 08:00:00,17.433,29.844,147.9,83.18,26.62,48.75,12.337,10.784,4.541,3.606,1.5526,0.9349,2763.94,75.87,291.43,0.00197,0.5336,3,Severe Dual Fouling
2026-02-18 08:15:00,18.544,34.191,147.8,89.94,27.13,45.5,12.054,10.278,4.406,3.15,1.776,1.2565,2628.34,80.96,259.73,0.002296,0.4794,3,Severe Dual Fouling
2026-02-18 08:30:00,19.159,30.767,147.85,86.82,27.67,49.92,12.29,10.414,4.522,3.39,1.8765,1.1315,2864.78,76.92,297.94,0.001848,0.5078,3,Severe Dual Fouling
2026-02-18 08:45:00,17.468,32.949,144.47,81.8,25.05,44.51,11.808,10.168,4.541,3.247,1.64,1.2937,2682.19,76.33,281.13,0.002072,0.5248,3,Severe Dual Fouling
2026-02-18 09:00:00,17.88,32.055,147.67,80.93,26.39,48.19,12.014,10.342,4.548,3.548,1.6723,0.9996,2923.47,74.77,312.78,0.001697,0.5503,3,Severe Dual Fouling
2026-02-18 09:15:00,16.939,33.347,141.29,82.26,30.13,47.69,12.432,11.02,4.426,3.347,1.4116,1.0794,2449.59,70.86,276.57,0.002112,0.531,3,Severe Dual Fouling
2026-02-18 09:30:00,19.594,32.28,143.19,87.08,28.1,48.04,11.924,9.786,4.75,3.757,2.1383,0.9933,2693.39,75.63,284.9,0.002062,0.4875,3,Severe Dual Fouling
2026-02-18 09:45:00,18.753,36.476,144.76,78.2,24.09,44.13,12.438,10.649,4.449,3.065,1.7888,1.3837,3057.73,74.98,326.23,0.001599,0.5515,3,Severe Dual Fouling
2026-02-18 10:00:00,16.524,32.91,150.8,83.57,28.43,48.2,11.722,10.087,4.54,3.34,1.6356,1.2006,2721.73,76.43,284.88,0.002084,0.5494,3,Severe Dual Fouling
2026-02-18 10:15:00,17.733,33.718,143.66,82.67,31.9,50.69,11.872,10.361,4.58,3.457,1.511,1.1235,2650.04,69.75,303.94,0.001756,0.5458,3,Severe Dual Fouling
2026-02-18 10:30:00,18.932,31.555,147.98,87.48,26.6,47.86,12.139,10.3,4.441,3.263,1.839,1.178,2806.29,78.88,284.61,0.002113,0.4984,3,Severe Dual Fouling
2026-02-18 10:45:00,18.666,33.501,144.81,82.3,26.52,46.92,11.782,9.828,4.499,3.235,1.954,1.2639,2858.72,74.87,305.46,0.00179,0.5285,3,Severe Dual Fouling
2026-02-18 11:00:00,19.778,31.559,144.49,85.27,26.02,47.75,12.176,9.967,4.491,3.456,2.2086,1.0349,2869.54,76.47,300.19,0.001877,0.4999,3,Severe Dual Fouling
2026-02-18 11:15:00,16.934,33.49,142.55,79.96,29.82,48.35,12.023,10.351,4.534,3.227,1.672,1.3071,2596.94,69.87,297.35,0.001888,0.5552,3,Severe Dual Fouling
2026-02-18 11:30:00,19.347,31.887,148.66,85.62,26.9,49.29,12.172,10.087,4.556,3.591,2.0848,0.9659,2987.81,77.27,309.33,0.001822,0.5177,3,Severe Dual Fouling
2026-02-18 11:45:00,18.882,29.811,145.98,91.42,32.9,53.14,12.322,10.354,4.422,3.456,1.9674,0.9661,2524.05,74.36,271.53,0.002113,0.4825,3,Severe Dual Fouling
2026-02-18 12:00:00,18.37,33.317,147.0,88.05,29.78,48.82,11.975,10.189,4.626,3.346,1.7864,1.2795,2653.25,76.49,277.48,0.002097,0.5029,3,Severe Dual Fouling
2026-02-18 12:15:00,16.694,31.109,146.71,74.19,24.12,46.9,11.793,10.26,4.439,3.437,1.5329,1.002,2965.85,72.1,329.07,0.001564,0.5915,3,Severe Dual Fouling
2026-02-18 12:30:00,19.862,30.605,141.97,81.12,29.02,52.14,11.896,9.956,4.517,3.562,1.9401,0.955,2961.29,69.26,342.06,0.001605,0.5388,3,Severe Dual Fouling
2026-02-18 12:45:00,19.857,32.48,145.04,87.71,27.27,47.79,11.919,10.125,4.47,3.353,1.7938,1.1168,2789.23,77.39,288.32,0.002057,0.4868,3,Severe Dual Fouling
2026-02-18 13:00:00,18.518,31.998,149.65,87.91,28.62,49.55,12.105,10.357,4.506,3.46,1.7486,1.0457,2801.01,77.92,287.58,0.001966,0.5101,3,Severe Dual Fouling
2026-02-18 13:15:00,16.265,36.171,146.9,82.38,27.26,44.25,12.087,10.76,4.545,3.317,1.3269,1.2282,2571.16,76.43,269.12,0.002227,0.5393,3,Severe Dual Fouling
2026-02-18 13:30:00,18.886,31.624,143.92,85.85,26.85,47.15,11.839,10.113,4.454,3.455,1.7259,0.9983,2686.55,76.34,281.54,0.002066,0.496,3,Severe Dual Fouling
2026-02-18 13:45:00,18.045,33.01,145.87,81.71,28.09,48.63,11.808,9.992,4.552,3.515,1.816,1.0369,2836.62,73.28,309.68,0.001665,0.5448,3,Severe Dual Fouling
2026-02-18 14:00:00,18.703,31.395,144.19,85.24,26.3,46.86,11.579,9.589,4.372,3.365,1.9898,1.0072,2701.1,76.54,282.34,0.001931,0.5,3,Severe Dual Fouling
2026-02-18 14:15:00,18.852,33.002,146.43,85.32,30.26,50.71,12.111,10.257,4.525,3.299,1.8538,1.2256,2822.9,73.52,307.15,0.001904,0.5261,3,Severe Dual Fouling
2026-02-18 14:30:00,18.154,34.153,138.83,80.18,31.01,49.27,12.0,10.181,4.618,3.464,1.8187,1.1536,2608.49,67.36,309.79,0.001776,0.544,3,Severe Dual Fouling
2026-02-18 14:45:00,18.041,29.777,146.91,84.05,30.01,52.31,12.056,10.375,4.232,3.317,1.6811,0.9151,2778.3,72.44,306.85,0.001855,0.5377,3,Severe Dual Fouling
2026-02-18 15:00:00,17.432,33.645,147.97,84.04,29.42,48.82,11.673,9.911,4.594,3.37,1.7615,1.2247,2730.3,74.68,292.47,0.001977,0.5393,3,Severe Dual Fouling
2026-02-18 15:15:00,19.949,33.676,144.17,85.36,27.34,47.74,11.858,9.838,4.582,3.327,2.0196,1.2545,2874.29,75.61,304.12,0.001829,0.5034,3,Severe Dual Fouling
2026-02-18 15:30:00,18.119,29.39,145.96,85.23,29.79,51.72,12.354,10.83,4.566,3.722,1.5248,0.8434,2695.75,73.13,294.9,0.001946,0.5228,3,Severe Dual Fouling
2026-02-18 15:45:00,19.218,32.846,151.07,84.06,28.13,51.09,12.339,10.481,4.639,3.419,1.8577,1.2204,3154.91,75.84,332.81,0.001536,0.545,3,Severe Dual Fouling
2026-02-18 16:00:00,18.311,28.392,149.5,83.96,27.54,52.29,12.157,10.441,4.525,3.735,1.7167,0.7894,2940.32,74.97,313.77,0.001694,0.5374,3,Severe Dual Fouling
2026-02-18 16:15:00,19.053,33.578,142.08,77.56,26.68,48.12,12.043,10.113,4.484,3.171,1.9301,1.3126,3011.86,70.24,343.05,0.001428,0.5591,3,Severe Dual Fouling
2026-02-18 16:30:00,16.507,31.677,141.68,77.74,25.36,44.87,11.589,10.032,4.698,3.739,1.5572,0.959,2585.67,72.34,285.95,0.001955,0.5497,3,Severe Dual Fouling
2026-02-18 16:45:00,18.643,33.118,144.87,83.54,27.32,47.54,12.044,10.364,4.521,3.369,1.6801,1.1517,2801.28,74.91,299.17,0.001875,0.5217,3,Severe Dual Fouling
2026-02-18 17:00:00,19.766,29.368,143.81,89.9,27.21,48.46,12.134,10.209,4.372,3.39,1.9256,0.9825,2610.88,77.88,268.2,0.002185,0.4624,3,Severe Dual Fouling
2026-02-18 17:15:00,17.873,31.57,146.54,84.24,25.69,46.34,11.941,10.128,4.503,3.559,1.8127,0.9438,2727.78,77.52,281.49,0.002036,0.5155,3,Severe Dual Fouling
2026-02-18 17:30:00,19.563,31.607,148.35,83.51,25.54,49.04,11.945,10.013,4.578,3.436,1.9321,1.1421,3107.47,76.79,323.73,0.001641,0.528,3,Severe Dual Fouling
2026-02-18 17:45:00,18.548,30.155,146.83,85.47,26.12,48.22,12.078,10.045,4.448,3.504,2.0332,0.9439,2788.21,77.33,288.46,0.001976,0.5083,3,Severe Dual Fouling
2026-02-18 18:00:00,17.636,29.409,147.9,85.22,28.26,50.27,11.954,10.415,4.506,3.585,1.5387,0.9206,2708.11,75.48,287.04,0.001957,0.5239,3,Severe Dual Fouling
2026-02-18 18:15:00,17.89,32.469,147.81,86.02,28.57,48.51,12.395,10.489,4.507,3.216,1.9056,1.2906,2708.38,76.47,283.32,0.002051,0.5182,3,Severe Dual Fouling
2026-02-18 18:30:00,19.963,29.373,150.28,91.09,28.75,52.3,12.026,9.78,4.552,3.727,2.2455,0.8251,2894.83,78.82,293.82,0.001884,0.487,3,Severe Dual Fouling
2026-02-18 18:45:00,18.068,33.726,144.34,78.88,28.15,48.68,12.066,10.342,4.594,3.377,1.7238,1.2177,2897.52,70.84,327.24,0.001643,0.5634,3,Severe Dual Fouling
2026-02-18 19:00:00,19.185,32.074,148.2,83.02,28.63,51.46,11.716,9.578,4.353,3.312,2.1376,1.041,3063.74,73.55,333.25,0.001589,0.5451,3,Severe Dual Fouling
2026-02-18 19:15:00,19.017,32.076,145.36,87.78,26.35,46.34,12.239,10.464,4.418,3.369,1.7746,1.0494,2682.55,78.74,272.55,0.002215,0.4838,3,Severe Dual Fouling
2026-02-18 19:30:00,18.902,34.026,145.85,84.22,27.44,47.49,12.104,9.991,4.545,3.389,2.1122,1.1557,2854.32,75.67,301.76,0.001795,0.5205,3,Severe Dual Fouling
2026-02-18 19:45:00,16.168,29.532,141.7,73.42,29.6,51.49,11.99,10.507,4.504,3.625,1.4838,0.8782,2704.8,64.25,336.79,0.001483,0.6091,3,Severe Dual Fouling
2026-02-18 20:00:00,20.182,33.341,142.87,84.45,27.57,48.28,11.926,9.929,4.531,3.305,1.9978,1.2261,2888.48,74.14,311.66,0.001729,0.5067,3,Severe Dual Fouling
2026-02-18 20:15:00,18.912,29.358,142.39,85.2,28.02,49.59,11.539,9.77,4.39,3.387,1.7684,1.0032,2649.9,73.56,288.19,0.001956,0.5,3,Severe Dual Fouling
2026-02-18 20:30:00,17.632,31.803,145.44,85.99,28.49,47.79,12.039,10.476,4.551,3.49,1.5629,1.0608,2568.37,75.82,271.01,0.002157,0.5083,3,Severe Dual Fouling
2026-02-18 20:45:00,19.627,30.294,147.52,87.62,28.68,51.4,11.889,9.983,4.465,3.377,1.9066,1.0881,2880.27,76.02,303.09,0.001884,0.504,3,Severe Dual Fouling
2026-02-18 21:00:00,16.928,31.672,146.62,82.05,28.31,48.52,12.01,10.565,4.682,3.663,1.4457,1.0186,2678.0,73.7,290.68,0.00184,0.5458,3,Severe Dual Fouling
2026-02-18 21:15:00,18.884,33.728,142.59,83.15,27.79,47.27,12.279,10.322,4.481,3.315,1.9568,1.1665,2749.8,73.54,299.12,0.001899,0.5177,3,Severe Dual Fouling
2026-02-18 21:30:00,17.232,31.639,148.48,80.89,29.47,51.03,12.213,10.454,4.456,3.471,1.7598,0.9851,2853.62,72.0,317.06,0.001664,0.5679,3,Severe Dual Fouling
2026-02-18 21:45:00,17.629,31.739,146.05,83.52,30.5,50.84,11.927,10.13,4.559,3.54,1.7965,1.0185,2700.55,72.07,299.75,0.001857,0.5411,3,Severe Dual Fouling
2026-02-18 22:00:00,20.191,28.879,141.86,90.14,28.84,50.02,12.163,10.051,4.566,3.636,2.1114,0.93,2558.75,75.54,270.97,0.00224,0.4577,3,Severe Dual Fouling
2026-02-18 22:15:00,18.951,31.068,145.97,84.3,28.13,50.15,12.026,9.982,4.613,3.473,2.0432,1.1406,2863.18,74.24,308.52,0.001891,0.5233,3,Severe Dual Fouling
2026-02-18 22:30:00,18.065,33.588,145.13,82.52,27.93,47.64,11.863,10.208,4.424,3.328,1.6545,1.0962,2770.72,73.98,299.62,0.001861,0.5341,3,Severe Dual Fouling
2026-02-18 22:45:00,19.407,30.366,146.92,88.18,26.7,48.68,12.403,10.313,4.565,3.459,2.0908,1.1056,2792.85,78.43,284.88,0.002084,0.4886,3,Severe Dual Fouling
2026-02-18 23:00:00,18.131,34.732,147.52,82.11,24.65,44.64,11.803,10.245,4.491,3.088,1.5578,1.4031,2905.47,77.98,298.08,0.001947,0.5323,3,Severe Dual Fouling
2026-02-18 23:15:00,17.093,33.296,145.51,78.96,28.2,48.21,12.222,10.472,4.465,3.363,1.7504,1.1023,2786.97,71.52,311.73,0.001771,0.5673,3,Severe Dual Fouling
2026-02-18 23:30:00,17.427,31.232,142.74,81.78,24.64,44.56,11.842,10.06,4.564,3.497,1.7819,1.0663,2602.95,75.82,274.65,0.002074,0.5162,3,Severe Dual Fouling
2026-02-18 23:45:00,17.509,34.746,140.18,79.78,27.83,45.65,12.227,10.726,4.576,3.359,1.5008,1.2171,2590.7,71.13,291.38,0.001942,0.5376,3,Severe Dual Fouling
2026-02-19 00:00:00,18.078,32.585,146.11,80.48,27.92,49.24,12.031,10.413,4.284,3.226,1.6173,1.0573,2906.82,72.47,320.87,0.001623,0.5553,3,Severe Dual Fouling
2026-02-19 00:15:00,17.62,32.933,146.84,82.11,29.09,49.37,12.187,10.75,4.443,3.196,1.4374,1.2468,2794.07,73.01,306.16,0.001782,0.5497,3,Severe Dual Fouling
2026-02-19 00:30:00,20.462,30.662,143.02,86.15,27.18,49.4,12.111,9.786,4.535,3.463,2.3249,1.0716,2850.54,74.97,304.2,0.001958,0.4909,3,Severe Dual Fouling
2026-02-19 00:45:00,18.137,33.902,141.87,81.62,25.08,43.96,11.836,9.997,4.582,3.231,1.8391,1.3509,2677.37,75.34,284.29,0.002078,0.5159,3,Severe Dual Fouling
2026-02-19 01:00:00,19.406,31.508,147.03,85.39,27.02,49.25,12.047,10.203,4.54,3.435,1.8441,1.1052,2930.67,76.39,306.91,0.001797,0.5136,3,Severe Dual Fouling
2026-02-19 01:15:00,19.736,31.828,147.96,87.57,26.91,48.84,12.001,9.836,4.721,3.545,2.1648,1.1757,2919.79,78.32,298.24,0.001874,0.4989,3,Severe Dual Fouling
2026-02-19 01:30:00,17.015,33.139,145.29,79.67,26.33,46.06,11.762,10.071,4.493,3.25,1.6906,1.2427,2735.84,73.93,296.06,0.001938,0.5517,3,Severe Dual Fouling
2026-02-19 01:45:00,19.521,30.917,148.6,89.72,25.97,47.74,11.82,9.743,4.642,3.527,2.0762,1.1145,2815.96,80.89,278.48,0.002105,0.4801,3,Severe Dual Fouling
2026-02-19 02:00:00,18.991,33.953,152.14,90.4,28.76,48.98,11.828,9.753,4.604,3.53,2.0752,1.074,2872.58,80.63,285.01,0.002057,0.5004,3,Severe Dual Fouling
2026-02-19 02:15:00,15.73,31.817,146.4,82.66,28.02,46.48,11.908,10.51,4.538,3.53,1.3982,1.0076,2456.6,75.02,261.98,0.002293,0.5385,3,Severe Dual Fouling
2026-02-19 02:30:00,18.139,33.968,142.19,76.64,27.55,48.05,12.15,10.183,4.586,3.507,1.9667,1.0789,2912.99,69.19,336.82,0.001464,0.5718,3,Severe Dual Fouling
2026-02-19 02:45:00,18.605,33.761,148.88,88.3,28.09,47.64,12.235,10.297,4.454,3.364,1.9378,1.0903,2761.38,78.95,279.79,0.002193,0.5015,3,Severe Dual Fouling
2026-02-19 03:00:00,18.521,30.099,143.57,82.62,24.85,46.81,11.752,9.767,4.499,3.518,1.9852,0.9811,2765.87,75.59,292.71,0.001988,0.5134,3,Severe Dual Fouling
2026-02-19 03:15:00,17.912,32.712,148.21,84.98,30.71,50.98,12.481,10.824,4.653,3.504,1.6573,1.1494,2774.73,73.67,301.32,0.00185,0.5381,3,Severe Dual Fouling
2026-02-19 03:30:00,17.577,29.104,145.95,82.46,29.86,52.32,11.962,10.512,4.334,3.471,1.4499,0.8633,2734.14,71.16,307.4,0.001733,0.5469,3,Severe Dual Fouling
2026-02-19 03:45:00,18.153,33.316,142.31,81.51,28.79,48.19,11.923,10.023,4.367,3.226,1.9,1.1419,2704.16,71.43,302.86,0.001786,0.5356,3,Severe Dual Fouling
2026-02-19 04:00:00,18.168,33.22,141.76,84.76,29.78,48.03,12.153,10.347,4.535,3.224,1.8055,1.3106,2537.03,72.64,279.43,0.002156,0.509,3,Severe Dual Fouling
2026-02-19 04:15:00,17.658,31.296,143.48,82.67,29.7,49.79,11.7,9.819,4.554,3.589,1.8813,0.9651,2630.64,71.4,294.73,0.001993,0.5344,3,Severe Dual Fouling
2026-02-19 04:30:00,19.483,30.512,142.25,82.84,27.3,49.52,12.27,10.181,4.454,3.387,2.0887,1.067,2835.59,72.55,312.68,0.001694,0.5168,3,Severe Dual Fouling
2026-02-19 04:45:00,19.031,31.976,145.2,89.26,28.52,48.02,11.898,10.103,4.374,3.334,1.7947,1.0408,2608.54,77.53,269.16,0.002286,0.4795,3,Severe Dual Fouling
2026-02-19 05:00:00,17.518,34.845,148.97,85.13,29.79,48.58,12.152,10.333,4.616,3.491,1.8185,1.1243,2739.93,75.65,289.76,0.001994,0.5356,3,Severe Dual Fouling
2026-02-19 05:15:00,18.676,32.343,144.65,82.99,27.53,48.38,12.258,10.344,4.405,3.238,1.9139,1.1666,2821.63,74.0,305.04,0.001815,0.5265,3,Severe Dual Fouling
2026-02-19 05:30:00,18.153,31.481,143.78,84.63,28.69,48.66,11.924,10.399,4.542,3.433,1.5249,1.1088,2630.79,73.8,285.17,0.002035,0.514,3,Severe Dual Fouling
2026-02-19 05:45:00,17.35,28.547,144.74,76.6,28.53,52.78,12.265,10.578,4.524,3.573,1.6866,0.9518,2896.49,67.66,342.49,0.00149,0.5864,3,Severe Dual Fouling
2026-02-19 06:00:00,16.838,35.59,146.74,79.42,27.06,45.71,12.075,10.587,4.399,3.198,1.4879,1.2005,2777.21,74.05,300.04,0.001873,0.5625,3,Severe Dual Fouling
2026-02-19 06:15:00,18.573,32.266,147.18,88.53,31.67,51.44,11.605,9.717,4.42,3.219,1.888,1.2015,2668.78,74.62,286.12,0.002036,0.5077,3,Severe Dual Fouling
2026-02-19 06:30:00,18.119,34.631,142.85,79.78,23.65,42.97,11.837,10.26,4.544,3.289,1.5762,1.2552,2799.89,75.91,295.08,0.001882,0.5291,3,Severe Dual Fouling
2026-02-19 06:45:00,17.445,32.19,139.03,78.27,30.05,49.33,11.979,10.529,4.389,3.193,1.45,1.1963,2597.0,66.83,310.89,0.001699,0.5575,3,Severe Dual Fouling
2026-02-19 07:00:00,16.011,29.812,143.31,75.44,25.99,47.33,11.956,10.436,4.366,3.457,1.5207,0.9091,2662.48,70.16,303.58,0.001898,0.5785,3,Severe Dual Fouling
2026-02-19 07:15:00,19.201,33.425,141.59,84.31,27.52,46.78,11.949,9.914,4.49,3.251,2.0342,1.2391,2694.56,74.18,290.59,0.002036,0.5021,3,Severe Dual Fouling
2026-02-19 07:30:00,21.094,31.568,143.39,90.85,27.77,48.33,12.215,10.055,4.572,3.389,2.1598,1.1827,2715.32,77.99,278.55,0.002103,0.4544,3,Severe Dual Fouling
2026-02-19 07:45:00,18.585,31.911,141.37,81.42,27.21,47.65,11.948,10.07,4.686,3.602,1.878,1.0843,2729.87,72.17,302.59,0.001826,0.5251,3,Severe Dual Fouling
2026-02-19 08:00:00,17.566,31.4,144.42,83.58,27.23,47.16,11.753,10.057,4.597,3.563,1.6968,1.0341,2618.45,74.95,279.5,0.002018,0.5192,3,Severe Dual Fouling
2026-02-19 08:15:00,18.543,30.237,139.64,78.07,26.83,48.94,12.319,10.516,4.4,3.367,1.8034,1.0334,2796.8,69.11,323.77,0.001642,0.5457,3,Severe Dual Fouling
2026-02-19 08:30:00,20.39,29.303,150.61,91.31,30.28,54.44,12.08,10.113,4.562,3.588,1.9669,0.9742,2962.61,77.27,306.73,0.001864,0.4928,3,Severe Dual Fouling
2026-02-19 08:45:00,17.46,34.106,144.89,84.71,27.21,45.25,11.783,10.045,4.484,3.374,1.7377,1.1101,2573.93,76.65,268.65,0.002186,0.5113,3,Severe Dual Fouling
2026-02-19 09:00:00,18.373,32.01,143.9,84.86,27.47,47.32,11.846,10.29,4.543,3.547,1.5564,0.9961,2657.66,75.29,282.39,0.002125,0.5071,3,Severe Dual Fouling
2026-02-19 09:15:00,19.33,31.542,145.2,83.67,28.13,50.21,11.81,9.622,4.551,3.496,2.1883,1.0542,2914.0,73.52,317.1,0.001695,0.5256,3,Severe Dual Fouling
2026-02-19 09:30:00,16.483,33.307,150.5,83.77,29.08,48.41,11.945,10.669,4.54,3.45,1.276,1.0901,2694.49,75.94,283.85,0.002122,0.5495,3,Severe Dual Fouling
2026-02-19 09:45:00,19.051,33.257,143.63,85.76,27.32,46.73,11.867,9.978,4.426,3.349,1.8885,1.077,2701.27,76.05,284.14,0.002076,0.4976,3,Severe Dual Fouling
2026-02-19 10:00:00,17.182,34.074,145.24,79.68,30.88,50.23,11.974,10.494,4.616,3.374,1.4794,1.2421,2759.64,69.36,318.29,0.001576,0.5732,3,Severe Dual Fouling
2026-02-19 10:15:00,15.793,33.337,143.02,79.34,27.48,45.15,12.028,10.585,4.55,3.498,1.443,1.0523,2464.1,72.44,272.11,0.00222,0.5512,3,Severe Dual Fouling
2026-02-19 10:30:00,15.72,33.149,143.29,80.9,30.98,48.3,12.148,10.702,4.595,3.351,1.4458,1.2445,2402.57,70.06,274.35,0.002184,0.5555,3,Severe Dual Fouling
2026-02-19 10:45:00,19.007,34.325,144.69,83.97,28.23,47.92,11.736,9.62,4.455,3.221,2.1163,1.2339,2827.62,74.38,304.13,0.001757,0.5214,3,Severe Dual Fouling
2026-02-19 11:00:00,16.177,30.293,143.22,79.39,28.83,48.79,12.122,10.87,4.495,3.545,1.2526,0.9499,2530.12,70.23,288.22,0.001955,0.558,3,Severe Dual Fouling
2026-02-19 11:15:00,17.902,31.296,143.7,82.57,26.27,46.75,12.027,10.259,4.517,3.541,1.7681,0.9763,2680.72,74.79,286.73,0.002015,0.5205,3,Severe Dual Fouling
2026-02-19 11:30:00,18.292,31.486,145.67,84.33,31.17,52.04,11.926,10.007,4.509,3.461,1.9192,1.0479,2749.14,71.5,307.61,0.001755,0.5357,3,Severe Dual Fouling
2026-02-19 11:45:00,17.054,33.59,144.5,83.7,26.18,44.25,11.925,10.501,4.477,3.419,1.4237,1.0586,2540.3,76.91,264.22,0.002222,0.5139,3,Severe Dual Fouling
2026-02-19 12:00:00,18.745,34.329,142.31,82.56,27.56,46.66,12.2,10.221,4.554,3.301,1.9795,1.2535,2743.65,73.46,298.8,0.001854,0.5207,3,Severe Dual Fouling
2026-02-19 12:15:00,19.195,33.927,147.36,90.23,29.36,48.29,11.877,9.915,4.485,3.307,1.9615,1.1776,2686.51,78.43,274.04,0.002207,0.4841,3,Severe Dual Fouling
2026-02-19 12:30:00,18.734,31.947,148.55,83.49,26.24,48.58,11.927,10.001,4.303,3.237,1.9266,1.0662,2985.89,76.63,311.71,0.00179,0.5319,3,Severe Dual Fouling
2026-02-19 12:45:00,18.389,33.285,147.16,79.55,26.4,48.27,12.086,10.106,4.517,3.256,1.9808,1.2605,3045.88,73.67,330.76,0.001506,0.5598,3,Severe Dual Fouling
2026-02-19 13:00:00,18.162,29.363,146.45,83.77,29.4,52.1,11.766,10.076,4.5,3.516,1.6893,0.9834,2788.83,72.53,307.6,0.001864,0.5355,3,Severe Dual Fouling
2026-02-19 13:15:00,16.826,29.555,143.36,77.52,29.33,51.28,12.468,11.024,4.761,3.742,1.4445,1.0185,2714.36,67.78,320.36,0.001645,0.5774,3,Severe Dual Fouling
2026-02-19 13:30:00,19.042,30.901,144.76,84.63,27.12,48.82,11.834,10.113,4.397,3.392,1.7206,1.0059,2805.18,75.09,298.85,0.001814,0.5111,3,Severe Dual Fouling
2026-02-19 13:45:00,19.851,30.774,146.39,90.47,30.34,51.46,12.034,10.091,4.424,3.263,1.9427,1.1605,2719.63,76.21,285.48,0.002028,0.4818,3,Severe Dual Fouling
2026-02-19 14:00:00,16.408,33.461,143.98,78.85,30.74,49.44,12.135,10.485,4.557,3.43,1.6497,1.1269,2618.07,68.73,304.73,0.00195,0.5751,3,Severe Dual Fouling
2026-02-19 14:15:00,18.272,29.861,143.48,88.33,28.43,48.19,12.146,10.575,4.553,3.511,1.5708,1.0424,2468.73,76.23,259.07,0.00229,0.4793,3,Severe Dual Fouling
2026-02-19 14:30:00,19.638,32.771,146.22,90.04,27.64,47.36,12.054,9.928,4.758,3.738,2.126,1.0203,2703.13,79.24,272.92,0.00226,0.4738,3,Severe Dual Fouling
2026-02-19 14:45:00,18.591,32.128,147.38,87.04,27.1,47.55,11.974,10.193,4.363,3.378,1.7811,0.9849,2748.4,78.19,281.19,0.002127,0.5017,3,Severe Dual Fouling
2026-02-19 15:00:00,19.744,29.418,142.8,90.19,28.65,49.33,11.732,9.897,4.592,3.552,1.8349,1.04,2545.28,76.39,266.54,0.002266,0.4609,3,Severe Dual Fouling
2026-02-19 15:15:00,18.382,30.043,143.63,85.37,27.83,48.7,11.97,10.175,4.572,3.505,1.795,1.0673,2623.57,74.69,281.02,0.002054,0.5031,3,Severe Dual Fouling
2026-02-19 15:30:00,19.265,33.332,140.14,86.34,29.05,47.26,11.888,10.005,4.459,3.423,1.8825,1.0361,2539.16,73.66,275.78,0.00215,0.4843,3,Severe Dual Fouling
2026-02-19 15:45:00,17.552,34.268,148.31,82.37,27.03,46.81,11.893,10.107,4.589,3.38,1.786,1.2088,2835.83,76.1,298.12,0.001849,0.5437,3,Severe Dual Fouling
2026-02-19 16:00:00,18.952,28.763,145.18,88.6,29.74,51.57,12.173,10.286,4.495,3.51,1.8867,0.9846,2627.1,74.9,280.61,0.002059,0.4901,3,Severe Dual Fouling
2026-02-19 16:15:00,20.154,33.05,144.11,85.61,25.5,46.38,12.388,10.524,4.66,3.481,1.864,1.1793,2888.69,77.4,298.56,0.00184,0.4932,3,Severe Dual Fouling
2026-02-19 16:30:00,18.027,33.572,140.07,78.39,28.46,47.86,11.89,10.386,4.662,3.519,1.5041,1.1425,2724.07,68.92,316.2,0.001761,0.5526,3,Severe Dual Fouling
2026-02-19 16:45:00,19.565,30.91,148.62,89.68,28.87,50.71,11.872,9.991,4.457,3.334,1.8807,1.1228,2825.15,77.89,290.15,0.001911,0.4922,3,Severe Dual Fouling
2026-02-19 17:00:00,17.871,30.232,146.23,83.81,27.1,48.7,12.094,10.429,4.447,3.358,1.6648,1.0891,2733.0,75.29,290.41,0.002021,0.5239,3,Severe Dual Fouling
2026-02-19 17:15:00,17.942,35.364,142.03,83.36,31.11,48.54,11.725,10.005,4.574,3.383,1.7206,1.1908,2579.03,70.88,291.07,0.001933,0.5289,3,Severe Dual Fouling
2026-02-19 17:30:00,17.293,32.85,147.16,80.24,27.84,48.47,11.735,10.212,4.673,3.491,1.5233,1.182,2835.45,73.12,310.22,0.00181,0.5609,3,Severe Dual Fouling
2026-02-19 17:45:00,17.296,28.42,148.41,85.85,27.78,50.07,11.922,10.228,4.616,3.731,1.6935,0.8858,2651.09,76.44,277.44,0.002102,0.5186,3,Severe Dual Fouling
2026-02-19 18:00:00,18.257,29.835,147.34,83.78,29.21,51.98,11.998,10.322,4.408,3.442,1.6761,0.9659,2843.31,73.08,311.27,0.001862,0.5381,3,Severe Dual Fouling
2026-02-19 18:15:00,18.32,33.328,144.25,83.88,27.76,47.19,12.281,10.37,4.61,3.302,1.9108,1.3081,2709.42,74.73,290.03,0.001977,0.5182,3,Severe Dual Fouling
2026-02-19 18:30:00,18.861,29.854,146.22,86.46,31.17,53.28,12.19,10.302,4.566,3.695,1.8879,0.8714,2761.57,72.49,304.77,0.001789,0.5195,3,Severe Dual Fouling
2026-02-19 18:45:00,19.041,33.045,142.92,79.93,27.93,49.18,12.083,10.382,4.373,3.183,1.7014,1.1906,2938.36,70.83,331.88,0.001508,0.5478,3,Severe Dual Fouling
2026-02-19 19:00:00,16.691,34.564,145.85,80.38,26.16,44.68,12.136,10.804,4.504,3.167,1.3319,1.3374,2677.31,75.27,284.54,0.002105,0.547,3,Severe Dual Fouling
2026-02-19 19:15:00,16.225,29.775,147.01,81.78,27.46,48.27,11.846,10.518,4.457,3.592,1.3276,0.865,2593.05,74.33,279.08,0.002157,0.5456,3,Severe Dual Fouling
2026-02-19 19:30:00,18.367,30.296,145.91,83.87,28.72,50.74,12.223,10.621,4.526,3.541,1.6024,0.9846,2792.04,73.35,304.51,0.001729,0.5294,3,Severe Dual Fouling
2026-02-19 19:45:00,19.234,30.269,152.03,85.62,27.28,51.99,11.986,10.009,4.443,3.494,1.9773,0.9488,3129.75,77.32,323.81,0.001654,0.5324,3,Severe Dual Fouling
2026-02-19 20:00:00,18.242,31.425,146.94,86.39,27.85,48.43,12.225,10.405,4.49,3.394,1.8202,1.0959,2706.25,76.8,281.89,0.002074,0.5084,3,Severe Dual Fouling
2026-02-19 20:15:00,19.33,28.789,149.26,89.49,29.26,52.77,11.851,10.024,4.623,3.702,1.8273,0.9208,2830.76,76.94,294.32,0.001955,0.4981,3,Severe Dual Fouling
2026-02-19 20:30:00,18.154,30.76,143.41,83.87,29.93,50.51,11.713,10.102,4.541,3.494,1.6114,1.0464,2647.9,71.66,295.59,0.001929,0.5246,3,Severe Dual Fouling
2026-02-19 20:45:00,16.906,34.216,140.01,73.91,26.79,45.91,11.784,10.288,4.538,3.406,1.4957,1.1318,2737.58,67.92,322.43,0.001608,0.5838,3,Severe Dual Fouling
2026-02-19 21:00:00,19.251,29.77,148.64,89.43,30.13,52.55,12.177,10.309,4.386,3.3,1.8684,1.0864,2792.92,76.22,293.13,0.001896,0.4996,3,Severe Dual Fouling
2026-02-19 21:15:00,17.63,30.586,144.46,84.11,27.87,48.24,11.906,10.322,4.666,3.613,1.5846,1.0531,2606.85,74.45,280.12,0.002063,0.5176,3,Severe Dual Fouling
2026-02-19 21:30:00,17.701,33.526,141.3,82.53,27.29,45.46,12.233,10.359,4.482,3.181,1.8748,1.3005,2548.82,73.69,276.72,0.002037,0.5155,3,Severe Dual Fouling
2026-02-19 21:45:00,17.544,34.473,142.72,76.01,26.65,46.53,11.506,9.799,4.611,3.18,1.7068,1.4315,2867.44,70.19,326.82,0.001574,0.5747,3,Severe Dual Fouling
2026-02-19 22:00:00,16.421,31.167,142.16,76.5,27.66,47.92,11.982,10.716,4.328,3.344,1.2659,0.9837,2641.7,69.07,305.98,0.001836,0.5735,3,Severe Dual Fouling
2026-02-19 22:15:00,19.238,29.588,141.92,80.38,27.52,50.95,11.943,9.985,4.325,3.444,1.9583,0.8802,2900.46,70.2,330.55,0.001548,0.5379,3,Severe Dual Fouling
2026-02-19 22:30:00,17.209,33.417,148.95,83.61,27.75,47.45,11.91,10.453,4.52,3.416,1.4575,1.1038,2754.74,76.42,288.37,0.001924,0.5391,3,Severe Dual Fouling
2026-02-19 22:45:00,16.079,31.98,149.16,81.1,28.41,48.45,12.321,10.802,4.444,3.37,1.5186,1.0742,2680.82,74.13,289.33,0.002036,0.5636,3,Severe Dual Fouling
2026-02-19 23:00:00,18.996,31.857,144.78,82.76,27.47,49.12,12.08,10.081,4.482,3.464,1.9989,1.0185,2886.22,73.64,313.55,0.001737,0.5287,3,Severe Dual Fouling
2026-02-19 23:15:00,17.515,32.787,146.14,82.07,28.08,48.12,12.253,10.667,4.663,3.584,1.5862,1.0791,2749.36,73.83,297.9,0.001828,0.5427,3,Severe Dual Fouling
2026-02-19 23:30:00,17.362,32.404,145.5,83.45,28.52,47.99,11.726,10.182,4.624,3.456,1.5444,1.1673,2639.8,74.2,284.63,0.001953,0.5305,3,Severe Dual Fouling
2026-02-19 23:45:00,18.303,33.993,143.36,81.48,29.81,49.31,12.158,10.295,4.686,3.419,1.8624,1.2676,2774.64,70.76,313.71,0.001632,0.5449,3,Severe Dual Fouling
2026-02-20 00:00:00,20.232,32.587,146.75,66.07,25.03,54.36,12.313,11.459,4.47,3.819,0.8537,0.6509,3999.62,63.28,587.42,0.000205,0.7643,4,Tube Bypass / Leak
2026-02-20 00:15:00,17.499,34.068,145.97,65.17,28.54,52.84,12.072,11.531,4.578,3.884,0.5416,0.6939,3464.42,60.55,585.04,0.000234,0.8313,4,Tube Bypass / Leak
2026-02-20 00:30:00,17.332,31.897,143.16,60.07,26.51,52.95,11.516,10.884,4.459,3.849,0.6319,0.6098,3528.45,57.3,561.83,0.000281,0.7918,4,Tube Bypass / Leak
2026-02-20 00:45:00,15.8,33.601,146.26,57.67,27.66,52.05,11.982,11.529,4.335,3.671,0.4532,0.6636,3429.17,56.12,613.92,0.000156,0.8602,4,Tube Bypass / Leak
2026-02-20 01:00:00,18.566,31.442,145.74,62.55,27.65,56.41,12.229,11.478,4.711,4.082,0.7512,0.6291,3784.17,57.91,605.14,0.000172,0.7934,4,Tube Bypass / Leak
2026-02-20 01:15:00,19.628,32.115,140.36,64.47,26.61,53.77,11.948,11.148,4.364,3.76,0.8004,0.604,3649.46,58.9,614.49,0.000168,0.8026,4,Tube Bypass / Leak
2026-02-20 01:30:00,20.31,35.773,141.23,68.15,29.36,53.65,11.778,10.922,4.424,3.69,0.8567,0.7343,3636.36,59.91,571.22,0.000261,0.7651,4,Tube Bypass / Leak
2026-02-20 01:45:00,17.49,34.321,149.74,59.91,27.13,53.94,11.846,11.204,4.64,3.966,0.6422,0.6745,3849.04,58.76,600.82,0.000232,0.8102,4,Tube Bypass / Leak
2026-02-20 02:00:00,18.209,32.557,142.86,60.32,27.48,54.51,12.064,11.4,4.288,3.61,0.6639,0.6784,3682.17,56.09,594.76,0.000213,0.7903,4,Tube Bypass / Leak
2026-02-20 02:15:00,18.627,32.438,146.28,64.26,27.08,54.66,12.184,11.566,4.499,3.887,0.6176,0.6121,3742.81,60.36,566.8,0.00029,0.7741,4,Tube Bypass / Leak
2026-02-20 02:30:00,18.669,29.581,138.36,61.39,28.08,56.53,11.633,11.04,4.532,3.963,0.5929,0.5689,3520.55,53.99,586.83,0.000222,0.7725,4,Tube Bypass / Leak
2026-02-20 02:45:00,17.825,33.155,140.26,57.79,26.91,52.87,12.163,11.557,4.277,3.665,0.606,0.6123,3601.48,54.32,622.53,0.000147,0.8176,4,Tube Bypass / Leak
2026-02-20 03:00:00,18.764,33.26,145.17,63.39,28.55,55.57,12.093,11.393,4.543,3.868,0.7002,0.6746,3759.97,57.97,586.81,0.000241,0.7787,4,Tube Bypass / Leak
2026-02-20 03:15:00,17.574,30.857,143.88,61.45,28.16,55.65,12.037,11.404,4.54,3.985,0.6333,0.555,3549.12,56.37,604.76,0.000184,0.8174,4,Tube Bypass / Leak
2026-02-20 03:30:00,18.066,31.888,145.01,63.55,28.97,55.99,11.815,11.161,4.563,3.954,0.6544,0.609,3605.43,57.57,599.7,0.000203,0.8089,4,Tube Bypass / Leak
2026-02-20 03:45:00,17.978,31.8,145.49,65.31,28.56,55.11,12.1,11.5,4.36,3.708,0.5999,0.6521,3531.8,59.59,580.16,0.000236,0.8088,4,Tube Bypass / Leak
2026-02-20 04:00:00,20.42,34.755,142.95,71.18,31.75,56.44,12.132,11.398,4.357,3.665,0.7341,0.6925,3590.68,59.92,570.7,0.000264,0.7662,4,Tube Bypass / Leak
2026-02-20 04:15:00,17.138,32.183,144.52,66.26,29.3,53.71,12.082,11.538,4.693,4.106,0.5446,0.5871,3285.89,59.9,559.16,0.000291,0.8243,4,Tube Bypass / Leak
2026-02-20 04:30:00,18.338,33.504,141.92,58.92,27.67,54.27,12.052,11.4,4.572,3.937,0.6526,0.6352,3728.99,54.69,625.77,0.000174,0.8056,4,Tube Bypass / Leak
2026-02-20 04:45:00,19.43,32.069,147.14,67.65,27.41,55.61,11.733,10.925,4.496,3.872,0.8084,0.6242,3783.85,62.41,604.63,0.000203,0.8034,4,Tube Bypass / Leak
2026-02-20 05:00:00,17.204,33.165,147.64,66.69,31.29,55.87,12.014,11.434,4.29,3.635,0.5798,0.6555,3411.94,59.17,601.57,0.000193,0.8445,4,Tube Bypass / Leak
2026-02-20 05:15:00,18.635,32.033,144.64,62.37,28.35,56.37,11.6,10.896,4.591,3.991,0.7031,0.6004,3755.98,56.9,594.45,0.000207,0.7808,4,Tube Bypass / Leak
2026-02-20 05:30:00,16.975,30.17,142.11,63.1,28.87,54.9,11.77,11.18,4.495,3.969,0.5899,0.5258,3286.08,56.65,598.51,0.00016,0.8405,4,Tube Bypass / Leak
2026-02-20 05:45:00,17.517,30.184,144.17,61.72,29.44,57.46,11.83,11.202,4.387,3.844,0.6275,0.5432,3538.61,55.09,613.11,0.000146,0.8187,4,Tube Bypass / Leak
2026-02-20 06:00:00,15.59,33.548,145.78,57.05,28.05,52.2,11.752,11.248,4.577,3.942,0.5033,0.6349,3389.13,55.12,591.84,0.000217,0.8474,4,Tube Bypass / Leak
2026-02-20 06:15:00,19.416,27.915,146.08,66.44,29.27,61.71,12.341,11.567,4.356,3.878,0.7735,0.4782,3788.47,57.58,619.98,0.000182,0.7852,4,Tube Bypass / Leak
2026-02-20 06:30:00,18.052,30.822,149.47,61.9,26.78,56.81,11.919,11.331,4.463,3.919,0.5876,0.5436,3873.05,59.31,591.04,0.000229,0.7884,4,Tube Bypass / Leak
2026-02-20 06:45:00,19.209,31.882,146.25,69.93,30.41,57.33,12.314,11.565,4.504,3.855,0.7494,0.6484,3591.74,60.92,589.13,0.000197,0.8012,4,Tube Bypass / Leak
2026-02-20 07:00:00,17.222,29.689,142.56,59.64,25.59,53.75,12.041,11.492,4.435,3.914,0.549,0.5214,3498.52,57.12,593.37,0.000203,0.819,4,Tube Bypass / Leak
2026-02-20 07:15:00,20.085,32.996,147.12,69.35,28.55,56.26,12.32,11.62,4.208,3.531,0.7,0.6769,3826.64,62.53,601.07,0.000166,0.7903,4,Tube Bypass / Leak
2026-02-20 07:30:00,17.489,33.512,144.68,64.85,30.1,54.49,11.939,11.413,4.547,3.856,0.5261,0.6905,3420.18,58.13,581.74,0.000251,0.8211,4,Tube Bypass / Leak
2026-02-20 07:45:00,17.198,35.991,146.83,60.69,26.04,50.15,12.043,11.423,4.697,3.953,0.6195,0.7433,3629.81,60.45,600.17,0.000195,0.837,4,Tube Bypass / Leak
2026-02-20 08:00:00,18.28,34.288,146.18,61.31,26.62,53.11,11.896,11.238,4.462,3.745,0.6579,0.7175,3801.0,59.16,616.95,0.000174,0.8159,4,Tube Bypass / Leak
2026-02-20 08:15:00,19.759,32.14,140.52,62.03,25.99,54.25,11.89,11.047,4.458,3.8,0.8432,0.6574,3799.74,57.54,583.89,0.000243,0.7523,4,Tube Bypass / Leak
2026-02-20 08:30:00,17.793,32.136,147.16,64.42,27.64,54.47,11.99,11.353,4.565,3.932,0.6368,0.6329,3606.9,60.49,589.85,0.000212,0.8182,4,Tube Bypass / Leak
2026-02-20 08:45:00,18.759,33.347,145.75,64.78,27.53,54.2,12.055,11.4,4.563,3.93,0.6548,0.6334,3721.3,60.38,584.55,0.000267,0.7921,4,Tube Bypass / Leak
2026-02-20 09:00:00,19.737,30.736,146.57,69.19,31.26,60.35,12.159,11.447,4.458,3.903,0.7122,0.5555,3741.58,58.81,614.41,0.000144,0.7911,4,Tube Bypass / Leak
2026-02-20 09:15:00,20.519,29.819,144.36,68.39,29.18,59.79,11.955,11.075,4.539,4.007,0.8807,0.5324,3819.36,59.01,617.5,0.000136,0.7762,4,Tube Bypass / Leak
2026-02-20 09:30:00,19.085,32.917,147.22,65.26,27.8,55.63,12.254,11.516,4.53,3.867,0.7384,0.6629,3832.51,60.54,614.97,0.000142,0.8052,4,Tube Bypass / Leak
2026-02-20 09:45:00,18.381,30.917,143.83,65.8,29.25,56.41,12.32,11.697,4.578,4.01,0.6234,0.5686,3513.9,58.33,620.08,0.000172,0.8292,4,Tube Bypass / Leak
2026-02-20 10:00:00,18.396,31.38,142.11,62.06,28.27,55.75,12.161,11.523,4.706,4.083,0.6379,0.6239,3607.72,56.02,586.11,0.000216,0.7832,4,Tube Bypass / Leak
2026-02-20 10:15:00,20.284,30.944,144.86,66.45,29.32,59.41,11.832,11.135,4.408,3.846,0.6966,0.562,3896.7,57.97,593.5,0.000185,0.7456,4,Tube Bypass / Leak
2026-02-20 10:30:00,19.236,31.847,141.95,65.21,27.68,54.83,11.945,11.162,4.392,3.789,0.783,0.603,3616.88,58.89,617.78,0.000191,0.8125,4,Tube Bypass / Leak
2026-02-20 10:45:00,19.927,31.353,147.58,67.96,29.79,59.42,11.889,11.023,4.581,3.985,0.8657,0.5956,3886.95,59.72,600.3,0.000171,0.7695,4,Tube Bypass / Leak
2026-02-20 11:00:00,15.26,32.125,149.51,58.96,28.41,53.6,12.009,11.546,4.317,3.713,0.4625,0.6037,3385.41,57.13,606.15,0.000171,0.8674,4,Tube Bypass / Leak
2026-02-20 11:15:00,18.894,35.268,146.82,62.95,28.32,54.63,12.321,11.613,4.515,3.778,0.7082,0.7365,3882.42,58.79,628.08,0.000118,0.8097,4,Tube Bypass / Leak
2026-02-20 11:30:00,18.746,31.354,147.0,62.46,26.69,56.29,12.022,11.418,4.611,4.031,0.6042,0.5792,3882.64,59.03,612.29,0.000174,0.7948,4,Tube Bypass / Leak
2026-02-20 11:45:00,17.926,28.323,147.54,66.62,28.85,58.84,12.16,11.569,4.345,3.835,0.5904,0.5096,3553.81,59.65,608.02,0.000207,0.8253,4,Tube Bypass / Leak
2026-02-20 12:00:00,18.174,30.498,144.73,66.26,26.96,54.34,12.327,11.682,4.632,4.052,0.6456,0.5798,3494.15,61.34,576.03,0.000246,0.8119,4,Tube Bypass / Leak
2026-02-20 12:15:00,18.611,35.297,146.59,62.39,28.26,54.25,11.917,11.226,4.451,3.715,0.691,0.7356,3839.29,58.49,594.56,0.00019,0.7875,4,Tube Bypass / Leak
2026-02-20 12:30:00,20.958,31.106,145.52,69.22,27.2,57.3,11.943,11.097,4.652,4.061,0.8463,0.5908,3917.86,62.29,603.64,0.000199,0.7694,4,Tube Bypass / Leak
2026-02-20 12:45:00,18.817,32.022,146.7,65.01,28.25,56.36,11.433,10.744,4.44,3.788,0.6887,0.6516,3766.36,59.59,584.37,0.000223,0.7815,4,Tube Bypass / Leak
2026-02-20 13:00:00,19.174,29.22,140.79,59.22,27.25,58.6,12.089,11.452,4.491,3.964,0.6374,0.5269,3831.96,53.18,640.61,0.000117,0.7821,4,Tube Bypass / Leak
2026-02-20 13:15:00,17.581,29.306,141.69,60.0,28.83,57.52,12.091,11.493,4.597,4.103,0.5979,0.4932,3518.33,53.35,594.36,0.000208,0.7939,4,Tube Bypass / Leak
2026-02-20 13:30:00,18.302,33.377,145.59,59.65,23.2,50.8,11.91,11.2,4.532,3.905,0.7102,0.6275,3853.84,61.04,633.1,0.00015,0.8308,4,Tube Bypass / Leak
2026-02-20 13:45:00,19.417,33.193,141.99,66.71,28.8,54.58,12.242,11.494,4.644,3.952,0.7483,0.6924,3581.06,59.25,601.31,0.000162,0.8032,4,Tube Bypass / Leak
2026-02-20 14:00:00,18.71,34.565,144.51,61.27,27.56,53.94,12.221,11.6,4.374,3.672,0.6205,0.7016,3816.01,57.53,629.11,0.000162,0.8112,4,Tube Bypass / Leak
2026-02-20 14:15:00,18.061,32.918,145.41,63.47,29.34,55.66,12.056,11.459,4.498,3.809,0.5973,0.6892,3625.63,57.53,595.37,0.000235,0.805,4,Tube Bypass / Leak
2026-02-20 14:30:00,18.086,32.235,145.05,63.72,28.65,55.37,12.106,11.423,4.482,3.892,0.6825,0.5901,3604.09,58.16,570.53,0.000277,0.7863,4,Tube Bypass / Leak
2026-02-20 14:45:00,16.065,34.02,144.59,56.1,28.35,52.83,11.875,11.348,4.57,3.863,0.5272,0.7066,3483.05,53.52,612.45,0.000171,0.8432,4,Tube Bypass / Leak
2026-02-20 15:00:00,19.488,30.509,151.2,70.06,30.39,60.74,11.957,11.221,4.625,4.045,0.7361,0.5799,3874.16,61.62,603.14,0.000176,0.7881,4,Tube Bypass / Leak
2026-02-20 15:15:00,17.77,31.205,145.69,61.01,28.96,57.2,12.241,11.67,4.551,3.913,0.5709,0.6382,3686.57,55.58,597.07,0.000208,0.7947,4,Tube Bypass / Leak
2026-02-20 15:30:00,18.323,33.489,143.9,63.7,28.88,54.58,12.24,11.592,4.488,3.815,0.6475,0.6738,3600.43,57.85,599.66,0.000185,0.8088,4,Tube Bypass / Leak
2026-02-20 15:45:00,18.104,33.423,141.56,58.43,28.05,54.41,12.366,11.799,4.604,3.93,0.5678,0.6743,3687.17,53.87,622.7,0.000185,0.8057,4,Tube Bypass / Leak
2026-02-20 16:00:00,19.386,29.911,143.34,65.11,28.59,58.28,12.054,11.292,4.395,3.83,0.7624,0.5654,3715.56,57.41,572.67,0.000251,0.7495,4,Tube Bypass / Leak
2026-02-20 16:15:00,18.872,32.208,145.67,60.99,27.89,56.95,11.578,10.81,4.574,3.939,0.7679,0.6351,3915.38,56.41,616.14,0.000169,0.7821,4,Tube Bypass / Leak
2026-02-20 16:30:00,19.073,35.208,145.43,63.87,27.55,53.42,11.914,11.181,4.55,3.786,0.7324,0.7638,3810.94,59.91,608.27,0.000186,0.8014,4,Tube Bypass / Leak
2026-02-20 16:45:00,20.171,33.189,144.19,65.51,27.35,55.36,11.796,10.993,4.67,3.984,0.8034,0.6861,3888.64,59.97,600.73,0.000206,0.7704,4,Tube Bypass / Leak
2026-02-20 17:00:00,19.584,32.202,145.58,65.15,29.62,58.26,12.239,11.457,4.548,3.908,0.7811,0.6399,3859.31,57.59,596.59,0.000195,0.7631,4,Tube Bypass / Leak
2026-02-20 17:15:00,18.018,33.377,146.29,61.65,28.65,55.41,11.914,11.211,4.559,3.902,0.7029,0.6571,3736.65,57.13,628.74,0.000119,0.823,4,Tube Bypass / Leak
2026-02-20 17:30:00,18.614,30.581,140.29,62.0,26.77,54.68,12.114,11.419,4.48,3.897,0.6946,0.5828,3570.27,56.74,596.13,0.000172,0.7944,4,Tube Bypass / Leak
2026-02-20 17:45:00,20.641,33.123,143.64,67.87,28.95,56.59,12.262,11.448,4.354,3.666,0.8145,0.6875,3831.41,59.79,600.82,0.000197,0.7677,4,Tube Bypass / Leak
2026-02-20 18:00:00,18.437,30.845,147.42,63.95,26.15,55.36,11.856,11.244,4.084,3.513,0.6119,0.571,3770.48,60.96,602.98,0.000157,0.8081,4,Tube Bypass / Leak
2026-02-20 18:15:00,18.47,31.518,143.67,64.11,30.13,57.43,11.606,10.885,4.621,4.036,0.7213,0.585,3599.98,56.11,570.81,0.000245,0.7686,4,Tube Bypass / Leak
2026-02-20 18:30:00,19.015,30.552,144.62,63.26,26.99,56.64,11.972,11.323,4.622,4.075,0.6492,0.5466,3790.65,58.36,637.63,0.000127,0.8134,4,Tube Bypass / Leak
2026-02-20 18:45:00,17.644,31.909,144.85,64.26,27.2,53.29,12.203,11.617,4.52,3.876,0.5856,0.6446,3483.81,60.25,596.65,0.000207,0.8331,4,Tube Bypass / Leak
2026-02-20 19:00:00,18.482,30.0,143.53,63.84,27.0,55.75,12.05,11.44,4.727,4.205,0.6104,0.5228,3608.21,58.67,622.09,0.000127,0.8226,4,Tube Bypass / Leak
2026-02-20 19:15:00,20.316,30.985,146.29,65.27,27.12,58.23,11.914,11.081,4.437,3.869,0.8329,0.5674,4033.01,59.67,595.42,0.000227,0.7453,4,Tube Bypass / Leak
2026-02-20 19:30:00,17.495,34.732,145.48,58.11,25.59,51.36,12.243,11.605,4.572,3.793,0.6384,0.7786,3744.75,57.96,598.26,0.000215,0.812,4,Tube Bypass / Leak
2026-02-20 19:45:00,18.05,32.428,145.37,63.01,29.87,56.71,11.986,11.284,4.575,3.905,0.7019,0.6695,3641.98,56.42,609.92,0.000171,0.8101,4,Tube Bypass / Leak
2026-02-20 20:00:00,20.006,31.068,144.32,66.12,27.49,56.98,12.206,11.378,4.509,3.901,0.8279,0.6077,3833.11,59.71,609.48,0.000169,0.7809,4,Tube Bypass / Leak
2026-02-20 20:15:00,19.59,31.548,149.24,66.0,26.48,56.74,12.3,11.593,4.658,4.025,0.7066,0.6328,3994.75,62.3,591.99,0.00023,0.7718,4,Tube Bypass / Leak
2026-02-20 20:30:00,19.698,31.293,148.24,66.68,27.38,57.44,12.267,11.467,4.76,4.184,0.7995,0.5764,3936.44,61.5,581.56,0.000251,0.76,4,Tube Bypass / Leak
2026-02-20 20:45:00,19.544,31.264,146.65,66.16,27.61,57.07,11.971,11.254,4.463,3.889,0.716,0.5734,3854.01,60.52,593.94,0.000207,0.7761,4,Tube Bypass / Leak
2026-02-20 21:00:00,18.745,30.979,148.22,68.54,27.77,56.0,11.958,11.266,4.468,3.926,0.6915,0.5422,3659.04,63.04,572.7,0.000264,0.7964,4,Tube Bypass / Leak
2026-02-20 21:15:00,20.003,32.956,143.64,65.38,31.38,59.19,11.823,11.066,4.509,3.814,0.7569,0.695,3835.04,55.45,607.7,0.000207,0.7582,4,Tube Bypass / Leak
2026-02-20 21:30:00,18.654,32.336,142.88,62.73,26.79,53.86,11.838,11.127,4.47,3.83,0.7111,0.6401,3662.94,58.52,591.45,0.000261,0.7939,4,Tube Bypass / Leak
2026-02-20 21:45:00,19.663,32.291,145.18,67.55,28.17,55.85,11.939,11.121,4.719,4.052,0.8175,0.6674,3740.03,60.98,577.2,0.00024,0.7721,4,Tube Bypass / Leak
2026-02-20 22:00:00,18.528,31.76,149.79,66.66,28.32,56.71,11.943,11.214,4.529,3.897,0.7294,0.6318,3773.57,61.72,595.15,0.000195,0.8048,4,Tube Bypass / Leak
2026-02-20 22:15:00,19.313,34.367,138.71,62.24,27.8,52.96,12.397,11.611,4.594,3.856,0.7865,0.7375,3618.34,56.25,603.34,0.000201,0.7894,4,Tube Bypass / Leak
2026-02-20 22:30:00,17.936,34.721,146.8,62.39,29.15,54.68,11.901,11.34,4.473,3.754,0.5614,0.7182,3708.79,57.77,592.61,0.000202,0.8019,4,Tube Bypass / Leak
2026-02-20 22:45:00,19.341,32.112,143.49,66.95,28.0,54.99,11.775,11.038,4.387,3.784,0.7378,0.6034,3626.88,60.37,562.93,0.00029,0.7691,4,Tube Bypass / Leak
2026-02-20 23:00:00,19.002,30.593,146.04,65.42,29.37,58.7,11.805,11.136,4.304,3.753,0.669,0.5514,3753.38,57.96,570.92,0.000226,0.7551,4,Tube Bypass / Leak
2026-02-20 23:15:00,16.777,34.0,147.8,61.22,29.04,54.05,12.109,11.54,4.596,3.872,0.5688,0.7233,3558.54,57.59,598.63,0.000175,0.8333,4,Tube Bypass / Leak
2026-02-20 23:30:00,17.007,31.905,147.25,59.53,26.16,53.54,12.167,11.528,4.634,4.022,0.6393,0.612,3654.97,58.43,595.58,0.000244,0.822,4,Tube Bypass / Leak
2026-02-20 23:45:00,16.731,30.676,150.38,60.23,28.56,57.35,12.004,11.463,4.513,3.943,0.5409,0.57,3695.19,56.95,589.49,0.000216,0.8109,4,Tube Bypass / Leak
2026-02-21 00:00:00,20.221,31.42,145.58,64.5,26.39,56.95,11.944,11.123,4.445,3.869,0.8213,0.5759,4016.74,59.86,589.82,0.000189,0.7442,4,Tube Bypass / Leak
2026-02-21 00:15:00,17.248,31.285,146.37,60.38,27.19,54.95,11.734,11.14,4.467,3.848,0.5937,0.6184,3633.59,57.47,593.34,0.000209,0.8129,4,Tube Bypass / Leak
2026-02-21 00:30:00,20.087,34.943,139.46,62.69,28.71,54.55,12.276,11.53,4.466,3.702,0.746,0.7641,3778.31,55.61,598.14,0.000233,0.7563,4,Tube Bypass / Leak
2026-02-21 00:45:00,19.469,31.061,144.89,66.58,27.45,56.19,12.056,11.373,4.518,3.944,0.6827,0.5732,3735.0,60.57,589.62,0.000225,0.7831,4,Tube Bypass / Leak
2026-02-21 01:00:00,17.581,29.971,147.02,65.81,27.81,55.7,12.013,11.437,4.478,3.931,0.576,0.5463,3498.01,60.82,582.26,0.000259,0.8217,4,Tube Bypass / Leak
2026-02-21 01:15:00,18.535,32.659,145.52,61.94,27.34,55.11,11.89,11.275,4.66,4.043,0.6142,0.6163,3795.42,58.1,595.71,0.000199,0.7875,4,Tube Bypass / Leak
2026-02-21 01:30:00,19.07,31.973,146.88,62.77,27.41,56.79,12.217,11.556,4.688,4.092,0.6615,0.5951,3929.74,58.52,600.03,0.000175,0.7736,4,Tube Bypass / Leak
2026-02-21 01:45:00,15.715,30.995,145.92,62.06,30.03,54.93,12.027,11.499,4.467,3.845,0.528,0.6213,3228.76,56.46,601.78,0.000191,0.8639,4,Tube Bypass / Leak
2026-02-21 02:00:00,18.512,30.906,146.61,64.74,26.73,55.44,12.112,11.422,4.622,4.064,0.6902,0.558,3712.67,60.77,585.27,0.000172,0.7955,4,Tube Bypass / Leak
2026-02-21 02:15:00,17.537,29.696,143.36,62.65,27.8,55.71,12.017,11.378,4.427,3.897,0.6385,0.5298,3468.08,57.25,632.79,0.000131,0.8457,4,Tube Bypass / Leak
2026-02-21 02:30:00,20.677,32.739,146.3,64.99,26.96,57.03,12.051,11.242,4.445,3.781,0.8085,0.6642,4119.19,60.05,610.96,0.000169,0.7533,4,Tube Bypass / Leak
2026-02-21 02:45:00,20.73,31.593,144.7,68.07,31.13,60.58,12.16,11.283,4.497,3.866,0.8772,0.6307,3891.95,57.32,596.82,0.000211,0.7397,4,Tube Bypass / Leak
2026-02-21 03:00:00,18.273,37.429,145.48,63.19,31.91,55.44,12.413,11.683,4.546,3.753,0.7295,0.793,3684.05,55.58,612.35,0.000154,0.8079,4,Tube Bypass / Leak
2026-02-21 03:15:00,21.809,31.042,138.45,66.37,25.48,55.13,12.118,11.227,4.565,4.001,0.8914,0.5641,3851.34,59.61,615.82,0.000162,0.7604,4,Tube Bypass / Leak
2026-02-21 03:30:00,18.505,33.795,141.88,67.07,31.39,55.38,11.717,11.039,4.461,3.801,0.6782,0.6603,3391.37,57.39,605.21,0.000214,0.825,4,Tube Bypass / Leak
2026-02-21 03:45:00,18.834,27.639,148.79,65.21,27.92,61.27,11.999,11.342,4.548,4.07,0.6574,0.478,3856.64,58.88,576.82,0.000259,0.7544,4,Tube Bypass / Leak
2026-02-21 04:00:00,18.104,32.356,146.9,62.2,26.16,53.9,11.839,11.278,4.592,3.946,0.5611,0.6461,3756.57,60.09,616.0,0.000176,0.8222,4,Tube Bypass / Leak
2026-02-21 04:15:00,17.338,33.924,144.69,56.7,26.01,52.34,12.038,11.466,4.553,3.83,0.5713,0.7222,3737.75,55.98,637.16,0.000113,0.8349,4,Tube Bypass / Leak
2026-02-21 04:30:00,19.36,32.952,138.47,64.59,28.74,54.15,12.088,11.368,4.375,3.69,0.72,0.6853,3504.34,56.68,588.35,0.000184,0.7853,4,Tube Bypass / Leak
2026-02-21 04:45:00,20.275,29.166,144.37,66.55,27.25,58.92,11.797,11.014,4.521,3.981,0.7823,0.5397,3865.59,59.42,576.27,0.000273,0.7358,4,Tube Bypass / Leak
2026-02-21 05:00:00,18.291,35.461,143.95,64.16,28.16,52.26,12.218,11.559,4.404,3.647,0.6585,0.757,3575.46,59.56,605.65,0.00018,0.8258,4,Tube Bypass / Leak
2026-02-21 05:15:00,17.99,32.957,145.02,63.45,27.75,53.83,12.285,11.631,4.54,3.91,0.6539,0.6296,3595.29,59.17,590.6,0.000193,0.812,4,Tube Bypass / Leak
2026-02-21 05:30:00,19.289,34.31,141.48,59.39,26.47,53.49,12.301,11.549,4.652,3.922,0.752,0.7305,3879.52,56.01,631.38,0.00013,0.7924,4,Tube Bypass / Leak
2026-02-21 05:45:00,17.3,31.327,147.53,63.44,29.37,56.57,11.828,11.259,4.659,4.021,0.569,0.6383,3564.33,57.93,603.27,0.000168,0.8267,4,Tube Bypass / Leak
2026-02-21 06:00:00,18.969,33.139,145.83,68.82,30.87,56.68,12.042,11.316,4.725,4.038,0.7261,0.6873,3578.88,59.95,581.74,0.000258,0.7958,4,Tube Bypass / Leak
2026-02-21 06:15:00,18.54,31.1,146.62,66.12,28.03,56.13,11.89,11.176,4.644,4.037,0.7143,0.6074,3656.48,60.56,597.64,0.000232,0.8093,4,Tube Bypass / Leak
2026-02-21 06:30:00,17.064,33.038,146.08,62.57,29.05,54.31,11.845,11.307,4.596,3.92,0.5383,0.6764,3491.32,57.84,587.57,0.000216,0.825,4,Tube Bypass / Leak
2026-02-21 06:45:00,17.231,31.138,142.1,58.38,28.15,55.28,12.008,11.428,4.433,3.859,0.5799,0.5738,3534.44,53.64,618.44,0.000123,0.8224,4,Tube Bypass / Leak
2026-02-21 07:00:00,16.677,28.632,145.36,61.06,29.4,58.16,11.714,11.108,4.435,3.96,0.6064,0.4756,3444.42,54.82,579.96,0.000229,0.8086,4,Tube Bypass / Leak
2026-02-21 07:15:00,20.213,33.736,143.08,64.96,29.29,56.7,11.906,11.049,4.503,3.782,0.8572,0.7206,3869.06,57.33,592.54,0.000187,0.7491,4,Tube Bypass / Leak
2026-02-21 07:30:00,17.654,31.565,149.0,59.87,26.59,55.78,12.031,11.442,4.437,3.814,0.589,0.6232,3855.2,58.19,602.26,0.000128,0.802,4,Tube Bypass / Leak
2026-02-21 07:45:00,18.373,34.182,145.34,63.64,27.01,52.72,11.952,11.261,4.514,3.811,0.6906,0.7032,3677.87,60.35,591.28,0.0002,0.8078,4,Tube Bypass / Leak
2026-02-21 08:00:00,18.032,31.462,145.62,63.33,25.44,53.05,11.95,11.249,4.487,3.899,0.7011,0.5877,3635.15,61.21,600.59,0.000247,0.8236,4,Tube Bypass / Leak
2026-02-21 08:15:00,18.73,33.641,144.15,59.79,26.77,54.27,12.001,11.299,4.475,3.786,0.7023,0.6883,3871.19,56.78,617.49,0.000144,0.7928,4,Tube Bypass / Leak
2026-02-21 08:30:00,19.527,28.7,140.6,62.22,25.85,57.08,11.454,10.691,4.69,4.194,0.7627,0.496,3749.91,56.71,613.08,0.000164,0.7775,4,Tube Bypass / Leak
2026-02-21 08:45:00,19.121,30.805,143.52,65.99,26.33,54.51,11.726,11.081,4.449,3.916,0.6451,0.5337,3631.8,61.05,586.58,0.000263,0.7959,4,Tube Bypass / Leak
2026-02-21 09:00:00,17.421,30.944,146.38,61.23,29.8,57.87,12.06,11.441,4.381,3.784,0.6188,0.5965,3634.26,55.13,626.46,0.000141,0.825,4,Tube Bypass / Leak
2026-02-21 09:15:00,19.357,33.286,142.99,65.99,27.71,53.94,11.912,11.099,4.557,3.878,0.8131,0.6791,3651.61,60.13,586.36,0.000239,0.7896,4,Tube Bypass / Leak
2026-02-21 09:30:00,21.304,32.583,150.13,69.08,29.22,60.25,11.693,10.892,4.503,3.843,0.8011,0.6597,4230.63,61.52,611.54,0.000208,0.7433,4,Tube Bypass / Leak
2026-02-21 09:45:00,19.026,31.276,144.12,65.1,27.72,55.87,11.927,11.196,4.37,3.764,0.7306,0.6067,3683.42,59.22,576.35,0.000267,0.7746,4,Tube Bypass / Leak
2026-02-21 10:00:00,19.262,34.876,145.35,67.75,28.59,53.69,11.893,11.249,4.488,3.791,0.6436,0.6974,3662.14,61.74,577.51,0.000232,0.792,4,Tube Bypass / Leak
2026-02-21 10:15:00,20.071,28.752,146.06,67.03,29.26,61.57,12.081,11.284,4.564,4.028,0.7979,0.5359,3886.36,58.03,603.86,0.000221,0.7564,4,Tube Bypass / Leak
2026-02-21 10:30:00,19.09,31.753,142.04,59.32,24.94,54.06,11.877,11.148,4.579,3.929,0.7285,0.6496,3869.03,57.04,600.21,0.0002,0.77,4,Tube Bypass / Leak
2026-02-21 10:45:00,17.917,28.408,146.31,60.19,26.48,58.29,12.012,11.409,4.434,3.897,0.6036,0.5367,3780.47,56.59,600.52,0.000189,0.7883,4,Tube Bypass / Leak
2026-02-21 11:00:00,17.731,30.474,142.02,63.48,29.71,56.47,11.955,11.351,4.527,3.969,0.6046,0.5579,3411.72,55.7,604.28,0.000208,0.8212,4,Tube Bypass / Leak
2026-02-21 11:15:00,18.841,31.185,144.1,65.05,30.81,58.77,12.017,11.365,4.55,3.988,0.6523,0.5617,3649.24,55.95,607.66,0.00022,0.7915,4,Tube Bypass / Leak
2026-02-21 11:30:00,18.028,30.567,148.13,59.62,25.69,56.26,12.135,11.431,4.529,3.919,0.704,0.6095,3909.59,58.17,621.34,0.000147,0.8062,4,Tube Bypass / Leak
2026-02-21 11:45:00,18.473,30.638,143.68,61.96,28.21,57.06,11.886,11.228,4.575,4.009,0.658,0.5652,3698.76,56.09,593.99,0.000231,0.781,4,Tube Bypass / Leak
2026-02-21 12:00:00,20.577,31.571,146.05,64.48,23.64,54.77,12.086,11.299,4.6,4.029,0.7866,0.5709,4112.25,62.72,623.06,0.000167,0.7792,4,Tube Bypass / Leak
2026-02-21 12:15:00,18.735,29.663,142.89,65.35,28.56,57.23,11.914,11.255,4.643,4.083,0.6584,0.56,3559.21,57.82,570.29,0.000243,0.7738,4,Tube Bypass / Leak
2026-02-21 12:30:00,15.983,31.755,143.37,56.4,28.61,54.24,11.772,11.277,4.526,3.945,0.4943,0.5807,3405.47,52.63,619.96,0.000188,0.848,4,Tube Bypass / Leak
2026-02-21 12:45:00,18.235,31.711,146.49,62.15,26.38,54.78,11.809,11.201,4.497,3.883,0.6073,0.6147,3768.0,59.41,572.94,0.000203,0.7784,4,Tube Bypass / Leak
2026-02-21 13:00:00,19.188,30.945,142.47,63.2,29.26,58.04,11.774,11.068,4.472,3.907,0.7052,0.5649,3726.43,55.41,601.22,0.000164,0.7706,4,Tube Bypass / Leak
2026-02-21 13:15:00,17.973,30.312,145.43,59.98,25.21,54.87,12.096,11.429,4.469,3.889,0.6674,0.5794,3762.8,58.29,586.27,0.00024,0.7878,4,Tube Bypass / Leak
2026-02-21 13:30:00,18.61,29.517,144.82,66.44,28.75,57.69,12.023,11.4,4.626,4.078,0.6228,0.548,3573.88,59.0,599.77,0.000209,0.8069,4,Tube Bypass / Leak
2026-02-21 13:45:00,16.524,33.516,145.7,59.48,27.81,52.7,11.755,11.179,4.42,3.744,0.5759,0.6759,3490.29,56.93,603.68,0.00014,0.842,4,Tube Bypass / Leak
2026-02-21 14:00:00,17.037,30.042,146.89,62.03,30.89,59.07,12.409,11.851,4.465,3.895,0.5578,0.5703,3542.23,54.66,590.4,0.00023,0.8057,4,Tube Bypass / Leak
2026-02-21 14:15:00,15.83,30.201,146.72,56.64,27.89,55.53,11.886,11.391,4.488,3.944,0.4947,0.5444,3493.61,54.09,615.2,0.000178,0.8456,4,Tube Bypass / Leak
2026-02-21 14:30:00,19.505,34.338,146.28,64.2,25.18,52.49,12.068,11.401,4.533,3.845,0.6669,0.688,3922.36,62.45,604.4,0.000178,0.7947,4,Tube Bypass / Leak
2026-02-21 14:45:00,19.21,29.512,146.63,64.4,29.41,60.75,12.298,11.618,4.484,3.949,0.6802,0.5346,3869.76,56.67,602.23,0.000202,0.7638,4,Tube Bypass / Leak
2026-02-21 15:00:00,17.729,30.223,145.76,64.57,26.54,54.43,12.251,11.683,4.525,3.984,0.568,0.5404,3526.7,60.84,572.49,0.000295,0.8098,4,Tube Bypass / Leak
2026-02-21 15:15:00,16.558,31.488,149.8,61.55,26.21,53.39,12.146,11.525,4.375,3.761,0.6205,0.6138,3580.23,60.85,612.58,0.000184,0.8541,4,Tube Bypass / Leak
2026-02-21 15:30:00,20.754,35.041,143.39,67.13,30.22,56.67,12.188,11.261,4.587,3.84,0.9273,0.7469,3878.16,58.31,588.3,0.000225,0.7433,4,Tube Bypass / Leak
2026-02-21 15:45:00,16.965,30.931,144.06,60.99,28.08,54.76,11.744,11.116,4.525,3.902,0.628,0.6227,3452.68,56.49,573.69,0.000239,0.8092,4,Tube Bypass / Leak
2026-02-21 16:00:00,20.351,31.796,146.62,72.02,29.6,57.56,12.082,11.215,4.551,3.98,0.8672,0.5709,3719.47,62.88,578.44,0.000267,0.7754,4,Tube Bypass / Leak
2026-02-21 16:15:00,20.338,33.546,142.97,67.91,29.41,56.06,11.987,11.201,4.427,3.731,0.7865,0.6957,3740.31,59.46,620.43,0.000152,0.7958,4,Tube Bypass / Leak
2026-02-21 16:30:00,18.791,28.434,149.77,67.38,28.06,59.95,11.583,10.797,4.523,4.028,0.7861,0.4949,3793.38,61.13,613.04,0.00015,0.8065,4,Tube Bypass / Leak
2026-02-21 16:45:00,19.19,32.576,146.04,61.12,25.42,54.72,12.039,11.291,4.434,3.809,0.7487,0.6242,3992.74,59.22,630.0,0.000142,0.7978,4,Tube Bypass / Leak
2026-02-21 17:00:00,19.554,31.145,140.6,66.18,26.75,54.11,11.731,10.918,4.364,3.766,0.8121,0.598,3565.35,59.92,593.1,0.000227,0.7963,4,Tube Bypass / Leak
2026-02-21 17:15:00,16.833,30.766,142.53,57.9,26.56,53.67,12.113,11.495,4.507,3.95,0.6179,0.5565,3490.02,55.2,604.76,0.000161,0.8276,4,Tube Bypass / Leak
2026-02-21 17:30:00,18.119,30.234,146.91,63.71,29.78,58.97,12.191,11.59,4.659,4.108,0.6005,0.5511,3693.07,56.71,591.16,0.000203,0.7872,4,Tube Bypass / Leak
2026-02-21 17:45:00,20.725,29.213,147.16,68.96,28.14,60.63,11.211,10.446,4.464,3.93,0.7648,0.5336,3971.15,60.84,631.08,0.000196,0.7816,4,Tube Bypass / Leak
2026-02-21 18:00:00,18.655,31.732,147.99,64.98,29.37,57.95,11.812,11.153,4.352,3.713,0.6583,0.6396,3793.87,58.68,614.51,0.000159,0.8034,4,Tube Bypass / Leak
2026-02-21 18:15:00,19.351,33.949,145.02,68.32,26.85,52.45,12.15,11.452,4.375,3.686,0.6977,0.6888,3636.69,63.64,565.75,0.000269,0.7905,4,Tube Bypass / Leak
2026-02-21 18:30:00,18.355,30.259,145.19,63.0,28.76,57.95,12.179,11.494,4.649,4.063,0.6854,0.5869,3695.96,56.67,638.76,0.000132,0.8219,4,Tube Bypass / Leak
2026-02-21 18:45:00,17.417,35.109,142.8,60.09,26.99,51.01,11.916,11.374,4.447,3.731,0.5419,0.7168,3529.25,57.54,580.52,0.000222,0.8122,4,Tube Bypass / Leak
2026-02-21 19:00:00,20.29,30.917,144.27,69.54,29.21,57.93,12.165,11.414,4.678,4.078,0.7508,0.6002,3714.74,60.44,596.75,0.000188,0.7793,4,Tube Bypass / Leak
2026-02-21 19:15:00,20.539,31.502,143.34,67.56,29.53,58.46,11.811,10.967,4.682,4.089,0.8439,0.5938,3813.45,58.35,576.53,0.000223,0.7346,4,Tube Bypass / Leak
2026-02-21 19:30:00,17.952,31.925,147.06,63.0,27.61,55.29,12.169,11.486,4.353,3.711,0.6832,0.6423,3697.29,59.17,611.53,0.000201,0.8206,4,Tube Bypass / Leak
2026-02-21 19:45:00,18.324,32.742,145.04,62.39,27.04,54.12,12.032,11.3,4.579,3.962,0.732,0.6167,3710.48,58.82,610.5,0.000181,0.813,4,Tube Bypass / Leak
2026-02-21 20:00:00,16.523,35.326,148.53,59.3,27.98,52.42,12.214,11.69,4.467,3.778,0.5238,0.6888,3611.85,57.78,611.72,0.000139,0.8453,4,Tube Bypass / Leak
2026-02-21 20:15:00,18.113,32.048,147.68,61.79,27.79,56.22,12.078,11.463,4.373,3.789,0.6157,0.5843,3811.64,58.06,585.54,0.000205,0.7828,4,Tube Bypass / Leak
2026-02-21 20:30:00,17.449,31.934,142.49,61.06,28.12,54.17,11.832,11.212,4.487,3.847,0.6198,0.6401,3480.96,56.15,605.32,0.000164,0.8251,4,Tube Bypass / Leak
2026-02-21 20:45:00,19.965,32.678,143.12,65.75,26.19,53.87,12.054,11.308,4.567,3.952,0.7462,0.6149,3784.68,61.07,608.04,0.000187,0.7935,4,Tube Bypass / Leak
2026-02-21 21:00:00,19.939,37.499,144.24,66.27,27.58,51.86,11.934,11.108,4.517,3.701,0.8264,0.816,3808.6,61.69,564.94,0.000289,0.76,4,Tube Bypass / Leak
2026-02-21 21:15:00,18.16,34.215,150.32,67.84,29.09,54.72,12.315,11.663,4.35,3.687,0.6528,0.6629,3669.61,62.95,596.86,0.000208,0.8271,4,Tube Bypass / Leak
2026-02-21 21:30:00,17.431,30.443,147.86,60.67,27.61,56.84,12.153,11.608,4.539,3.98,0.5445,0.5591,3723.38,57.23,599.42,0.0002,0.8063,4,Tube Bypass / Leak
2026-02-21 21:45:00,19.879,32.637,145.69,67.5,28.63,56.52,12.049,11.257,4.649,3.996,0.7923,0.653,3808.39,60.58,606.32,0.000206,0.7887,4,Tube Bypass / Leak
2026-02-21 22:00:00,18.22,31.923,142.26,62.91,28.12,54.64,12.187,11.526,4.572,3.954,0.6607,0.6182,3541.91,57.2,592.98,0.000227,0.8041,4,Tube Bypass / Leak
2026-02-21 22:15:00,18.61,31.426,142.63,60.77,25.68,54.06,11.996,11.254,4.39,3.823,0.742,0.5669,3732.09,57.76,598.21,0.000197,0.7899,4,Tube Bypass / Leak
2026-02-21 22:30:00,18.055,31.463,145.65,63.29,29.06,56.73,11.798,11.2,4.413,3.804,0.5982,0.6084,3643.23,57.28,586.63,0.000229,0.7929,4,Tube Bypass / Leak
2026-02-21 22:45:00,19.043,32.492,144.88,66.94,29.3,56.05,12.056,11.402,4.451,3.848,0.6543,0.6033,3636.53,59.62,603.66,0.000145,0.8065,4,Tube Bypass / Leak
2026-02-21 23:00:00,17.965,29.066,147.53,62.97,29.04,59.64,12.206,11.521,4.349,3.839,0.6852,0.5102,3721.73,56.69,609.73,0.000203,0.8015,4,Tube Bypass / Leak
2026-02-21 23:15:00,18.562,29.963,144.56,66.31,29.27,57.66,12.075,11.408,4.353,3.848,0.6665,0.5048,3558.65,58.46,591.93,0.000214,0.8002,4,Tube Bypass / Leak
2026-02-21 23:30:00,18.482,33.344,145.05,65.57,27.56,53.35,12.162,11.443,4.527,3.882,0.7185,0.6459,3599.03,60.97,570.2,0.000249,0.7959,4,Tube Bypass / Leak
2026-02-21 23:45:00,17.847,30.766,146.28,63.23,28.76,56.98,11.7,11.102,4.505,3.961,0.5984,0.5439,3631.68,57.6,613.69,0.000156,0.8198,4,Tube Bypass / Leak
2026-02-22 00:00:00,21.045,29.649,145.59,70.51,26.46,57.67,11.788,10.96,4.412,3.835,0.8274,0.5776,3870.91,63.48,586.57,0.000226,0.7602,4,Tube Bypass / Leak
2026-02-22 00:15:00,18.906,35.059,146.98,68.65,28.59,53.33,12.025,11.361,4.303,3.553,0.6642,0.7503,3628.47,63.11,566.94,0.000239,0.7968,4,Tube Bypass / Leak
2026-02-22 00:30:00,17.062,30.013,146.53,64.26,26.15,53.54,11.847,11.31,4.402,3.841,0.5368,0.5616,3439.07,61.53,568.76,0.000256,0.8257,4,Tube Bypass / Leak
2026-02-22 00:45:00,17.671,31.085,143.85,63.97,27.65,54.24,11.992,11.439,4.604,4.034,0.5529,0.5701,3458.07,59.01,582.27,0.00022,0.817,4,Tube Bypass / Leak
2026-02-22 01:00:00,18.414,31.989,148.82,63.55,29.61,58.35,11.872,11.238,4.607,3.982,0.6338,0.625,3846.89,57.66,612.81,0.000157,0.7974,4,Tube Bypass / Leak
2026-02-22 01:15:00,19.498,31.721,142.54,65.39,29.45,57.22,12.145,11.449,4.448,3.837,0.6965,0.6116,3685.34,57.12,575.38,0.000236,0.7548,4,Tube Bypass / Leak
2026-02-22 01:30:00,19.125,33.345,145.81,66.76,27.49,54.04,12.193,11.466,4.452,3.821,0.7271,0.6312,3703.91,61.85,595.86,0.000173,0.8053,4,Tube Bypass / Leak
2026-02-22 01:45:00,17.436,31.79,142.97,56.86,25.67,53.33,12.047,11.496,4.497,3.897,0.5504,0.6005,3678.53,55.37,607.68,0.000148,0.8097,4,Tube Bypass / Leak
2026-02-22 02:00:00,18.261,33.839,146.03,61.92,28.92,55.5,12.392,11.766,4.544,3.873,0.6262,0.6706,3762.69,57.01,630.88,0.000122,0.8194,4,Tube Bypass / Leak
2026-02-22 02:15:00,17.481,30.846,145.24,61.86,25.36,53.03,12.198,11.535,4.611,4.002,0.663,0.6087,3571.28,60.11,610.82,0.000183,0.8376,4,Tube Bypass / Leak
2026-02-22 02:30:00,17.448,33.293,145.05,59.15,28.51,54.87,12.068,11.425,4.392,3.778,0.6426,0.614,3671.87,55.15,599.69,0.00017,0.8045,4,Tube Bypass / Leak
2026-02-22 02:45:00,17.4,30.076,145.89,61.32,28.55,57.2,12.038,11.467,4.483,3.919,0.5713,0.5636,3605.11,56.16,593.54,0.000229,0.8048,4,Tube Bypass / Leak
2026-02-22 03:00:00,17.297,30.024,143.54,63.45,30.05,57.06,11.971,11.335,4.595,4.096,0.6363,0.499,3393.74,55.8,607.12,0.000184,0.8307,4,Tube Bypass / Leak
2026-02-22 03:15:00,17.11,33.813,147.41,59.39,25.84,51.92,12.226,11.681,4.443,3.721,0.5456,0.7223,3689.66,59.22,585.55,0.000241,0.8157,4,Tube Bypass / Leak
2026-02-22 03:30:00,17.2,32.621,143.86,60.44,28.54,54.29,11.927,11.308,4.279,3.664,0.6195,0.615,3515.13,55.86,581.76,0.000244,0.807,4,Tube Bypass / Leak
2026-02-22 03:45:00,19.805,32.151,145.67,63.42,26.38,56.05,11.641,10.956,4.587,3.965,0.685,0.6212,3991.07,59.5,612.01,0.000139,0.7739,4,Tube Bypass / Leak
2026-02-22 04:00:00,18.078,31.671,146.46,61.09,27.03,55.57,12.126,11.46,4.505,3.932,0.6667,0.5726,3781.47,57.9,605.3,0.000183,0.8016,4,Tube Bypass / Leak
2026-02-22 04:15:00,18.565,33.584,148.43,67.34,28.4,54.65,12.134,11.457,4.499,3.843,0.6766,0.6558,3688.52,62.4,593.01,0.000235,0.8143,4,Tube Bypass / Leak
2026-02-22 04:30:00,18.97,35.212,146.51,64.3,27.42,53.36,11.939,11.251,4.485,3.778,0.6877,0.707,3821.02,60.73,600.9,0.000194,0.7997,4,Tube Bypass / Leak
2026-02-22 04:45:00,19.165,30.417,148.85,61.19,25.93,58.27,11.719,11.002,4.559,3.963,0.7173,0.5959,4115.96,58.63,621.32,0.000191,0.7754,4,Tube Bypass / Leak
2026-02-22 05:00:00,19.58,31.509,146.67,70.9,30.22,57.79,12.119,11.349,4.394,3.768,0.7704,0.6265,3634.85,61.66,583.95,0.000256,0.7913,4,Tube Bypass / Leak
2026-02-22 05:15:00,17.828,32.463,146.45,61.32,24.57,51.95,12.038,11.452,4.621,4.027,0.5857,0.5943,3718.19,61.15,598.78,0.000176,0.8201,4,Tube Bypass / Leak
2026-02-22 05:30:00,19.34,29.618,149.3,66.76,24.82,56.38,11.787,11.065,4.725,4.205,0.7219,0.5202,3910.88,64.09,604.03,0.000163,0.7985,4,Tube Bypass / Leak
2026-02-22 05:45:00,18.554,32.774,149.83,61.37,26.64,55.96,11.748,11.129,4.422,3.807,0.6199,0.6148,4021.01,59.48,618.75,0.000175,0.7977,4,Tube Bypass / Leak
2026-02-22 06:00:00,16.886,31.497,145.86,64.36,29.19,54.77,11.955,11.327,4.43,3.877,0.628,0.5528,3371.54,58.77,583.52,0.000234,0.835,4,Tube Bypass / Leak
2026-02-22 06:15:00,14.97,29.095,146.77,55.82,27.28,54.69,11.951,11.506,4.67,4.173,0.4444,0.4972,3336.1,54.24,589.8,0.000236,0.8506,4,Tube Bypass / Leak
2026-02-22 06:30:00,16.378,32.348,145.97,55.85,26.58,53.3,11.851,11.349,4.508,3.859,0.5018,0.6487,3616.08,55.01,607.85,0.000239,0.8306,4,Tube Bypass / Leak
2026-02-22 06:45:00,20.03,32.798,146.99,68.06,27.35,55.58,12.194,11.471,4.59,3.909,0.7231,0.681,3873.64,62.67,594.38,0.000221,0.7815,4,Tube Bypass / Leak
2026-02-22 07:00:00,19.019,34.133,143.21,65.78,28.51,53.77,12.244,11.529,4.422,3.672,0.7152,0.7497,3607.64,59.6,614.93,0.000192,0.8199,4,Tube Bypass / Leak
2026-02-22 07:15:00,16.248,31.503,143.16,56.92,25.32,51.37,12.012,11.464,4.525,3.956,0.5479,0.5694,3432.95,56.45,623.77,0.000131,0.8586,4,Tube Bypass / Leak
2026-02-22 07:30:00,19.009,33.683,146.43,64.82,26.17,53.14,12.226,11.521,4.555,3.857,0.705,0.6979,3800.64,62.02,607.08,0.000188,0.8099,4,Tube Bypass / Leak
2026-02-22 07:45:00,17.614,34.25,142.54,59.94,28.4,53.28,12.276,11.61,4.649,3.967,0.6664,0.6816,3564.55,55.49,591.55,0.000242,0.8054,4,Tube Bypass / Leak
2026-02-22 08:00:00,18.521,31.133,144.66,64.99,27.92,55.67,12.055,11.419,4.478,3.925,0.636,0.5525,3615.05,59.29,583.99,0.000232,0.7951,4,Tube Bypass / Leak
2026-02-22 08:15:00,19.267,36.594,143.46,63.74,27.49,52.07,11.866,11.09,4.423,3.605,0.7765,0.8179,3763.06,59.63,625.23,0.000143,0.8161,4,Tube Bypass / Leak
2026-02-22 08:30:00,18.597,31.213,142.76,67.08,30.22,56.63,11.643,10.934,4.523,3.972,0.7092,0.5511,3448.2,58.05,599.2,0.000209,0.8146,4,Tube Bypass / Leak
2026-02-22 08:45:00,23.128,33.438,144.77,70.49,28.73,58.82,11.744,10.756,4.557,3.874,0.9881,0.6832,4208.73,61.22,601.9,0.000185,0.7079,4,Tube Bypass / Leak
2026-02-22 09:00:00,18.495,32.046,149.14,65.75,30.14,58.32,11.85,11.157,4.504,3.9,0.693,0.6039,3778.33,58.97,619.05,0.000169,0.8122,4,Tube Bypass / Leak
2026-02-22 09:15:00,18.973,33.645,146.73,63.78,26.97,54.36,12.173,11.453,4.417,3.783,0.7203,0.6338,3856.07,60.39,616.92,0.000144,0.8069,4,Tube Bypass / Leak
2026-02-22 09:30:00,20.023,29.521,149.43,69.04,29.15,61.08,11.687,10.889,4.442,3.871,0.7987,0.5707,3943.57,60.94,606.59,0.000187,0.7728,4,Tube Bypass / Leak
2026-02-22 09:45:00,18.547,35.337,144.3,63.14,26.53,51.47,11.802,11.122,4.595,3.858,0.6803,0.7378,3687.9,60.42,591.16,0.000215,0.8061,4,Tube Bypass / Leak
2026-02-22 10:00:00,18.669,32.612,142.9,61.55,24.17,51.44,11.78,11.039,4.451,3.848,0.7408,0.6035,3720.97,60.44,560.66,0.000267,0.7698,4,Tube Bypass / Leak
2026-02-22 10:15:00,17.087,35.327,145.47,62.04,28.36,51.99,11.981,11.415,4.691,3.91,0.5662,0.7803,3492.77,58.58,613.97,0.000181,0.8491,4,Tube Bypass / Leak
2026-02-22 10:30:00,18.531,30.768,144.11,62.99,27.72,56.33,11.955,11.267,4.515,3.916,0.6888,0.5991,3682.78,57.59,598.5,0.000204,0.7933,4,Tube Bypass / Leak
2026-02-22 10:45:00,17.453,35.833,147.54,61.37,30.15,54.73,12.121,11.462,4.506,3.773,0.6581,0.7337,3684.72,56.54,606.34,0.000203,0.8183,4,Tube Bypass / Leak
2026-02-22 11:00:00,19.05,30.122,146.24,62.58,27.93,58.92,11.877,11.185,4.376,3.784,0.6914,0.5919,3904.83,56.98,630.45,0.000122,0.7917,4,Tube Bypass / Leak
2026-02-22 11:15:00,18.627,30.05,145.94,61.43,28.35,59.02,11.702,11.082,4.48,3.895,0.6196,0.5852,3856.48,55.73,614.2,0.000162,0.7815,4,Tube Bypass / Leak
2026-02-22 11:30:00,19.759,34.627,145.69,66.76,30.01,56.38,11.908,11.185,4.67,3.971,0.7226,0.6989,3820.81,59.19,638.37,0.000147,0.8115,4,Tube Bypass / Leak
2026-02-22 11:45:00,16.959,29.687,146.19,60.41,27.65,56.35,11.855,11.268,4.501,3.933,0.587,0.5686,3564.1,56.58,582.25,0.000213,0.8068,4,Tube Bypass / Leak
2026-02-22 12:00:00,20.855,30.503,153.6,72.65,28.25,60.67,12.126,11.355,4.235,3.681,0.7718,0.554,4136.48,65.7,590.88,0.000194,0.757,4,Tube Bypass / Leak
2026-02-22 12:15:00,17.863,31.073,140.91,63.76,30.34,56.31,12.289,11.606,4.327,3.772,0.6831,0.555,3376.45,55.11,593.91,0.000205,0.8118,4,Tube Bypass / Leak
2026-02-22 12:30:00,19.751,33.209,143.42,66.56,27.8,54.57,12.156,11.362,4.262,3.624,0.7943,0.6372,3719.4,60.38,591.11,0.000255,0.784,4,Tube Bypass / Leak
2026-02-22 12:45:00,16.698,30.781,142.7,62.62,28.77,54.21,12.181,11.626,4.473,3.908,0.5549,0.5645,3276.23,56.86,592.09,0.000222,0.842,4,Tube Bypass / Leak
2026-02-22 13:00:00,16.788,33.346,141.93,61.76,27.61,51.24,12.073,11.539,4.432,3.777,0.5334,0.6548,3297.41,57.89,603.58,0.000214,0.8541,4,Tube Bypass / Leak
2026-02-22 13:15:00,18.05,30.412,148.27,66.01,28.57,57.16,12.039,11.39,4.524,3.976,0.6487,0.5484,3637.99,60.35,559.15,0.000279,0.7815,4,Tube Bypass / Leak
2026-02-22 13:30:00,18.45,29.538,148.46,66.08,25.44,55.56,11.69,11.03,4.468,3.955,0.6602,0.513,3723.63,63.21,595.28,0.000183,0.8133,4,Tube Bypass / Leak
2026-02-22 13:45:00,18.97,34.15,142.33,61.74,26.6,52.81,12.451,11.783,4.513,3.855,0.6682,0.6587,3745.39,58.15,568.74,0.00028,0.7608,4,Tube Bypass / Leak
2026-02-22 14:00:00,15.289,32.939,144.36,54.73,26.34,50.7,12.325,11.866,4.661,3.998,0.4586,0.6635,3357.37,54.69,594.7,0.000238,0.8538,4,Tube Bypass / Leak
2026-02-22 14:15:00,21.529,30.689,146.86,72.14,29.45,60.13,12.321,11.509,4.386,3.772,0.8122,0.6135,3940.65,62.13,575.24,0.000251,0.7285,4,Tube Bypass / Leak
2026-02-22 14:30:00,18.064,30.473,145.29,64.34,29.2,57.3,12.181,11.594,4.658,4.09,0.5867,0.5678,3582.68,57.58,594.37,0.000207,0.8041,4,Tube Bypass / Leak
2026-02-22 14:45:00,17.806,32.745,141.35,58.57,27.33,53.69,12.275,11.704,4.573,3.887,0.5708,0.6857,3611.1,54.68,632.2,0.000128,0.8255,4,Tube Bypass / Leak
2026-02-22 15:00:00,19.258,30.38,140.02,65.67,29.17,56.77,12.113,11.41,4.398,3.849,0.7033,0.5492,3507.84,56.7,596.27,0.000236,0.79,4,Tube Bypass / Leak
2026-02-22 15:15:00,16.963,32.76,147.81,59.8,27.49,54.18,11.767,11.183,4.285,3.621,0.5837,0.6637,3657.71,57.63,619.16,0.000148,0.8378,4,Tube Bypass / Leak
2026-02-22 15:30:00,18.427,33.768,145.1,64.5,27.67,53.43,12.03,11.385,4.633,3.914,0.6451,0.7181,3638.79,60.14,569.68,0.000254,0.7894,4,Tube Bypass / Leak
2026-02-22 15:45:00,19.161,34.713,144.01,60.1,25.67,52.79,12.104,11.325,4.522,3.821,0.7788,0.701,3939.28,58.28,597.12,0.000216,0.7716,4,Tube Bypass / Leak
2026-02-22 16:00:00,19.124,33.169,138.43,63.03,26.9,52.35,11.682,10.925,4.45,3.781,0.7567,0.6689,3532.51,57.54,606.03,0.000167,0.8064,4,Tube Bypass / Leak
2026-02-22 16:15:00,17.159,28.551,148.31,65.64,28.5,57.59,12.173,11.625,4.618,4.096,0.5482,0.522,3475.3,60.0,593.55,0.000229,0.8324,4,Tube Bypass / Leak
2026-02-22 16:30:00,18.974,29.143,143.66,63.51,28.63,59.18,11.941,11.271,4.608,4.075,0.6703,0.5329,3725.5,56.07,609.28,0.000168,0.7819,4,Tube Bypass / Leak
2026-02-22 16:45:00,18.355,31.265,139.01,60.84,31.56,58.43,12.127,11.419,4.634,4.014,0.7074,0.6196,3515.28,50.68,618.21,0.000174,0.791,4,Tube Bypass / Leak
2026-02-22 17:00:00,18.55,36.03,142.64,59.91,26.67,51.61,11.898,11.209,4.766,4.024,0.6887,0.7417,3759.53,57.36,584.72,0.000202,0.7807,4,Tube Bypass / Leak
2026-02-22 17:15:00,20.436,33.118,141.42,67.55,28.46,55.15,11.91,11.17,4.634,4.001,0.7393,0.6326,3698.41,59.6,614.38,0.000152,0.7932,4,Tube Bypass / Leak
2026-02-22 17:30:00,17.591,30.829,145.75,61.16,26.93,55.19,12.282,11.684,4.696,4.147,0.5975,0.5489,3645.57,57.9,617.3,0.000199,0.8266,4,Tube Bypass / Leak
2026-02-22 17:45:00,18.793,32.003,147.74,66.05,28.51,56.59,11.872,11.198,4.535,3.905,0.6741,0.63,3760.98,60.43,621.08,0.000134,0.8174,4,Tube Bypass / Leak
2026-02-22 18:00:00,20.009,28.603,147.77,68.83,28.24,60.57,12.194,11.448,4.493,3.963,0.7463,0.5302,3869.61,60.96,593.07,0.000207,0.7648,4,Tube Bypass / Leak
2026-02-22 18:15:00,19.057,32.627,148.65,66.42,26.45,54.58,12.119,11.446,4.429,3.735,0.6736,0.6943,3839.73,63.2,591.03,0.0002,0.7969,4,Tube Bypass / Leak
2026-02-22 18:30:00,19.185,35.165,145.33,65.75,26.9,52.32,11.801,11.03,4.488,3.713,0.7715,0.7745,3740.49,62.04,581.62,0.000224,0.7921,4,Tube Bypass / Leak
2026-02-22 18:45:00,17.976,33.653,141.01,59.23,29.09,54.67,12.358,11.744,4.539,3.83,0.614,0.7095,3601.95,53.4,619.28,0.000193,0.8091,4,Tube Bypass / Leak
2026-02-22 19:00:00,17.311,33.571,147.45,61.74,30.89,56.77,11.936,11.395,4.399,3.745,0.5403,0.654,3635.45,55.49,621.13,0.000149,0.8278,4,Tube Bypass / Leak
2026-02-22 19:15:00,18.843,30.822,137.46,65.87,30.95,56.58,12.108,11.374,4.61,3.995,0.7342,0.6145,3304.97,54.72,586.92,0.00025,0.7955,4,Tube Bypass / Leak
2026-02-22 19:30:00,17.244,32.916,144.39,61.3,27.17,52.65,12.194,11.662,4.407,3.796,0.5321,0.6103,3510.28,58.26,591.22,0.000155,0.8255,4,Tube Bypass / Leak
2026-02-22 19:45:00,17.591,28.931,143.04,64.56,27.54,55.48,12.101,11.469,4.495,3.99,0.6321,0.5058,3382.58,58.7,581.7,0.000224,0.8192,4,Tube Bypass / Leak
2026-02-22 20:00:00,19.755,32.943,140.34,62.6,26.07,53.36,11.973,11.159,4.554,3.913,0.8141,0.6403,3762.51,58.15,629.84,0.000139,0.802,4,Tube Bypass / Leak
2026-02-22 20:15:00,18.789,30.808,143.72,62.15,26.47,55.6,12.207,11.566,4.532,3.947,0.6416,0.5853,3754.71,58.0,606.93,0.000185,0.7933,4,Tube Bypass / Leak
2026-02-22 20:30:00,18.759,31.041,145.24,66.47,28.4,56.27,11.752,11.034,4.515,3.908,0.718,0.6069,3620.35,59.96,584.18,0.000224,0.7947,4,Tube Bypass / Leak
2026-02-22 20:45:00,17.697,33.289,147.51,59.13,26.65,54.16,11.921,11.255,4.465,3.814,0.6656,0.6503,3831.92,57.66,633.37,0.000133,0.8272,4,Tube Bypass / Leak
2026-02-22 21:00:00,20.191,31.811,141.68,63.57,25.41,54.44,11.91,11.041,4.275,3.692,0.8686,0.5822,3864.18,59.35,621.87,0.00018,0.7859,4,Tube Bypass / Leak
2026-02-22 21:15:00,18.379,32.677,146.99,64.47,29.91,57.09,12.02,11.357,4.493,3.877,0.6626,0.6167,3715.99,57.88,597.88,0.000211,0.7969,4,Tube Bypass / Leak
2026-02-22 21:30:00,17.579,30.76,149.24,61.7,29.87,59.17,12.303,11.673,4.594,4.025,0.6308,0.5693,3770.34,55.99,609.59,0.000157,0.8038,4,Tube Bypass / Leak
2026-02-22 21:45:00,18.255,28.613,151.12,62.98,28.98,61.91,11.626,10.893,4.355,3.829,0.7326,0.5253,3942.23,57.24,612.54,0.000121,0.7849,4,Tube Bypass / Leak
2026-02-22 22:00:00,18.562,30.695,143.67,63.8,29.75,58.03,11.823,11.233,4.533,3.964,0.5898,0.5688,3632.35,55.93,586.99,0.000244,0.7777,4,Tube Bypass / Leak
2026-02-22 22:15:00,17.698,29.188,145.6,61.87,27.68,57.4,11.816,11.212,4.471,3.963,0.6044,0.5082,3630.6,57.0,591.87,0.000218,0.7991,4,Tube Bypass / Leak
2026-02-22 22:30:00,18.567,35.002,142.93,64.62,29.27,53.6,11.834,11.129,4.502,3.784,0.7049,0.7182,3561.79,58.23,612.63,0.000154,0.8222,4,Tube Bypass / Leak
2026-02-22 22:45:00,18.129,29.342,144.82,65.72,27.51,56.12,12.216,11.57,4.493,3.963,0.6465,0.53,3513.29,59.96,579.59,0.000209,0.8058,4,Tube Bypass / Leak
2026-02-22 23:00:00,19.454,34.987,145.3,63.85,27.8,54.32,12.313,11.594,4.583,3.843,0.7192,0.7406,3882.07,59.34,602.84,0.000209,0.7826,4,Tube Bypass / Leak
2026-02-22 23:15:00,19.118,30.059,147.82,66.99,28.49,58.59,11.596,10.903,4.454,3.889,0.6928,0.5648,3785.85,60.35,604.99,0.000207,0.7949,4,Tube Bypass / Leak
2026-02-22 23:30:00,19.265,33.097,139.94,62.69,27.47,53.8,12.056,11.259,4.611,3.973,0.7965,0.6376,3645.94,56.93,591.75,0.000218,0.7792,4,Tube Bypass / Leak
2026-02-22 23:45:00,18.008,33.01,145.75,60.5,27.98,55.21,11.673,10.952,4.314,3.673,0.7216,0.6404,3761.33,56.67,596.86,0.000238,0.7931,4,Tube Bypass / Leak
2026-02-23 00:00:00,17.064,31.236,142.77,61.33,29.39,55.44,11.848,11.301,4.586,3.966,0.5469,0.6203,3404.79,55.06,572.55,0.000244,0.804,4,Tube Bypass / Leak
2026-02-23 00:15:00,17.571,29.048,148.95,67.4,27.96,56.84,11.891,11.278,4.461,3.966,0.6126,0.4944,3510.76,62.09,571.8,0.000253,0.8166,4,Tube Bypass / Leak
2026-02-23 00:30:00,19.552,30.544,143.05,65.08,25.23,54.46,12.065,11.42,4.522,3.947,0.645,0.5756,3734.82,61.01,610.69,0.000148,0.8018,4,Tube Bypass / Leak
2026-02-23 00:45:00,16.7,31.026,138.99,58.09,29.11,54.6,12.095,11.568,4.548,3.967,0.5272,0.5809,3309.96,51.85,610.19,0.000197,0.8318,4,Tube Bypass / Leak
2026-02-23 01:00:00,21.313,33.003,145.89,69.69,29.6,58.42,12.303,11.466,4.408,3.795,0.8367,0.6131,3978.96,60.74,591.58,0.000204,0.7409,4,Tube Bypass / Leak
2026-02-23 01:15:00,16.338,35.795,149.33,59.13,28.34,52.45,11.736,11.244,4.471,3.644,0.4924,0.827,3610.68,57.66,598.55,0.000206,0.839,4,Tube Bypass / Leak
2026-02-23 01:30:00,17.665,30.457,144.93,61.5,24.45,52.78,12.072,11.436,4.401,3.851,0.6368,0.5499,3610.61,60.48,603.84,0.000182,0.8283,4,Tube Bypass / Leak
2026-02-23 01:45:00,18.511,29.678,144.27,64.99,29.74,58.69,12.206,11.482,4.476,3.972,0.724,0.5037,3595.42,56.74,595.99,0.000232,0.7923,4,Tube Bypass / Leak
2026-02-23 02:00:00,18.467,33.399,144.92,64.42,28.48,54.54,12.303,11.615,4.556,3.881,0.6879,0.6751,3642.3,59.04,620.91,0.000141,0.8257,4,Tube Bypass / Leak
2026-02-23 02:15:00,17.079,30.565,147.19,60.21,24.07,52.53,11.88,11.25,4.557,3.98,0.63,0.5769,3639.82,60.78,608.02,0.00021,0.8388,4,Tube Bypass / Leak
2026-02-23 02:30:00,18.642,31.157,145.17,60.22,26.76,56.53,11.802,11.164,4.555,3.991,0.6386,0.5646,3879.93,56.64,623.58,0.000149,0.7942,4,Tube Bypass / Leak
2026-02-23 02:45:00,18.725,32.347,143.39,64.62,27.2,53.9,12.064,11.45,4.44,3.815,0.6144,0.6246,3613.6,59.72,589.16,0.000183,0.8007,4,Tube Bypass / Leak
2026-02-23 03:00:00,17.971,34.27,140.29,62.64,26.51,50.36,12.152,11.522,4.343,3.622,0.63,0.7207,3418.82,59.0,590.4,0.000196,0.8261,4,Tube Bypass / Leak
2026-02-23 03:15:00,18.549,28.545,142.12,62.59,27.87,58.13,11.392,10.673,4.428,3.897,0.7188,0.5317,3614.33,55.78,575.15,0.000254,0.763,4,Tube Bypass / Leak
2026-02-23 03:30:00,19.719,30.906,145.94,66.0,28.07,57.94,11.765,10.931,4.317,3.737,0.8335,0.5799,3861.93,59.49,620.25,0.000132,0.7905,4,Tube Bypass / Leak
2026-02-23 03:45:00,18.704,29.68,145.43,63.49,27.64,57.88,12.216,11.54,4.509,3.947,0.6753,0.5628,3754.61,57.91,605.0,0.000221,0.7905,4,Tube Bypass / Leak
2026-02-23 04:00:00,17.944,33.356,144.08,60.59,24.66,50.96,12.193,11.544,4.537,3.85,0.6485,0.687,3670.45,60.05,587.53,0.00024,0.809,4,Tube Bypass / Leak
2026-02-23 04:15:00,19.174,31.71,143.02,64.07,29.15,57.1,11.759,10.985,4.568,3.964,0.7739,0.6046,3708.54,56.64,595.63,0.000183,0.7752,4,Tube Bypass / Leak
2026-02-23 04:30:00,18.454,27.378,146.7,59.65,24.97,59.33,11.576,10.966,4.6,4.145,0.6101,0.4544,3935.89,57.02,618.29,0.000173,0.7833,4,Tube Bypass / Leak
2026-02-23 04:45:00,18.757,33.477,142.77,60.15,26.91,54.02,11.887,11.248,4.429,3.727,0.6396,0.7021,3797.03,56.53,623.01,0.000129,0.8008,4,Tube Bypass / Leak
2026-02-23 05:00:00,19.272,32.799,143.28,64.33,29.45,56.61,12.182,11.394,4.584,3.93,0.7882,0.6543,3727.81,56.9,601.62,0.000218,0.7808,4,Tube Bypass / Leak
2026-02-23 05:15:00,17.903,34.688,149.27,64.29,31.65,57.33,12.298,11.671,4.646,3.916,0.6272,0.7304,3727.41,57.26,602.89,0.000254,0.8074,4,Tube Bypass / Leak
2026-02-23 05:30:00,20.559,28.864,139.63,63.58,29.05,60.77,11.939,11.041,4.543,4.017,0.8978,0.5258,3830.43,53.68,626.6,0.000138,0.7494,4,Tube Bypass / Leak
2026-02-23 05:45:00,17.328,30.962,150.85,65.36,28.37,56.39,12.093,11.455,4.418,3.83,0.6381,0.5876,3629.46,61.3,576.81,0.000268,0.8146,4,Tube Bypass / Leak
2026-02-23 06:00:00,17.295,35.272,142.34,57.51,25.2,49.55,12.18,11.533,4.509,3.723,0.6469,0.7852,3594.28,57.33,576.78,0.000268,0.8055,4,Tube Bypass / Leak
2026-02-23 06:15:00,16.911,32.175,149.45,61.43,25.83,52.92,11.805,11.238,4.62,4.0,0.5673,0.6204,3646.92,61.08,620.2,0.000161,0.852,4,Tube Bypass / Leak
2026-02-23 06:30:00,19.845,30.022,146.66,70.84,29.98,59.33,11.73,11.003,4.426,3.886,0.7273,0.5397,3686.58,61.18,584.94,0.000226,0.7794,4,Tube Bypass / Leak
2026-02-23 06:45:00,19.232,29.42,144.96,66.67,28.54,58.5,12.039,11.373,4.504,3.951,0.6659,0.5523,3688.91,59.04,563.92,0.000283,0.754,4,Tube Bypass / Leak
2026-02-23 07:00:00,17.327,32.204,142.61,59.94,28.34,54.39,12.151,11.595,4.302,3.629,0.5559,0.6732,3509.53,55.15,587.31,0.000272,0.8062,4,Tube Bypass / Leak
2026-02-23 07:15:00,17.767,34.39,147.99,64.26,27.06,52.39,11.978,11.378,4.312,3.536,0.5997,0.7759,3644.64,61.87,613.04,0.000152,0.8415,4,Tube Bypass / Leak
2026-02-23 07:30:00,18.204,31.59,140.36,58.79,26.61,54.13,11.676,10.995,4.581,3.942,0.6807,0.6394,3637.52,54.83,599.17,0.000206,0.7899,4,Tube Bypass / Leak
2026-02-23 07:45:00,19.345,29.457,147.29,70.05,28.62,58.33,12.245,11.537,4.58,4.088,0.7086,0.4919,3661.18,62.2,581.93,0.000191,0.79,4,Tube Bypass / Leak
2026-02-23 08:00:00,19.546,31.248,143.9,62.95,26.39,56.04,11.713,10.96,4.494,3.854,0.7527,0.64,3876.36,58.51,602.36,0.000224,0.7713,4,Tube Bypass / Leak
2026-02-23 08:15:00,17.088,33.922,143.8,63.29,28.47,52.22,11.697,11.037,4.691,4.033,0.66,0.658,3370.87,58.69,583.53,0.000225,0.8346,4,Tube Bypass / Leak
2026-02-23 08:30:00,17.929,31.522,143.19,65.03,29.21,55.25,11.896,11.219,4.487,3.864,0.6768,0.6236,3433.39,58.03,577.48,0.000234,0.8073,4,Tube Bypass / Leak
2026-02-23 08:45:00,18.134,30.281,141.89,62.51,25.71,53.54,11.967,11.314,4.475,3.871,0.6524,0.6042,3526.41,58.86,597.01,0.000204,0.8154,4,Tube Bypass / Leak
2026-02-23 09:00:00,16.425,28.325,144.25,62.6,29.69,57.42,12.031,11.501,4.457,3.973,0.5298,0.4844,3285.64,55.58,581.29,0.000191,0.8284,4,Tube Bypass / Leak
2026-02-23 09:15:00,18.268,32.315,146.37,62.69,25.41,53.11,12.316,11.618,4.4,3.735,0.6987,0.6649,3745.31,61.05,604.87,0.000169,0.8162,4,Tube Bypass / Leak
2026-02-23 09:30:00,18.109,31.59,144.76,59.67,27.39,55.95,12.094,11.399,4.53,3.946,0.6943,0.5836,3775.55,55.85,609.76,0.000177,0.7955,4,Tube Bypass / Leak
2026-02-23 09:45:00,18.216,32.082,140.85,62.63,28.31,54.31,11.854,11.243,4.6,3.975,0.6115,0.6253,3490.75,56.46,603.8,0.000177,0.8137,4,Tube Bypass / Leak
2026-02-23 10:00:00,20.347,33.244,143.73,64.87,28.64,56.9,11.871,11.148,4.453,3.782,0.7223,0.6717,3930.89,57.9,600.47,0.000185,0.7522,4,Tube Bypass / Leak
2026-02-23 10:15:00,18.353,33.151,147.48,66.67,31.46,57.65,12.156,11.52,4.563,3.917,0.6365,0.6452,3633.58,58.32,563.59,0.00024,0.7748,4,Tube Bypass / Leak
2026-02-23 10:30:00,19.412,29.979,141.32,66.08,29.58,58.11,12.084,11.283,4.47,3.95,0.8015,0.5198,3578.21,56.68,575.68,0.000227,0.7609,4,Tube Bypass / Leak
2026-02-23 10:45:00,17.787,32.238,146.18,59.53,27.12,55.12,12.065,11.443,4.553,3.924,0.6217,0.6287,3776.01,56.77,607.99,0.000161,0.8046,4,Tube Bypass / Leak
2026-02-23 11:00:00,19.044,34.143,144.48,66.6,29.55,54.98,12.322,11.606,4.507,3.805,0.7167,0.7028,3633.68,59.46,602.75,0.000212,0.8073,4,Tube Bypass / Leak
2026-02-23 11:15:00,19.649,32.157,147.35,66.13,27.18,56.24,12.137,11.458,4.521,3.862,0.6783,0.6596,3909.79,61.38,596.45,0.000194,0.7782,4,Tube Bypass / Leak
2026-02-23 11:30:00,18.998,32.592,142.35,61.19,27.84,55.54,12.254,11.639,4.746,4.097,0.615,0.6491,3777.53,55.88,610.43,0.000191,0.7833,4,Tube Bypass / Leak
2026-02-23 11:45:00,16.773,31.426,145.39,60.56,28.28,54.8,12.477,11.956,4.529,3.936,0.5204,0.5932,3486.09,56.51,612.1,0.000149,0.8404,4,Tube Bypass / Leak
2026-02-23 12:00:00,18.266,31.71,143.85,64.06,30.01,56.92,12.042,11.436,4.496,3.907,0.6066,0.5894,3571.12,56.42,622.82,0.000153,0.8211,4,Tube Bypass / Leak
2026-02-23 12:15:00,17.974,32.6,147.48,64.94,26.92,53.57,12.221,11.618,4.585,3.962,0.6038,0.6225,3634.59,61.81,591.3,0.000213,0.8211,4,Tube Bypass / Leak
2026-02-23 12:30:00,18.601,32.101,143.87,64.14,30.23,57.28,12.111,11.472,4.416,3.83,0.6392,0.5855,3633.45,56.2,590.92,0.000203,0.7843,4,Tube Bypass / Leak
2026-02-23 12:45:00,17.613,33.777,144.27,62.62,27.71,52.64,11.919,11.242,4.604,3.946,0.6774,0.6576,3523.66,58.78,613.62,0.000163,0.8391,4,Tube Bypass / Leak
2026-02-23 13:00:00,17.292,32.29,141.85,55.97,26.94,53.87,12.091,11.49,4.519,3.897,0.6009,0.6224,3638.24,53.17,620.29,0.00013,0.8155,4,Tube Bypass / Leak
2026-02-23 13:15:00,17.33,30.405,143.38,63.16,29.94,56.72,12.146,11.613,4.301,3.753,0.5329,0.548,3405.86,55.73,597.28,0.000211,0.8221,4,Tube Bypass / Leak
2026-02-23 13:30:00,19.555,31.341,138.17,62.35,27.41,55.11,11.978,11.186,4.539,3.984,0.792,0.5547,3632.44,55.57,572.55,0.000255,0.7458,4,Tube Bypass / Leak
2026-02-23 13:45:00,18.404,32.318,146.68,62.84,28.31,56.27,11.764,11.085,4.304,3.687,0.6786,0.6162,3780.38,58.05,622.93,0.000147,0.8127,4,Tube Bypass / Leak
2026-02-23 14:00:00,19.882,32.465,141.62,63.68,26.55,54.5,11.973,11.151,4.557,3.937,0.8217,0.6202,3796.53,58.62,578.33,0.000262,0.7517,4,Tube Bypass / Leak
2026-02-23 14:15:00,20.017,33.336,143.12,68.31,29.33,55.63,12.157,11.327,4.558,3.926,0.8303,0.6319,3668.79,60.01,596.47,0.000167,0.7878,4,Tube Bypass / Leak
2026-02-23 14:30:00,18.553,30.76,146.21,60.38,25.8,56.12,11.613,10.883,4.57,4.031,0.729,0.5389,3901.79,57.97,598.76,0.000204,0.7782,4,Tube Bypass / Leak
2026-02-23 14:45:00,19.418,32.768,143.13,64.6,25.01,52.26,12.041,11.254,4.57,3.952,0.7872,0.6178,3736.05,61.72,589.83,0.000216,0.7922,4,Tube Bypass / Leak
2026-02-23 15:00:00,17.294,32.263,141.97,61.9,28.68,53.82,11.953,11.319,4.364,3.689,0.634,0.6748,3392.71,56.28,576.9,0.000286,0.8122,4,Tube Bypass / Leak
2026-02-23 15:15:00,21.207,30.481,143.67,67.82,26.38,57.28,12.282,11.435,4.414,3.89,0.8466,0.5245,3940.79,61.19,589.74,0.000212,0.7426,4,Tube Bypass / Leak
2026-02-23 15:30:00,20.662,33.469,150.97,69.55,28.59,58.02,11.809,10.885,4.527,3.859,0.9241,0.6684,4121.48,63.44,634.38,0.000123,0.7934,4,Tube Bypass / Leak
2026-02-23 15:45:00,16.924,33.896,143.8,59.05,30.28,55.06,12.074,11.53,4.515,3.868,0.5436,0.6466,3513.99,53.25,599.21,0.000222,0.8159,4,Tube Bypass / Leak
2026-02-23 16:00:00,16.099,34.55,149.51,60.42,29.22,53.53,11.855,11.329,4.623,3.897,0.5257,0.7257,3514.14,57.65,606.45,0.000141,0.8524,4,Tube Bypass / Leak
2026-02-23 16:15:00,19.904,33.273,145.41,65.81,27.23,55.12,11.96,11.203,4.462,3.794,0.7565,0.6679,3881.5,60.82,575.66,0.000283,0.7549,4,Tube Bypass / Leak
2026-02-23 16:30:00,19.027,31.873,148.7,63.72,28.88,58.58,12.083,11.323,4.433,3.812,0.7599,0.6204,3961.4,58.17,621.66,0.000167,0.7893,4,Tube Bypass / Leak
2026-02-23 16:45:00,20.351,33.581,146.27,68.08,28.33,56.08,11.955,11.091,4.49,3.758,0.8641,0.7316,3898.74,61.57,599.05,0.000234,0.7747,4,Tube Bypass / Leak
2026-02-23 17:00:00,17.739,31.253,144.4,61.36,27.8,55.4,12.171,11.486,4.426,3.851,0.6848,0.5755,3609.29,56.84,575.36,0.000234,0.788,4,Tube Bypass / Leak
2026-02-23 17:15:00,18.278,29.116,146.82,60.4,25.34,57.11,11.81,11.211,4.475,3.965,0.5994,0.51,3869.88,58.17,620.41,0.000168,0.8018,4,Tube Bypass / Leak
2026-02-23 17:30:00,16.324,35.759,144.06,59.77,24.83,47.36,11.788,11.276,4.56,3.797,0.512,0.7632,3370.97,60.68,589.82,0.000235,0.8585,4,Tube Bypass / Leak
2026-02-23 17:45:00,20.485,32.684,143.4,68.01,26.82,54.49,11.932,11.074,4.488,3.822,0.8576,0.6662,3783.41,62.02,597.82,0.000227,0.7828,4,Tube Bypass / Leak
2026-02-23 18:00:00,21.252,33.801,143.57,67.04,28.24,56.42,11.661,10.811,4.438,3.743,0.8498,0.6949,3984.59,59.74,588.05,0.000252,0.7325,4,Tube Bypass / Leak
2026-02-23 18:15:00,19.391,35.103,145.58,64.32,29.02,55.31,11.942,11.174,4.57,3.832,0.7679,0.7373,3860.74,58.54,635.31,0.000121,0.8087,4,Tube Bypass / Leak
2026-02-23 18:30:00,19.268,34.016,149.38,64.76,28.97,57.03,12.027,11.303,4.514,3.827,0.7243,0.6867,3994.43,59.67,596.69,0.000176,0.7714,4,Tube Bypass / Leak
2026-02-23 18:45:00,19.607,30.756,144.99,66.11,28.14,57.59,11.787,10.973,4.502,3.923,0.8139,0.5797,3788.98,59.29,604.85,0.000219,0.7833,4,Tube Bypass / Leak
2026-02-23 19:00:00,19.166,29.923,142.69,64.26,28.74,58.15,11.806,11.003,4.389,3.871,0.8035,0.5182,3682.92,56.53,623.3,0.000154,0.7982,4,Tube Bypass / Leak
2026-02-23 19:15:00,17.975,30.854,149.77,65.05,29.23,58.13,11.994,11.323,4.44,3.865,0.6708,0.5747,3731.06,59.42,580.12,0.000227,0.791,4,Tube Bypass / Leak
2026-02-23 19:30:00,16.352,30.558,144.65,61.36,29.49,55.59,11.979,11.45,4.469,3.921,0.5287,0.5476,3336.98,55.65,570.16,0.000255,0.8205,4,Tube Bypass / Leak
2026-02-23 19:45:00,16.231,31.115,148.19,61.21,27.91,54.48,12.116,11.575,4.491,3.941,0.5409,0.5496,3458.78,58.39,589.18,0.000247,0.8407,4,Tube Bypass / Leak
2026-02-23 20:00:00,19.085,33.628,140.89,61.79,28.31,54.59,11.827,11.063,4.675,3.991,0.7644,0.6839,3698.26,55.79,608.23,0.000214,0.7872,4,Tube Bypass / Leak
2026-02-23 20:15:00,19.194,30.842,143.46,66.56,28.6,56.63,11.891,11.211,4.615,4.014,0.6806,0.6014,3616.4,59.07,577.24,0.000254,0.7773,4,Tube Bypass / Leak
2026-02-23 20:30:00,18.096,31.677,140.19,61.33,28.03,54.41,11.877,11.183,4.43,3.835,0.6935,0.594,3496.0,55.46,615.61,0.000183,0.819,4,Tube Bypass / Leak
2026-02-23 20:45:00,19.038,30.28,145.91,65.09,27.95,57.71,11.806,11.146,4.393,3.825,0.6597,0.5679,3769.69,59.04,604.98,0.000203,0.7911,4,Tube Bypass / Leak
2026-02-23 21:00:00,17.836,31.116,142.41,63.14,26.55,53.16,12.111,11.5,4.648,4.017,0.611,0.631,3464.16,59.06,584.37,0.000231,0.8162,4,Tube Bypass / Leak
2026-02-23 21:15:00,17.469,34.249,141.54,60.78,26.73,50.85,11.893,11.295,4.557,3.826,0.5973,0.7316,3456.17,57.82,592.2,0.000206,0.8265,4,Tube Bypass / Leak
2026-02-23 21:30:00,17.134,30.878,146.13,62.58,26.81,53.96,11.808,11.219,4.355,3.769,0.5887,0.5859,3507.05,59.58,580.32,0.000262,0.8218,4,Tube Bypass / Leak
2026-02-23 21:45:00,18.8,31.161,146.75,66.71,27.07,55.35,11.916,11.252,4.473,3.905,0.6642,0.5677,3686.71,61.96,594.6,0.000226,0.8076,4,Tube Bypass / Leak
2026-02-23 22:00:00,17.877,32.537,140.82,63.62,28.24,53.08,12.008,11.38,4.619,3.969,0.6274,0.6499,3381.14,57.65,581.12,0.000251,0.8148,4,Tube Bypass / Leak
2026-02-23 22:15:00,20.175,30.932,146.44,69.56,27.18,56.54,11.83,10.942,4.461,3.869,0.8879,0.5921,3800.38,63.19,589.62,0.000244,0.7814,4,Tube Bypass / Leak
2026-02-23 22:30:00,19.858,30.452,143.86,68.19,28.62,57.52,12.122,11.371,4.473,3.882,0.7505,0.5919,3681.62,59.94,601.68,0.00021,0.789,4,Tube Bypass / Leak
2026-02-23 22:45:00,21.201,30.691,145.13,67.36,27.08,58.54,12.181,11.33,4.593,4.011,0.8512,0.5822,4039.44,60.51,593.77,0.000188,0.7338,4,Tube Bypass / Leak
2026-02-23 23:00:00,18.181,31.688,139.88,62.45,31.42,57.43,12.061,11.369,4.544,3.916,0.6924,0.6282,3449.07,52.61,589.01,0.000235,0.7847,4,Tube Bypass / Leak
2026-02-23 23:15:00,16.595,35.674,148.56,58.83,25.07,49.51,12.226,11.744,4.509,3.781,0.4821,0.7279,3648.52,60.66,593.54,0.000177,0.8401,4,Tube Bypass / Leak
2026-02-23 23:30:00,16.864,35.364,146.98,65.57,28.47,51.2,11.789,11.244,4.368,3.673,0.5455,0.6952,3363.61,61.87,556.11,0.000263,0.8312,4,Tube Bypass / Leak
2026-02-23 23:45:00,18.817,33.076,148.02,66.35,28.5,55.7,12.473,11.753,4.563,3.898,0.7198,0.6651,3765.05,61.09,593.49,0.000248,0.7988,4,Tube Bypass / Leak
2026-02-24 00:00:00,18.834,29.501,143.7,63.06,27.28,57.42,12.117,11.358,4.477,3.95,0.7592,0.527,3720.87,57.37,628.18,0.000129,0.8074,4,Tube Bypass / Leak
2026-02-24 00:15:00,20.227,32.456,147.2,66.17,27.05,56.63,11.752,11.005,4.481,3.86,0.7461,0.621,4015.58,61.28,599.48,0.000192,0.7638,4,Tube Bypass / Leak
2026-02-24 00:30:00,19.642,33.697,143.96,63.27,28.26,55.81,11.844,11.173,4.487,3.847,0.6709,0.6399,3883.18,57.55,599.54,0.000168,0.7652,4,Tube Bypass / Leak
2026-02-24 00:45:00,18.718,31.654,147.31,67.2,28.8,56.54,11.877,11.239,4.509,3.879,0.6386,0.6296,3673.89,60.87,584.54,0.000184,0.7966,4,Tube Bypass / Leak
2026-02-24 01:00:00,18.864,31.534,148.4,67.99,27.66,55.82,11.836,11.132,4.366,3.727,0.7042,0.6385,3716.03,62.88,591.83,0.000171,0.8069,4,Tube Bypass / Leak
2026-02-24 01:15:00,19.899,33.461,144.74,64.95,27.96,55.75,11.707,10.896,4.457,3.763,0.811,0.6935,3889.72,59.23,594.16,0.000235,0.7644,4,Tube Bypass / Leak
2026-02-24 01:30:00,18.54,31.107,143.16,62.47,27.09,55.25,12.063,11.319,4.479,3.901,0.7439,0.5787,3665.43,57.71,628.97,0.000166,0.8202,4,Tube Bypass / Leak
2026-02-24 01:45:00,17.322,31.91,144.75,62.47,25.37,51.52,11.992,11.433,4.58,3.916,0.5589,0.6639,3491.85,60.92,591.09,0.000208,0.8354,4,Tube Bypass / Leak
2026-02-24 02:00:00,19.598,33.169,148.76,70.24,30.67,57.83,11.801,10.991,4.461,3.808,0.8099,0.6529,3770.28,61.73,603.48,0.000196,0.7995,4,Tube Bypass / Leak
2026-02-24 02:15:00,17.824,29.88,142.44,62.98,28.35,56.11,11.891,11.254,4.555,4.038,0.6377,0.5166,3470.03,56.6,591.91,0.000216,0.8088,4,Tube Bypass / Leak
2026-02-24 02:30:00,18.162,35.561,149.46,64.51,27.76,53.16,11.692,11.094,4.471,3.678,0.5982,0.7928,3779.69,61.82,589.44,0.000204,0.8099,4,Tube Bypass / Leak
2026-02-24 02:45:00,17.789,30.351,141.69,61.17,29.75,57.38,11.938,11.243,4.469,3.887,0.6952,0.5817,3509.32,53.58,599.17,0.000204,0.7983,4,Tube Bypass / Leak
2026-02-24 03:00:00,16.545,32.521,146.71,61.72,27.35,52.67,11.881,11.335,4.373,3.727,0.5458,0.6458,3444.82,59.29,598.69,0.000222,0.8488,4,Tube Bypass / Leak
2026-02-24 03:15:00,18.66,29.581,143.17,64.1,29.18,58.39,12.085,11.383,4.642,4.068,0.7012,0.5739,3615.04,56.21,591.77,0.000212,0.7816,4,Tube Bypass / Leak
2026-02-24 03:30:00,18.924,34.004,143.42,64.25,27.92,53.72,11.702,11.072,4.473,3.799,0.6306,0.6737,3670.58,59.06,603.39,0.000177,0.8045,4,Tube Bypass / Leak
2026-02-24 03:45:00,19.28,27.848,141.5,64.17,29.05,60.4,11.971,11.287,4.539,4.04,0.6847,0.4986,3652.7,54.94,616.55,0.000163,0.7808,4,Tube Bypass / Leak
2026-02-24 04:00:00,18.993,34.511,145.21,64.36,25.35,51.41,12.025,11.368,4.644,3.931,0.6578,0.7132,3762.01,62.45,567.41,0.000256,0.781,4,Tube Bypass / Leak
2026-02-24 04:15:00,21.241,32.422,143.38,68.94,31.16,59.72,12.214,11.302,4.475,3.888,0.9125,0.5866,3874.14,57.71,592.6,0.000203,0.733,4,Tube Bypass / Leak
2026-02-24 04:30:00,18.253,32.861,139.31,64.48,28.69,53.02,12.376,11.665,4.614,3.926,0.7108,0.6878,3346.35,57.39,597.48,0.000191,0.8247,4,Tube Bypass / Leak
2026-02-24 04:45:00,19.252,32.083,147.62,63.17,26.08,55.75,11.885,11.205,4.451,3.792,0.6796,0.6592,3983.37,60.39,604.52,0.000212,0.7806,4,Tube Bypass / Leak
2026-02-24 05:00:00,17.634,32.259,140.04,58.73,27.92,53.95,12.015,11.398,4.621,3.995,0.6165,0.6263,3512.89,53.8,607.63,0.000168,0.8115,4,Tube Bypass / Leak
2026-02-24 05:15:00,18.331,30.635,143.75,60.95,28.12,57.13,12.209,11.521,4.558,3.95,0.6886,0.6077,3718.61,55.45,598.18,0.000207,0.7822,4,Tube Bypass / Leak
2026-02-24 05:30:00,18.69,31.895,143.68,65.41,29.56,56.42,11.961,11.288,4.399,3.797,0.6736,0.6018,3583.66,57.79,596.1,0.000245,0.7995,4,Tube Bypass / Leak
2026-02-24 05:45:00,18.551,31.125,145.97,63.89,27.22,55.86,11.969,11.273,4.343,3.715,0.6966,0.6275,3730.53,59.44,608.37,0.000166,0.8072,4,Tube Bypass / Leak
2026-02-24 06:00:00,18.18,30.868,146.79,62.54,27.85,56.91,11.85,11.216,4.515,3.956,0.6339,0.5596,3752.61,57.97,616.42,0.00018,0.8103,4,Tube Bypass / Leak
2026-02-24 06:15:00,20.031,31.319,147.08,63.8,27.61,58.8,11.951,11.192,4.48,3.857,0.759,0.6229,4087.04,58.42,617.07,0.00013,0.7602,4,Tube Bypass / Leak
2026-02-24 06:30:00,18.065,29.176,145.17,64.67,27.86,57.04,11.88,11.186,4.538,3.997,0.6941,0.5412,3562.79,58.79,572.66,0.000254,0.7905,4,Tube Bypass / Leak
2026-02-24 06:45:00,15.916,34.876,142.98,63.57,32.27,53.49,12.031,11.509,4.405,3.739,0.5218,0.666,3096.58,55.39,605.84,0.0002,0.8718,4,Tube Bypass / Leak
2026-02-24 07:00:00,22.143,34.605,148.32,69.99,26.09,55.44,11.676,10.743,4.527,3.755,0.9334,0.7721,4249.42,65.36,596.31,0.000217,0.7396,4,Tube Bypass / Leak
2026-02-24 07:15:00,18.969,30.311,143.6,67.64,28.69,56.52,12.042,11.381,4.496,3.958,0.6611,0.5383,3529.82,59.82,591.49,0.000208,0.8039,4,Tube Bypass / Leak
2026-02-24 07:30:00,20.447,32.448,148.96,69.26,29.6,59.01,11.467,10.689,4.59,3.922,0.7774,0.6678,3992.65,61.42,610.67,0.000196,0.7739,4,Tube Bypass / Leak
2026-02-24 07:45:00,19.861,29.916,146.16,66.9,28.34,59.15,12.025,11.303,4.474,3.919,0.722,0.5542,3856.71,59.54,586.74,0.000265,0.7563,4,Tube Bypass / Leak
2026-02-24 08:00:00,15.807,33.621,145.62,62.07,27.3,50.3,11.815,11.275,4.578,3.945,0.5396,0.6334,3235.49,60.04,573.44,0.000273,0.8588,4,Tube Bypass / Leak
2026-02-24 08:15:00,18.655,32.444,144.28,64.02,25.06,52.08,12.144,11.425,4.511,3.884,0.7191,0.6271,3668.16,61.81,565.06,0.000257,0.7857,4,Tube Bypass / Leak
2026-02-24 08:30:00,18.817,32.108,148.74,66.65,29.44,57.61,11.971,11.323,4.387,3.749,0.6478,0.638,3784.63,60.2,571.87,0.00029,0.7713,4,Tube Bypass / Leak
2026-02-24 08:45:00,18.08,32.714,146.75,65.97,28.73,54.87,11.843,11.235,4.544,3.904,0.6074,0.6407,3578.32,60.5,612.13,0.000139,0.8341,4,Tube Bypass / Leak
2026-02-24 09:00:00,18.582,34.324,147.64,66.66,29.07,54.74,12.05,11.372,4.468,3.74,0.6781,0.7288,3686.8,61.13,577.93,0.000204,0.7963,4,Tube Bypass / Leak
2026-02-24 09:15:00,17.805,34.762,144.4,65.71,29.69,53.29,12.097,11.494,4.491,3.781,0.603,0.7099,3432.76,59.37,585.19,0.00022,0.8253,4,Tube Bypass / Leak
2026-02-24 09:30:00,17.777,32.415,141.84,60.86,27.62,53.62,11.965,11.41,4.44,3.76,0.5547,0.6792,3526.82,56.33,604.43,0.000203,0.8177,4,Tube Bypass / Leak
2026-02-24 09:45:00,19.146,33.007,148.38,66.86,28.89,56.58,12.366,11.635,4.365,3.694,0.7314,0.6712,3824.05,60.98,607.54,0.000153,0.801,4,Tube Bypass / Leak
2026-02-24 10:00:00,19.878,32.401,146.94,65.03,26.53,55.95,12.162,11.317,4.561,3.883,0.8459,0.6776,3988.81,61.03,579.38,0.000233,0.7496,4,Tube Bypass / Leak
2026-02-24 10:15:00,18.499,33.373,147.59,61.94,25.32,53.12,12.31,11.641,4.448,3.74,0.6686,0.708,3882.19,61.04,612.23,0.000192,0.8105,4,Tube Bypass / Leak
2026-02-24 10:30:00,18.231,27.197,145.56,62.25,28.04,60.74,12.003,11.396,4.651,4.205,0.6075,0.4452,3720.94,55.74,595.28,0.000208,0.7759,4,Tube Bypass / Leak
2026-02-24 10:45:00,18.423,30.768,145.89,66.29,29.73,57.64,11.954,11.315,4.499,3.941,0.6395,0.5576,3593.1,58.65,591.91,0.000213,0.8016,4,Tube Bypass / Leak
2026-02-24 11:00:00,18.192,32.594,142.64,62.81,24.31,50.4,12.018,11.367,4.364,3.743,0.6517,0.6202,3558.08,61.51,589.12,0.000219,0.8208,4,Tube Bypass / Leak
2026-02-24 11:15:00,17.329,35.508,146.53,63.9,29.32,52.93,12.027,11.373,4.637,3.836,0.6543,0.8018,3508.1,59.28,592.25,0.000195,0.8322,4,Tube Bypass / Leak
2026-02-24 11:30:00,18.423,30.249,144.63,64.17,27.93,56.62,11.765,11.124,4.489,3.9,0.6411,0.5889,3631.64,58.35,623.88,0.000148,0.822,4,Tube Bypass / Leak
2026-02-24 11:45:00,18.261,30.664,148.96,60.35,26.96,57.86,11.939,11.322,4.548,3.973,0.6164,0.5747,3964.36,57.5,629.91,0.00014,0.8028,4,Tube Bypass / Leak
2026-02-24 12:00:00,19.001,30.798,146.39,65.98,28.02,57.07,12.081,11.307,4.637,4.053,0.7743,0.5842,3743.62,60.02,591.55,0.000178,0.7876,4,Tube Bypass / Leak
2026-02-24 12:15:00,18.831,31.136,140.63,60.66,27.18,55.49,11.865,11.104,4.57,3.964,0.761,0.6058,3689.22,55.35,588.5,0.000221,0.7675,4,Tube Bypass / Leak
2026-02-24 12:30:00,19.546,31.079,143.65,66.49,28.62,57.03,11.804,10.983,4.509,3.939,0.8204,0.5699,3694.77,58.93,628.03,0.000142,0.8096,4,Tube Bypass / Leak
2026-02-24 12:45:00,19.39,32.946,144.58,66.08,29.79,56.85,11.745,11.075,4.457,3.813,0.6695,0.6439,3729.31,58.27,605.48,0.00021,0.7898,4,Tube Bypass / Leak
2026-02-24 13:00:00,21.773,32.778,144.73,72.54,29.75,57.82,11.931,10.977,4.504,3.876,0.9537,0.6285,3850.66,62.27,571.94,0.000252,0.7348,4,Tube Bypass / Leak
2026-02-24 13:15:00,18.891,31.715,143.42,65.59,28.2,55.35,11.638,10.897,4.715,4.078,0.7412,0.6366,3602.11,59.16,616.81,0.000147,0.8184,4,Tube Bypass / Leak
2026-02-24 13:30:00,17.524,29.189,146.67,62.75,25.06,54.57,12.079,11.444,4.488,3.929,0.6343,0.5584,3603.3,60.9,600.08,0.000224,0.8279,4,Tube Bypass / Leak
2026-02-24 13:45:00,19.804,31.041,143.29,64.89,26.33,55.62,12.179,11.397,4.232,3.696,0.782,0.5359,3804.23,59.79,581.65,0.00018,0.7601,4,Tube Bypass / Leak
2026-02-24 14:00:00,18.016,30.653,144.78,63.22,30.06,58.14,11.482,10.783,4.531,3.937,0.6989,0.5942,3600.42,55.68,602.06,0.000239,0.8011,4,Tube Bypass / Leak
2026-02-24 14:15:00,15.608,32.919,143.34,55.58,26.38,50.74,11.914,11.467,4.483,3.832,0.4467,0.6512,3355.71,54.94,620.62,0.000172,0.8664,4,Tube Bypass / Leak
2026-02-24 14:30:00,18.779,31.544,146.13,64.52,27.93,56.38,12.264,11.558,4.557,3.97,0.7051,0.5873,3754.82,59.25,578.81,0.000245,0.7753,4,Tube Bypass / Leak
2026-02-24 14:45:00,16.026,34.346,146.18,55.98,25.5,50.14,12.007,11.446,4.533,3.83,0.5606,0.7032,3541.61,57.13,625.66,0.000149,0.8622,4,Tube Bypass / Leak
2026-02-24 15:00:00,18.926,30.996,145.01,65.23,26.36,54.88,12.208,11.434,4.601,4.045,0.7734,0.5553,3699.05,60.95,581.65,0.00021,0.7884,4,Tube Bypass / Leak
2026-02-24 15:15:00,17.902,31.585,145.1,64.27,28.11,54.94,12.041,11.474,4.675,4.087,0.5666,0.5877,3545.31,59.11,614.01,0.000147,0.8329,4,Tube Bypass / Leak
2026-02-24 15:30:00,19.366,32.715,146.81,65.56,27.1,55.26,11.788,11.002,4.418,3.748,0.786,0.6706,3855.21,61.22,607.52,0.000154,0.7964,4,Tube Bypass / Leak
2026-02-24 15:45:00,18.871,30.538,144.56,61.72,26.41,56.38,11.957,11.311,4.495,3.958,0.6461,0.5365,3829.78,57.77,593.94,0.000201,0.7727,4,Tube Bypass / Leak
2026-02-24 16:00:00,19.601,32.797,142.7,64.77,29.59,56.87,12.126,11.321,4.639,3.983,0.8049,0.6558,3742.35,56.79,620.5,0.000181,0.7908,4,Tube Bypass / Leak
2026-02-24 16:15:00,17.66,30.162,142.78,61.89,27.29,55.02,12.09,11.498,4.55,3.974,0.5926,0.5764,3499.65,57.12,602.98,0.000183,0.8207,4,Tube Bypass / Leak
2026-02-24 16:30:00,17.382,34.028,147.96,62.08,26.79,52.47,11.737,11.1,4.524,3.824,0.6369,0.7002,3657.18,60.48,590.94,0.000195,0.8236,4,Tube Bypass / Leak
2026-02-24 16:45:00,18.938,32.587,146.69,67.39,28.13,55.11,12.081,11.416,4.58,3.906,0.6645,0.6736,3679.43,61.77,578.32,0.000227,0.7931,4,Tube Bypass / Leak
2026-02-24 17:00:00,17.569,30.26,144.66,66.5,27.69,54.26,11.835,11.225,4.501,3.976,0.61,0.5247,3364.23,61.02,558.73,0.000267,0.8142,4,Tube Bypass / Leak
2026-02-24 17:15:00,17.801,32.174,148.6,63.06,25.98,53.7,11.894,11.249,4.574,3.976,0.6452,0.5971,3730.64,61.53,603.5,0.000206,0.8245,4,Tube Bypass / Leak
2026-02-24 17:30:00,19.736,36.204,146.7,65.06,30.51,56.57,12.091,11.266,4.532,3.702,0.8258,0.8293,3947.47,57.96,605.88,0.000202,0.7703,4,Tube Bypass / Leak
2026-02-24 17:45:00,18.134,32.63,145.4,58.89,24.95,53.11,11.868,11.235,4.32,3.648,0.6324,0.6721,3843.74,58.33,616.7,0.000194,0.8091,4,Tube Bypass / Leak
2026-02-24 18:00:00,18.892,34.208,147.5,61.75,24.89,52.62,11.918,11.195,4.551,3.877,0.7227,0.6742,3968.9,61.36,608.1,0.00017,0.7979,4,Tube Bypass / Leak
2026-02-24 18:15:00,17.254,35.41,141.35,58.36,30.11,53.79,12.007,11.447,4.493,3.766,0.5598,0.7274,3508.3,52.43,628.89,0.00013,0.8317,4,Tube Bypass / Leak
2026-02-24 18:30:00,18.4,33.669,147.48,66.68,30.14,56.0,11.804,11.21,4.627,3.927,0.5939,0.7001,3642.29,59.86,592.14,0.000203,0.8079,4,Tube Bypass / Leak
2026-02-24 18:45:00,18.255,34.525,147.98,63.3,29.54,55.76,12.12,11.423,4.505,3.774,0.6973,0.7307,3787.33,58.18,603.52,0.000182,0.8022,4,Tube Bypass / Leak
2026-02-24 19:00:00,17.948,33.189,142.72,62.54,28.3,53.69,12.24,11.569,4.652,3.997,0.6709,0.6547,3525.97,57.33,618.26,0.000169,0.8312,4,Tube Bypass / Leak
2026-02-24 19:15:00,15.805,31.064,144.1,52.94,25.65,52.8,12.142,11.662,4.496,3.927,0.48,0.5685,3529.6,53.01,637.56,0.000116,0.8557,4,Tube Bypass / Leak
2026-02-24 19:30:00,19.531,31.718,142.59,66.72,28.72,56.08,12.112,11.336,4.377,3.746,0.7763,0.6308,3630.81,58.97,576.16,0.000267,0.7708,4,Tube Bypass / Leak
2026-02-24 19:45:00,19.502,33.802,145.18,67.4,27.9,54.18,11.941,11.239,4.48,3.815,0.702,0.6653,3716.25,61.71,572.84,0.000276,0.7782,4,Tube Bypass / Leak
2026-02-24 20:00:00,19.361,30.979,139.17,63.23,25.34,53.13,11.775,11.122,4.441,3.865,0.6526,0.5761,3602.27,58.7,610.51,0.000153,0.8041,4,Tube Bypass / Leak
2026-02-24 20:15:00,19.057,27.407,144.13,65.73,28.09,60.01,12.157,11.407,4.59,4.099,0.7503,0.4914,3660.75,57.8,602.85,0.000171,0.7862,4,Tube Bypass / Leak
2026-02-24 20:30:00,16.643,33.88,149.22,62.92,28.15,52.97,11.85,11.339,4.526,3.865,0.5109,0.6611,3518.84,60.38,618.1,0.00016,0.861,4,Tube Bypass / Leak
2026-02-24 20:45:00,18.501,30.83,146.53,66.39,28.02,56.18,11.687,10.958,4.573,3.992,0.7298,0.5811,3632.58,60.69,590.32,0.000216,0.8059,4,Tube Bypass / Leak
2026-02-24 21:00:00,19.809,32.173,144.37,62.57,26.26,55.76,11.511,10.817,4.69,4.063,0.6942,0.6272,3970.05,58.62,633.4,0.000121,0.7897,4,Tube Bypass / Leak
2026-02-24 21:15:00,19.228,31.543,145.32,67.28,28.64,56.49,11.898,11.189,4.673,4.101,0.7088,0.5716,3676.39,60.29,577.05,0.000201,0.779,4,Tube Bypass / Leak
2026-02-24 21:30:00,20.376,32.385,146.14,67.06,27.02,56.15,11.714,10.886,4.607,3.987,0.8279,0.6205,3947.56,61.68,589.79,0.000224,0.76,4,Tube Bypass / Leak
2026-02-24 21:45:00,19.128,28.014,146.43,65.76,30.29,62.55,12.37,11.705,4.599,4.128,0.6647,0.4716,3780.16,56.25,608.23,0.000236,0.7727,4,Tube Bypass / Leak
2026-02-24 22:00:00,19.967,33.798,147.05,67.68,27.19,54.65,11.862,11.086,4.335,3.616,0.7762,0.7193,3882.86,62.91,589.66,0.000222,0.7798,4,Tube Bypass / Leak
2026-02-24 22:15:00,17.092,29.586,146.01,58.56,27.65,57.23,11.736,11.11,4.345,3.829,0.6258,0.5166,3661.9,54.85,627.27,0.000148,0.8256,4,Tube Bypass / Leak
2026-02-24 22:30:00,19.741,32.757,146.41,66.35,26.37,54.62,11.765,10.997,4.518,3.838,0.7683,0.6795,3871.89,62.33,586.96,0.000239,0.7769,4,Tube Bypass / Leak
2026-02-24 22:45:00,18.307,31.662,143.77,64.12,27.95,54.92,12.154,11.468,4.525,3.927,0.6859,0.5978,3572.28,58.61,599.1,0.000194,0.8119,4,Tube Bypass / Leak
2026-02-24 23:00:00,16.158,31.239,148.28,62.91,28.72,54.57,12.046,11.512,4.535,3.907,0.5333,0.6284,3379.69,59.03,577.04,0.000207,0.8407,4,Tube Bypass / Leak
2026-02-24 23:15:00,17.895,30.685,144.45,64.55,29.3,56.58,11.768,11.077,4.371,3.801,0.6912,0.5697,3502.87,57.62,628.74,0.000139,0.8389,4,Tube Bypass / Leak
2026-02-24 23:30:00,18.187,35.453,145.12,60.13,28.25,53.78,12.448,11.766,4.531,3.841,0.6822,0.6903,3786.81,56.5,629.05,0.000153,0.8173,4,Tube Bypass / Leak
2026-02-24 23:45:00,21.23,34.999,147.33,67.25,27.68,56.13,11.78,10.941,4.475,3.76,0.8393,0.715,4165.39,61.83,628.84,0.000142,0.7717,4,Tube Bypass / Leak
2026-02-25 00:00:00,18.52,35.934,146.07,62.82,27.6,52.72,12.122,11.421,4.369,3.573,0.701,0.7954,3777.3,59.64,587.81,0.000216,0.7938,4,Tube Bypass / Leak
2026-02-25 00:15:00,16.209,33.514,143.46,56.64,29.42,54.01,11.675,11.18,4.323,3.653,0.4952,0.6699,3447.55,52.31,603.33,0.000177,0.831,4,Tube Bypass / Leak
2026-02-25 00:30:00,17.096,32.035,147.14,62.87,26.36,52.69,12.553,11.951,4.734,4.127,0.6015,0.6068,3529.77,60.96,608.24,0.000161,0.8482,4,Tube Bypass / Leak
2026-02-25 00:45:00,20.827,31.733,142.64,66.62,27.06,56.28,11.781,10.847,4.508,3.922,0.9345,0.5855,3879.2,59.94,614.16,0.000174,0.7723,4,Tube Bypass / Leak
2026-02-25 01:00:00,19.123,32.473,145.33,64.17,27.77,55.75,11.94,11.265,4.572,3.925,0.6749,0.6471,3802.34,59.05,600.02,0.000238,0.7863,4,Tube Bypass / Leak
2026-02-25 01:15:00,18.355,30.845,142.0,66.31,29.25,55.63,11.853,11.211,4.473,3.873,0.6422,0.6005,3404.01,58.28,587.92,0.000221,0.8128,4,Tube Bypass / Leak
2026-02-25 01:30:00,18.053,30.448,143.69,64.75,29.54,56.94,11.964,11.345,4.583,3.999,0.6188,0.5847,3491.48,57.16,588.08,0.00023,0.8041,4,Tube Bypass / Leak
2026-02-25 01:45:00,17.977,30.099,145.13,64.43,29.04,57.26,12.121,11.482,4.413,3.832,0.6388,0.5803,3554.31,57.71,598.52,0.00023,0.8111,4,Tube Bypass / Leak
2026-02-25 02:00:00,17.929,31.93,143.84,62.89,27.13,53.74,11.999,11.363,4.385,3.753,0.6361,0.6313,3555.72,58.8,616.55,0.000151,0.8328,4,Tube Bypass / Leak
2026-02-25 02:15:00,18.689,28.179,145.55,61.44,26.57,59.23,11.86,11.21,4.51,4.019,0.6497,0.4912,3851.14,56.76,600.92,0.000205,0.7705,4,Tube Bypass / Leak
2026-02-25 02:30:00,17.913,33.871,144.58,60.4,28.55,54.61,12.022,11.342,4.399,3.693,0.6799,0.7056,3694.26,55.97,592.92,0.000213,0.794,4,Tube Bypass / Leak
2026-02-25 02:45:00,17.313,33.285,143.61,60.53,30.47,55.77,12.235,11.643,4.504,3.83,0.5926,0.6744,3524.18,53.89,607.45,0.000146,0.8174,4,Tube Bypass / Leak
2026-02-25 03:00:00,16.295,32.858,147.35,58.33,27.77,53.62,11.821,11.3,4.543,3.905,0.5204,0.6384,3553.72,56.37,588.86,0.000226,0.8276,4,Tube Bypass / Leak
2026-02-25 03:15:00,18.052,30.622,146.63,64.09,27.97,56.46,11.887,11.283,4.42,3.849,0.6042,0.5709,3650.37,59.08,586.09,0.000245,0.7994,4,Tube Bypass / Leak
2026-02-25 03:30:00,19.377,33.979,145.45,68.23,31.59,57.38,12.047,11.246,4.27,3.606,0.8007,0.664,3665.79,58.65,579.11,0.000242,0.7743,4,Tube Bypass / Leak
2026-02-25 03:45:00,19.095,31.895,139.09,63.44,27.46,53.98,11.769,10.976,4.394,3.805,0.7932,0.5888,3538.73,57.06,602.17,0.000196,0.7989,4,Tube Bypass / Leak
2026-02-25 04:00:00,16.17,33.508,145.16,60.91,27.95,51.76,12.238,11.658,4.48,3.808,0.5803,0.6721,3337.7,58.03,586.6,0.000238,0.8489,4,Tube Bypass / Leak
2026-02-25 04:15:00,19.388,29.98,140.5,64.38,30.63,59.46,12.295,11.584,4.545,4.054,0.7102,0.4908,3615.84,53.98,625.67,0.000136,0.7889,4,Tube Bypass / Leak
2026-02-25 04:30:00,18.274,30.422,148.19,65.08,28.61,57.85,11.898,11.3,4.642,4.063,0.5986,0.5795,3720.95,59.39,631.37,0.000143,0.828,4,Tube Bypass / Leak
2026-02-25 04:45:00,18.51,30.703,139.84,63.44,29.08,56.06,12.117,11.375,4.484,3.943,0.7421,0.5402,3465.12,55.44,615.3,0.000196,0.8138,4,Tube Bypass / Leak
2026-02-25 05:00:00,19.516,33.656,145.92,62.35,26.84,55.21,11.87,11.16,4.43,3.755,0.7103,0.6748,3996.13,58.86,612.67,0.00018,0.7775,4,Tube Bypass / Leak
2026-02-25 05:15:00,18.612,29.589,143.81,62.14,27.35,57.44,12.079,11.448,4.467,3.927,0.6318,0.5406,3724.5,56.72,596.8,0.000257,0.7807,4,Tube Bypass / Leak
2026-02-25 05:30:00,19.648,33.27,144.2,67.92,28.81,55.19,11.734,11.049,4.549,3.93,0.6851,0.6188,3671.83,60.68,606.01,0.000173,0.8039,4,Tube Bypass / Leak
2026-02-25 05:45:00,20.083,33.322,145.12,68.88,27.98,54.89,11.805,11.06,4.385,3.759,0.7449,0.626,3751.46,62.34,595.74,0.000186,0.7913,4,Tube Bypass / Leak
2026-02-25 06:00:00,17.763,35.677,144.85,58.53,25.97,51.14,11.895,11.284,4.602,3.811,0.611,0.7905,3756.63,57.85,597.84,0.000212,0.8072,4,Tube Bypass / Leak
2026-02-25 06:15:00,18.709,32.376,142.52,65.81,28.89,54.84,12.121,11.442,4.342,3.747,0.6786,0.5949,3516.21,58.68,569.25,0.000273,0.7859,4,Tube Bypass / Leak
2026-02-25 06:30:00,18.576,29.661,142.77,64.14,31.15,59.99,11.915,11.183,4.611,4.041,0.7318,0.5708,3578.71,54.12,611.59,0.000162,0.7925,4,Tube Bypass / Leak
2026-02-25 06:45:00,18.755,33.999,145.94,63.09,27.07,53.84,12.061,11.302,4.486,3.849,0.7587,0.6374,3806.89,59.73,592.85,0.000221,0.7906,4,Tube Bypass / Leak
2026-02-25 07:00:00,19.37,33.03,142.56,60.64,25.93,54.07,12.306,11.6,4.597,3.923,0.706,0.6739,3887.75,57.46,610.37,0.000143,0.7778,4,Tube Bypass / Leak
2026-02-25 07:15:00,17.175,28.795,141.3,59.02,27.27,56.01,12.033,11.488,4.366,3.849,0.5456,0.5173,3462.47,54.18,630.92,0.000107,0.8358,4,Tube Bypass / Leak
2026-02-25 07:30:00,17.845,32.042,147.63,63.03,26.34,53.93,12.127,11.479,4.345,3.753,0.6487,0.5918,3698.84,60.81,603.88,0.000191,0.8232,4,Tube Bypass / Leak
2026-02-25 07:45:00,17.139,29.499,143.04,58.23,27.85,56.7,12.274,11.734,4.527,4.009,0.54,0.5177,3561.03,53.57,623.34,0.000131,0.8229,4,Tube Bypass / Leak
2026-02-25 08:00:00,19.013,34.683,137.99,62.55,27.54,51.76,11.93,11.274,4.584,3.893,0.6552,0.6908,3514.02,56.83,580.17,0.000217,0.785,4,Tube Bypass / Leak
2026-02-25 08:15:00,20.873,33.206,146.1,71.11,28.72,56.32,11.964,11.157,4.573,3.879,0.8069,0.6934,3835.03,63.15,593.58,0.000213,0.7761,4,Tube Bypass / Leak
2026-02-25 08:30:00,19.881,29.148,145.89,68.37,30.74,61.71,12.124,11.325,4.744,4.23,0.7988,0.5143,3776.16,57.81,638.42,0.000105,0.7985,4,Tube Bypass / Leak
2026-02-25 08:45:00,17.659,34.196,146.98,64.38,29.82,54.8,12.402,11.828,4.652,3.92,0.5743,0.7321,3573.8,58.73,601.23,0.000162,0.8263,4,Tube Bypass / Leak
2026-02-25 09:00:00,17.76,33.985,144.21,60.45,26.95,52.58,12.125,11.566,4.641,3.928,0.5581,0.7133,3644.32,57.77,593.45,0.000181,0.8091,4,Tube Bypass / Leak
2026-02-25 09:15:00,19.657,31.461,143.11,63.93,27.71,56.68,12.063,11.28,4.512,3.929,0.7836,0.5827,3813.2,57.73,607.18,0.000159,0.7754,4,Tube Bypass / Leak
2026-02-25 09:30:00,19.303,32.3,145.95,61.82,26.89,56.33,11.911,11.155,4.501,3.908,0.7566,0.593,3978.68,58.04,611.86,0.000151,0.7751,4,Tube Bypass / Leak
2026-02-25 09:45:00,17.389,31.854,142.9,58.67,29.03,55.95,12.056,11.512,4.486,3.873,0.5442,0.6128,3588.17,53.26,629.11,0.000121,0.8236,4,Tube Bypass / Leak
2026-02-25 10:00:00,19.008,33.531,142.86,64.76,28.72,54.65,11.854,11.124,4.409,3.756,0.7307,0.6529,3637.07,58.28,597.69,0.0002,0.7967,4,Tube Bypass / Leak
2026-02-25 10:15:00,16.26,29.421,140.97,60.53,29.16,55.19,11.859,11.323,4.55,3.989,0.5362,0.561,3204.27,54.09,632.47,0.00011,0.8664,4,Tube Bypass / Leak
2026-02-25 10:30:00,15.893,29.207,144.81,56.41,28.44,56.61,11.944,11.45,4.446,3.928,0.494,0.5181,3442.43,52.44,597.17,0.000239,0.8266,4,Tube Bypass / Leak
2026-02-25 10:45:00,18.086,33.107,148.7,61.71,29.5,57.32,12.151,11.508,4.259,3.553,0.6433,0.7062,3854.48,56.75,621.79,0.000153,0.8068,4,Tube Bypass / Leak
2026-02-25 11:00:00,18.628,32.925,140.21,63.68,26.74,52.09,12.13,11.425,4.41,3.78,0.7052,0.6299,3492.62,58.87,570.37,0.000253,0.7919,4,Tube Bypass / Leak
2026-02-25 11:15:00,21.816,30.513,145.06,67.87,28.17,60.48,11.721,10.758,4.446,3.882,0.9631,0.5645,4125.54,59.34,605.88,0.000192,0.7217,4,Tube Bypass / Leak
2026-02-25 11:30:00,18.634,34.478,148.04,62.3,29.21,56.34,11.786,11.147,4.394,3.64,0.6392,0.7542,3914.22,57.5,612.48,0.000143,0.7916,4,Tube Bypass / Leak
2026-02-25 11:45:00,17.011,29.57,146.15,60.95,27.66,56.36,12.0,11.488,4.474,3.925,0.5125,0.5494,3550.52,56.94,649.71,0.00012,0.8567,4,Tube Bypass / Leak
2026-02-25 12:00:00,17.334,34.531,144.04,62.43,29.74,53.73,12.334,11.786,4.409,3.727,0.5477,0.682,3466.2,56.7,567.53,0.000243,0.8025,4,Tube Bypass / Leak
2026-02-25 12:15:00,20.655,29.564,143.9,71.37,30.43,60.1,12.196,11.39,4.581,4.058,0.8069,0.5237,3670.08,59.83,598.43,0.0002,0.7746,4,Tube Bypass / Leak
2026-02-25 12:30:00,20.359,32.527,146.89,63.07,27.45,58.17,11.626,10.851,4.548,3.92,0.7751,0.628,4181.12,58.19,637.09,0.000105,0.7672,4,Tube Bypass / Leak
2026-02-25 12:45:00,15.92,30.815,143.44,60.51,29.42,54.51,11.903,11.352,4.495,3.892,0.5506,0.6035,3234.25,55.04,582.9,0.000236,0.8422,4,Tube Bypass / Leak
2026-02-25 13:00:00,19.924,32.325,145.41,66.46,30.31,58.8,12.043,11.338,4.524,3.888,0.7051,0.6355,3853.52,57.76,602.18,0.000226,0.7648,4,Tube Bypass / Leak
2026-02-25 13:15:00,15.892,34.278,143.02,58.09,27.49,50.54,12.283,11.776,4.462,3.716,0.5068,0.7464,3306.65,55.95,592.37,0.000241,0.852,4,Tube Bypass / Leak
2026-02-25 13:30:00,16.094,32.677,145.04,58.14,29.46,54.52,11.841,11.274,4.619,4.028,0.5671,0.5912,3426.34,53.8,623.79,0.000157,0.8531,4,Tube Bypass / Leak
2026-02-25 13:45:00,18.507,29.126,145.14,61.38,28.05,59.21,11.93,11.205,4.372,3.833,0.7256,0.5394,3797.76,55.54,606.03,0.000163,0.7779,4,Tube Bypass / Leak
2026-02-25 14:00:00,20.278,32.457,139.6,63.88,26.77,54.48,11.943,11.087,4.586,3.965,0.8563,0.6217,3762.01,57.83,611.87,0.00017,0.7771,4,Tube Bypass / Leak
2026-02-25 14:15:00,19.747,31.775,145.42,63.48,28.46,58.28,12.12,11.314,4.552,3.966,0.8062,0.5862,3964.39,57.17,615.25,0.000176,0.7667,4,Tube Bypass / Leak
2026-02-25 14:30:00,17.697,33.581,146.4,57.24,25.08,52.59,12.132,11.574,4.353,3.69,0.5574,0.663,3865.53,57.59,618.0,0.00014,0.8136,4,Tube Bypass / Leak
2026-02-25 14:45:00,17.141,31.509,147.52,59.13,25.1,53.26,11.729,11.099,4.448,3.815,0.6297,0.6327,3712.03,59.12,579.2,0.000254,0.8049,4,Tube Bypass / Leak
2026-02-25 15:00:00,18.233,30.736,144.12,63.0,28.31,56.49,12.185,11.528,4.361,3.783,0.6571,0.578,3623.79,57.13,614.45,0.000163,0.8132,4,Tube Bypass / Leak
2026-02-25 15:15:00,18.79,34.692,145.05,63.99,28.6,54.3,11.877,11.12,4.461,3.7,0.7575,0.7611,3731.18,58.79,605.62,0.000196,0.8032,4,Tube Bypass / Leak
2026-02-25 15:30:00,19.263,31.055,146.33,61.87,25.65,56.33,12.004,11.27,4.575,4.01,0.7341,0.5647,3986.35,59.09,593.96,0.000199,0.7616,4,Tube Bypass / Leak
2026-02-25 15:45:00,20.542,32.087,148.09,68.51,28.0,57.83,11.766,10.949,4.437,3.819,0.8174,0.6181,4004.97,62.1,616.73,0.000134,0.7801,4,Tube Bypass / Leak
2026-02-25 16:00:00,18.654,33.941,142.63,62.81,27.89,53.58,11.78,11.176,4.583,3.878,0.6037,0.7056,3648.04,57.82,616.65,0.000135,0.8147,4,Tube Bypass / Leak
2026-02-25 16:15:00,18.603,30.956,145.52,64.58,27.83,56.31,11.749,10.979,4.511,3.93,0.7696,0.5808,3688.72,59.15,594.98,0.000209,0.7967,4,Tube Bypass / Leak
2026-02-25 16:30:00,18.729,31.791,147.15,65.95,26.17,54.18,12.088,11.475,4.531,3.904,0.6139,0.6263,3725.71,62.66,577.55,0.000217,0.7948,4,Tube Bypass / Leak
2026-02-25 16:45:00,18.231,33.27,145.59,66.19,29.31,54.79,12.359,11.691,4.502,3.81,0.6681,0.692,3546.35,59.85,598.98,0.000205,0.8225,4,Tube Bypass / Leak
2026-02-25 17:00:00,19.773,29.661,147.08,67.82,30.18,61.12,12.373,11.555,4.46,3.884,0.8181,0.5764,3840.02,58.51,579.71,0.000248,0.7453,4,Tube Bypass / Leak
2026-02-25 17:15:00,18.615,30.686,145.53,65.79,29.46,57.79,12.0,11.361,4.612,4.039,0.6387,0.5726,3636.48,58.31,572.07,0.00027,0.775,4,Tube Bypass / Leak
2026-02-25 17:30:00,17.093,32.666,149.81,62.5,28.12,54.87,12.009,11.429,4.751,4.113,0.5807,0.6375,3655.96,59.62,603.24,0.000184,0.8323,4,Tube Bypass / Leak
2026-02-25 17:45:00,17.341,33.015,141.21,57.02,26.81,52.7,11.86,11.257,4.555,3.949,0.6032,0.6061,3576.84,54.23,622.85,0.000139,0.8263,4,Tube Bypass / Leak
2026-02-25 18:00:00,19.68,34.21,144.64,64.37,25.98,53.02,11.581,10.846,4.61,3.889,0.735,0.7206,3870.17,61.19,574.62,0.000282,0.7617,4,Tube Bypass / Leak
2026-02-25 18:15:00,19.825,35.636,143.74,65.8,28.82,54.21,12.119,11.282,4.559,3.796,0.8367,0.7633,3785.38,59.43,616.7,0.000147,0.7983,4,Tube Bypass / Leak
2026-02-25 18:30:00,17.274,29.147,148.31,62.31,25.81,55.65,12.007,11.445,4.341,3.831,0.5618,0.5104,3639.7,60.28,604.89,0.000204,0.8298,4,Tube Bypass / Leak
2026-02-25 18:45:00,19.426,32.89,146.2,64.81,28.17,56.32,11.89,11.118,4.528,3.906,0.7721,0.6219,3873.54,59.33,627.2,0.00015,0.8016,4,Tube Bypass / Leak
2026-02-25 19:00:00,19.325,33.115,143.5,60.83,26.71,54.96,12.078,11.359,4.577,3.865,0.7181,0.7125,3913.83,57.07,614.38,0.000146,0.7782,4,Tube Bypass / Leak
2026-02-25 19:15:00,20.235,31.299,144.62,69.52,28.32,56.75,11.772,10.985,4.525,3.913,0.7867,0.6122,3723.06,61.62,572.45,0.000272,0.7628,4,Tube Bypass / Leak
2026-02-25 19:30:00,19.033,34.151,144.61,66.98,27.59,52.93,12.099,11.345,4.574,3.841,0.7536,0.7332,3620.0,61.9,585.61,0.000236,0.8057,4,Tube Bypass / Leak
2026-02-25 19:45:00,17.581,30.392,146.98,61.71,28.67,57.56,11.788,11.215,4.368,3.806,0.5721,0.5621,3672.79,56.63,582.0,0.000198,0.7894,4,Tube Bypass / Leak
2026-02-25 20:00:00,17.396,33.64,145.75,59.6,23.99,50.07,11.693,11.146,4.321,3.661,0.5468,0.6599,3671.69,60.78,591.78,0.000208,0.8239,4,Tube Bypass / Leak
2026-02-25 20:15:00,17.111,28.889,145.77,65.44,29.39,57.25,11.93,11.391,4.559,4.084,0.5392,0.4753,3367.75,58.41,598.64,0.000248,0.8384,4,Tube Bypass / Leak
2026-02-25 20:30:00,18.442,32.509,148.58,66.86,28.11,55.25,11.837,11.177,4.311,3.656,0.66,0.6554,3692.43,62.1,594.29,0.000162,0.8141,4,Tube Bypass / Leak
2026-02-25 20:45:00,19.275,33.32,147.03,68.96,29.58,56.02,12.042,11.316,4.651,4.017,0.7255,0.6333,3686.48,61.63,595.67,0.000223,0.8035,4,Tube Bypass / Leak
2026-02-25 21:00:00,17.444,29.961,144.37,65.76,30.97,57.77,12.138,11.55,4.538,3.978,0.5874,0.5596,3359.65,56.81,609.61,0.000171,0.8372,4,Tube Bypass / Leak
2026-02-25 21:15:00,17.708,35.872,144.54,59.9,27.27,51.74,12.169,11.51,4.554,3.819,0.6591,0.7355,3672.22,57.56,605.77,0.000209,0.8192,4,Tube Bypass / Leak
2026-02-25 21:30:00,18.686,32.523,146.79,60.61,26.24,55.24,11.823,11.09,4.469,3.809,0.7325,0.6599,3945.66,58.36,650.7,0.000111,0.8201,4,Tube Bypass / Leak
2026-02-25 21:45:00,19.93,31.566,142.05,67.74,29.43,56.9,12.123,11.342,4.518,3.899,0.7809,0.6187,3628.28,58.65,595.59,0.000188,0.7819,4,Tube Bypass / Leak
2026-02-25 22:00:00,19.298,33.233,143.23,63.25,26.47,53.66,11.782,11.049,4.547,3.904,0.733,0.6429,3781.29,59.31,579.53,0.000244,0.7685,4,Tube Bypass / Leak
2026-02-25 22:15:00,16.98,30.198,139.77,59.75,29.77,56.12,12.061,11.512,4.376,3.808,0.5491,0.5685,3328.79,52.3,575.6,0.000261,0.7988,4,Tube Bypass / Leak
2026-02-25 22:30:00,20.385,33.27,144.68,67.4,30.51,58.24,12.316,11.506,4.614,3.964,0.8099,0.6496,3859.49,58.19,598.12,0.000175,0.7573,4,Tube Bypass / Leak
2026-02-25 22:45:00,19.024,33.159,146.38,63.86,27.91,55.63,12.141,11.383,4.518,3.883,0.7583,0.635,3845.94,59.18,617.63,0.000138,0.8012,4,Tube Bypass / Leak
2026-02-25 23:00:00,18.138,33.278,142.51,64.87,27.58,52.36,11.986,11.287,4.723,4.083,0.6982,0.6393,3450.41,59.88,557.3,0.000267,0.796,4,Tube Bypass / Leak
2026-02-25 23:15:00,18.366,31.572,146.35,65.28,29.79,57.4,11.889,11.214,4.338,3.753,0.6755,0.5847,3647.65,58.19,591.7,0.000265,0.7969,4,Tube Bypass / Leak
2026-02-25 23:30:00,18.151,32.822,143.84,61.37,29.62,56.33,12.534,11.876,4.419,3.728,0.658,0.6918,3667.76,55.0,602.19,0.000166,0.7939,4,Tube Bypass / Leak
2026-02-25 23:45:00,20.691,30.445,144.43,66.77,27.45,58.36,11.589,10.788,4.5,3.913,0.8013,0.5869,3937.06,59.67,628.77,0.000123,0.7787,4,Tube Bypass / Leak
2026-02-26 00:00:00,18.004,32.828,150.82,62.99,25.53,53.73,12.267,11.563,4.522,3.828,0.704,0.6942,3874.12,62.61,620.25,0.000158,0.8299,4,Tube Bypass / Leak
2026-02-26 00:15:00,18.4,31.683,144.37,67.58,30.69,56.81,11.666,10.951,4.439,3.811,0.7146,0.6277,3461.91,58.62,581.9,0.000266,0.8051,4,Tube Bypass / Leak
2026-02-26 00:30:00,18.105,34.331,143.34,61.61,28.05,53.29,11.813,11.089,4.385,3.638,0.7238,0.7467,3625.3,57.24,590.53,0.000204,0.8007,4,Tube Bypass / Leak
2026-02-26 00:45:00,17.238,29.403,144.27,63.98,29.74,57.3,12.062,11.436,4.682,4.123,0.6256,0.5585,3390.86,56.57,598.21,0.000166,0.8275,4,Tube Bypass / Leak
2026-02-26 01:00:00,18.853,34.062,142.07,63.89,28.22,53.56,12.04,11.424,4.384,3.692,0.6166,0.6919,3611.27,58.14,601.1,0.000172,0.8038,4,Tube Bypass / Leak
2026-02-26 01:15:00,18.971,32.345,148.3,67.93,28.54,56.14,11.953,11.233,4.53,3.863,0.7197,0.6661,3735.56,62.09,601.64,0.000165,0.8095,4,Tube Bypass / Leak
2026-02-26 01:30:00,18.025,33.723,145.36,63.2,28.22,53.94,11.67,11.019,4.61,3.925,0.6512,0.6847,3628.19,58.75,572.44,0.00025,0.7921,4,Tube Bypass / Leak
2026-02-26 01:45:00,18.068,28.142,148.0,68.78,30.93,60.71,11.815,11.218,4.481,3.981,0.5972,0.5007,3506.92,59.16,606.33,0.000181,0.8232,4,Tube Bypass / Leak
2026-02-26 02:00:00,19.872,30.594,145.74,68.13,26.84,56.36,12.121,11.353,4.693,4.094,0.7673,0.5993,3778.56,62.28,576.43,0.000221,0.7694,4,Tube Bypass / Leak
2026-02-26 02:15:00,17.449,33.431,142.11,60.47,27.31,52.26,11.766,11.167,4.581,3.907,0.5992,0.6745,3489.95,56.87,621.25,0.000159,0.8408,4,Tube Bypass / Leak
2026-02-26 02:30:00,19.34,31.919,145.14,68.43,28.23,55.44,11.836,11.172,4.464,3.858,0.6638,0.6059,3635.05,61.67,579.21,0.000272,0.7908,4,Tube Bypass / Leak
2026-02-26 02:45:00,19.399,33.98,147.54,62.59,25.81,54.21,12.219,11.592,4.55,3.835,0.6268,0.715,4037.73,60.73,609.0,0.000187,0.7827,4,Tube Bypass / Leak
2026-02-26 03:00:00,17.324,34.859,145.58,58.45,27.7,53.05,11.959,11.407,4.362,3.606,0.5525,0.7563,3698.02,56.08,600.69,0.000222,0.8119,4,Tube Bypass / Leak
2026-02-26 03:15:00,18.392,34.38,146.69,61.11,23.85,50.66,12.078,11.359,4.694,4.016,0.7183,0.6775,3856.22,62.08,580.31,0.000284,0.7927,4,Tube Bypass / Leak
2026-02-26 03:30:00,18.389,30.653,141.3,62.32,28.54,56.28,12.14,11.471,4.61,4.077,0.6695,0.533,3558.02,55.51,594.78,0.000213,0.7914,4,Tube Bypass / Leak
2026-02-26 03:45:00,18.57,31.099,148.7,65.57,25.58,54.65,11.714,11.015,4.658,4.101,0.6991,0.5578,3781.94,63.21,609.04,0.000189,0.8205,4,Tube Bypass / Leak
2026-02-26 04:00:00,20.602,35.138,145.75,65.83,25.61,53.04,12.032,11.284,4.479,3.729,0.748,0.7498,4033.65,62.85,595.45,0.000175,0.7654,4,Tube Bypass / Leak
2026-02-26 04:15:00,19.027,32.632,140.07,60.13,27.65,54.94,12.05,11.325,4.363,3.753,0.7252,0.6105,3726.44,54.64,604.48,0.000147,0.7749,4,Tube Bypass / Leak
2026-02-26 04:30:00,20.512,31.298,143.9,69.49,29.07,57.63,11.876,11.096,4.469,3.892,0.7803,0.577,3739.31,60.48,561.48,0.000266,0.7387,4,Tube Bypass / Leak
2026-02-26 04:45:00,19.948,28.489,144.77,67.08,26.98,58.83,11.962,11.266,4.437,3.917,0.6962,0.5209,3796.96,60.13,573.5,0.000216,0.7474,4,Tube Bypass / Leak
2026-02-26 05:00:00,19.448,30.81,140.49,65.77,27.28,54.9,12.127,11.389,4.33,3.743,0.7385,0.5871,3560.03,58.94,581.43,0.000251,0.782,4,Tube Bypass / Leak
2026-02-26 05:15:00,17.575,33.918,149.4,60.68,28.01,54.93,12.048,11.452,4.44,3.719,0.5955,0.7204,3820.37,58.2,590.51,0.000216,0.799,4,Tube Bypass / Leak
2026-02-26 05:30:00,19.632,31.959,145.3,69.74,29.91,57.09,12.262,11.508,4.533,3.911,0.7537,0.6228,3634.7,60.85,595.21,0.000208,0.7971,4,Tube Bypass / Leak
2026-02-26 05:45:00,20.297,30.045,147.1,71.01,32.59,62.69,11.803,11.054,4.593,4.024,0.7493,0.5695,3783.65,58.43,604.97,0.00018,0.768,4,Tube Bypass / Leak
2026-02-26 06:00:00,20.103,33.716,146.87,66.09,27.47,55.68,12.304,11.601,4.368,3.667,0.7028,0.7016,3978.92,61.19,596.01,0.000204,0.7667,4,Tube Bypass / Leak
2026-02-26 06:15:00,19.582,30.211,144.52,68.83,28.95,57.67,12.217,11.502,4.438,3.884,0.7151,0.5547,3631.38,60.35,601.46,0.000217,0.7984,4,Tube Bypass / Leak
2026-02-26 06:30:00,20.036,29.614,146.05,65.75,26.64,58.45,11.951,11.144,4.408,3.895,0.8074,0.5131,3941.72,60.13,623.28,0.000154,0.7835,4,Tube Bypass / Leak
2026-02-26 06:45:00,19.75,27.69,144.54,68.85,29.41,61.02,11.634,10.957,4.484,4.029,0.6772,0.4557,3662.48,58.75,581.17,0.000218,0.7613,4,Tube Bypass / Leak
2026-02-26 07:00:00,19.1,33.265,144.07,64.67,29.18,55.87,12.061,11.412,4.521,3.814,0.649,0.7073,3715.3,57.91,610.68,0.000184,0.7981,4,Tube Bypass / Leak
2026-02-26 07:15:00,18.349,33.842,145.91,64.56,29.69,55.52,12.023,11.401,4.565,3.939,0.6224,0.6256,3656.87,58.29,608.14,0.000187,0.8136,4,Tube Bypass / Leak
2026-02-26 07:30:00,16.944,34.286,145.61,58.87,27.43,52.53,12.196,11.631,4.639,3.924,0.5652,0.7151,3600.86,56.79,605.24,0.000199,0.8301,4,Tube Bypass / Leak
2026-02-26 07:45:00,20.615,31.079,145.78,70.07,26.14,55.54,12.348,11.477,4.508,3.917,0.8712,0.5909,3823.59,64.33,573.07,0.000222,0.7639,4,Tube Bypass / Leak
2026-02-26 08:00:00,18.347,34.191,139.78,61.74,27.79,52.31,11.668,11.051,4.497,3.768,0.6172,0.7289,3507.93,56.55,592.1,0.000211,0.8039,4,Tube Bypass / Leak
2026-02-26 08:15:00,20.444,31.916,138.16,65.89,27.41,54.52,11.713,10.857,4.438,3.814,0.8566,0.6242,3619.68,58.17,580.17,0.000223,0.7584,4,Tube Bypass / Leak
2026-02-26 08:30:00,19.467,31.548,146.66,67.32,28.21,56.87,11.667,10.92,4.35,3.73,0.7477,0.6197,3784.11,60.98,568.27,0.000269,0.7609,4,Tube Bypass / Leak
2026-02-26 08:45:00,19.255,32.547,146.3,67.26,28.96,56.34,12.039,11.229,4.625,4.006,0.8091,0.6185,3728.78,60.5,596.21,0.00022,0.7943,4,Tube Bypass / Leak
2026-02-26 09:00:00,19.48,31.29,143.01,59.85,24.94,55.25,12.217,11.418,4.519,3.903,0.799,0.6164,3968.59,57.33,631.68,0.000133,0.7852,4,Tube Bypass / Leak
2026-02-26 09:15:00,19.475,34.485,145.92,62.05,27.38,55.12,12.234,11.443,4.501,3.797,0.7911,0.7039,4001.54,58.3,630.48,0.000138,0.7916,4,Tube Bypass / Leak
2026-02-26 09:30:00,18.349,30.258,145.69,66.2,28.28,56.5,12.091,11.452,4.75,4.222,0.639,0.5287,3573.39,59.94,593.33,0.00019,0.8108,4,Tube Bypass / Leak
2026-02-26 09:45:00,17.832,30.882,146.35,63.35,26.81,54.88,12.101,11.537,4.432,3.88,0.5649,0.5525,3626.17,59.86,559.13,0.000286,0.7842,4,Tube Bypass / Leak
2026-02-26 10:00:00,18.003,32.461,142.04,63.16,29.27,54.89,12.277,11.557,4.608,3.943,0.7201,0.6651,3479.49,56.39,585.13,0.000259,0.8023,4,Tube Bypass / Leak
2026-02-26 10:15:00,17.187,30.846,147.3,62.02,25.77,53.59,11.987,11.458,4.201,3.645,0.529,0.5556,3590.96,60.5,628.84,0.000142,0.8537,4,Tube Bypass / Leak
2026-02-26 10:30:00,18.311,28.004,144.01,64.63,30.76,61.16,12.187,11.469,4.357,3.851,0.7185,0.5067,3561.26,54.75,609.22,0.000142,0.7962,4,Tube Bypass / Leak
2026-02-26 10:45:00,18.591,28.794,145.27,66.91,29.96,59.59,11.725,11.105,4.462,3.955,0.6198,0.507,3569.46,57.93,579.84,0.00023,0.7834,4,Tube Bypass / Leak
2026-02-26 11:00:00,17.852,29.607,144.24,61.32,29.27,58.55,11.826,11.177,4.51,3.971,0.6495,0.5383,3626.71,54.54,617.6,0.000147,0.8072,4,Tube Bypass / Leak
2026-02-26 11:15:00,19.349,28.538,147.72,65.75,29.46,62.01,12.097,11.398,4.234,3.747,0.699,0.487,3885.67,57.5,598.12,0.000204,0.7589,4,Tube Bypass / Leak
2026-02-26 11:30:00,18.599,30.127,144.11,62.89,26.41,55.77,11.864,11.193,4.571,4.032,0.6703,0.5387,3700.97,58.64,621.55,0.000122,0.8139,4,Tube Bypass / Leak
2026-02-26 11:45:00,16.504,32.972,144.34,60.96,27.84,52.28,12.291,11.809,4.585,3.897,0.4819,0.689,3371.8,57.65,588.6,0.000259,0.8413,4,Tube Bypass / Leak
2026-02-26 12:00:00,17.978,27.218,145.21,64.15,28.92,60.27,12.39,11.804,4.56,4.083,0.5863,0.4765,3570.16,56.49,606.47,0.000152,0.8055,4,Tube Bypass / Leak
2026-02-26 12:15:00,19.83,31.92,144.68,64.78,28.0,57.06,12.15,11.318,4.5,3.874,0.8316,0.6255,3881.74,58.57,616.7,0.000166,0.7811,4,Tube Bypass / Leak
2026-02-26 12:30:00,18.153,32.482,145.59,61.71,28.77,56.22,11.968,11.319,4.479,3.88,0.6487,0.5987,3730.66,56.54,592.47,0.000243,0.7877,4,Tube Bypass / Leak
2026-02-26 12:45:00,19.834,33.968,141.27,65.81,27.42,53.22,12.02,11.17,4.518,3.773,0.8495,0.7447,3666.62,59.83,604.66,0.000197,0.7974,4,Tube Bypass / Leak
2026-02-26 13:00:00,18.316,33.025,145.41,66.27,29.0,54.71,12.369,11.635,4.6,3.969,0.734,0.6308,3551.53,60.07,597.51,0.00022,0.8205,4,Tube Bypass / Leak
2026-02-26 13:15:00,17.978,34.022,145.98,65.12,28.87,53.89,11.951,11.344,4.495,3.81,0.6069,0.6849,3561.59,59.89,606.71,0.000198,0.8316,4,Tube Bypass / Leak
2026-02-26 13:30:00,16.818,33.302,147.93,58.88,28.16,54.49,12.364,11.846,4.551,3.918,0.5186,0.6333,3669.3,56.38,602.46,0.000182,0.8228,4,Tube Bypass / Leak
2026-02-26 13:45:00,16.884,31.018,146.0,58.58,26.36,54.22,11.889,11.388,4.408,3.792,0.5005,0.6161,3616.22,56.9,602.31,0.000199,0.8241,4,Tube Bypass / Leak
2026-02-26 14:00:00,16.667,31.796,146.24,59.71,29.19,55.75,12.227,11.713,4.566,3.985,0.5135,0.5809,3533.65,55.18,611.1,0.000175,0.8334,4,Tube Bypass / Leak
2026-02-26 14:15:00,18.41,29.569,138.73,59.48,27.53,56.42,11.672,10.934,4.387,3.837,0.7379,0.5502,3574.26,53.22,617.31,0.000155,0.7954,4,Tube Bypass / Leak
2026-02-26 14:30:00,16.638,32.113,147.09,63.17,27.68,53.14,12.127,11.618,4.445,3.84,0.5082,0.6047,3421.27,60.05,594.43,0.000213,0.8486,4,Tube Bypass / Leak
2026-02-26 14:45:00,21.039,32.931,142.57,69.28,28.12,55.54,12.506,11.61,4.483,3.825,0.896,0.6579,3778.03,61.26,589.81,0.000146,0.7646,4,Tube Bypass / Leak
2026-02-26 15:00:00,18.668,32.34,150.39,65.03,25.74,54.59,11.873,11.214,4.538,3.895,0.6585,0.6422,3904.21,63.4,571.45,0.000291,0.7801,4,Tube Bypass / Leak
2026-02-26 15:15:00,18.321,36.12,140.21,61.88,32.24,55.5,12.336,11.725,4.647,3.908,0.6102,0.7395,3515.85,52.44,597.16,0.000215,0.7896,4,Tube Bypass / Leak
2026-02-26 15:30:00,17.865,30.952,142.14,60.9,26.06,53.51,12.131,11.549,4.464,3.872,0.5822,0.5925,3555.82,57.61,602.69,0.000168,0.8167,4,Tube Bypass / Leak
2026-02-26 15:45:00,17.471,32.84,151.67,64.9,27.21,54.24,11.665,11.039,4.694,4.076,0.6259,0.6175,3714.27,62.91,582.16,0.000204,0.82,4,Tube Bypass / Leak
2026-02-26 16:00:00,16.869,31.804,143.98,60.11,27.93,53.98,12.218,11.667,4.462,3.874,0.5505,0.5882,3465.96,56.22,602.49,0.000193,0.8327,4,Tube Bypass / Leak
2026-02-26 16:15:00,17.813,33.52,141.76,62.99,28.69,53.2,12.33,11.716,4.374,3.752,0.6146,0.622,3437.45,57.21,582.91,0.00027,0.8119,4,Tube Bypass / Leak
2026-02-26 16:30:00,18.946,30.145,146.68,69.2,29.09,57.6,12.044,11.34,4.539,3.995,0.7047,0.5445,3596.7,61.37,582.25,0.000239,0.798,4,Tube Bypass / Leak
2026-02-26 16:45:00,19.623,29.595,140.22,62.64,25.29,55.41,11.814,11.016,4.504,3.946,0.7982,0.5571,3729.81,57.87,592.91,0.000251,0.7672,4,Tube Bypass / Leak
2026-02-26 17:00:00,19.097,29.764,147.3,66.08,30.03,60.55,11.773,11.112,4.503,3.944,0.6611,0.5594,3800.33,57.74,596.79,0.000198,0.7725,4,Tube Bypass / Leak
2026-02-26 17:15:00,17.774,30.672,144.93,61.66,27.12,55.38,12.16,11.593,4.642,4.099,0.5667,0.5422,3626.37,57.74,611.07,0.000223,0.8197,4,Tube Bypass / Leak
2026-02-26 17:30:00,17.541,32.593,145.12,64.09,29.01,54.54,11.549,10.93,4.473,3.871,0.6196,0.6021,3482.17,58.51,606.54,0.000173,0.8354,4,Tube Bypass / Leak
2026-02-26 17:45:00,15.961,31.88,140.79,56.56,26.43,51.12,12.016,11.56,4.484,3.825,0.4567,0.6589,3293.66,54.6,593.65,0.00022,0.845,4,Tube Bypass / Leak
2026-02-26 18:00:00,18.926,31.405,145.03,62.29,27.02,56.21,11.852,11.16,4.368,3.804,0.6919,0.5642,3836.44,57.98,585.21,0.000244,0.7654,4,Tube Bypass / Leak
2026-02-26 18:15:00,17.379,34.071,148.89,62.91,27.57,53.25,12.082,11.45,4.596,3.892,0.6318,0.7047,3660.97,60.56,609.01,0.000196,0.8374,4,Tube Bypass / Leak
2026-02-26 18:30:00,18.12,31.991,142.4,61.04,27.87,54.86,11.766,11.06,4.42,3.789,0.7062,0.6309,3611.89,56.02,578.87,0.000234,0.7816,4,Tube Bypass / Leak
2026-02-26 18:45:00,17.01,30.718,149.55,62.03,26.33,54.71,11.819,11.311,4.513,3.93,0.5082,0.5828,3647.15,60.53,603.43,0.00016,0.8352,4,Tube Bypass / Leak
2026-02-26 19:00:00,18.59,32.103,144.79,64.72,28.33,55.48,11.918,11.219,4.337,3.751,0.6989,0.5857,3647.03,58.95,594.58,0.000225,0.8006,4,Tube Bypass / Leak
2026-02-26 19:15:00,18.77,31.092,142.25,65.37,27.71,54.88,12.1,11.384,4.614,4.048,0.7161,0.5663,3535.44,59.07,593.55,0.000231,0.8053,4,Tube Bypass / Leak
2026-02-26 19:30:00,17.199,32.211,139.92,63.19,28.27,52.26,12.099,11.528,4.344,3.72,0.571,0.6231,3233.22,57.3,584.37,0.000219,0.8362,4,Tube Bypass / Leak
2026-02-26 19:45:00,18.152,30.915,144.98,67.6,29.76,56.36,12.033,11.441,4.607,4.048,0.5923,0.5593,3441.18,59.67,579.68,0.000198,0.8124,4,Tube Bypass / Leak
2026-02-26 20:00:00,18.634,30.278,145.48,65.24,29.08,58.0,12.028,11.342,4.61,4.072,0.6858,0.5372,3663.23,58.09,635.44,0.000191,0.8243,4,Tube Bypass / Leak
2026-02-26 20:15:00,19.072,31.75,146.17,63.57,28.89,57.94,11.842,11.218,4.475,3.839,0.6236,0.6357,3859.23,57.35,596.07,0.000215,0.7688,4,Tube Bypass / Leak
2026-02-26 20:30:00,18.677,34.162,148.31,63.74,26.62,53.69,12.066,11.357,4.528,3.863,0.7091,0.6649,3869.38,61.45,608.83,0.00017,0.809,4,Tube Bypass / Leak
2026-02-26 20:45:00,16.999,33.005,143.51,59.94,28.5,53.7,11.902,11.292,4.487,3.785,0.6101,0.7017,3480.68,55.61,595.43,0.000186,0.8233,4,Tube Bypass / Leak
2026-02-26 21:00:00,19.648,33.197,147.3,68.29,28.32,55.7,11.854,11.129,4.58,3.946,0.7255,0.6341,3803.56,62.25,603.38,0.000217,0.7987,4,Tube Bypass / Leak
2026-02-26 21:15:00,17.192,34.939,144.1,58.67,25.93,50.55,12.01,11.465,4.518,3.819,0.5453,0.6987,3598.53,57.92,607.18,0.000161,0.8332,4,Tube Bypass / Leak
2026-02-26 21:30:00,20.994,32.017,147.19,71.19,28.67,57.85,12.052,11.278,4.583,3.961,0.7735,0.6222,3908.87,63.06,605.31,0.000169,0.7769,4,Tube Bypass / Leak
2026-02-26 21:45:00,18.588,31.697,146.12,63.07,28.39,56.91,11.825,11.137,4.452,3.877,0.6881,0.575,3782.63,57.71,624.37,0.000157,0.8085,4,Tube Bypass / Leak
2026-02-26 22:00:00,19.071,30.201,147.55,63.49,28.21,59.29,11.929,11.223,4.422,3.906,0.7053,0.5152,3927.47,57.78,605.45,0.000143,0.7718,4,Tube Bypass / Leak
2026-02-26 22:15:00,18.424,29.726,144.04,67.87,28.71,56.36,11.956,11.219,4.491,3.973,0.7378,0.5186,3438.27,60.2,568.3,0.000258,0.7999,4,Tube Bypass / Leak
2026-02-26 22:30:00,18.228,31.145,143.26,62.89,26.99,54.53,12.075,11.404,4.494,3.923,0.6704,0.5708,3589.23,58.38,590.05,0.000226,0.8024,4,Tube Bypass / Leak
2026-02-26 22:45:00,18.901,32.33,147.62,63.73,27.3,56.02,11.981,11.247,4.531,3.925,0.7343,0.6051,3884.82,59.84,596.49,0.000186,0.7838,4,Tube Bypass / Leak
2026-02-26 23:00:00,19.531,30.971,144.19,64.66,28.4,57.76,11.904,11.188,4.409,3.85,0.7168,0.5589,3805.23,57.76,604.43,0.000192,0.7748,4,Tube Bypass / Leak
2026-02-26 23:15:00,19.105,28.39,147.14,64.4,27.41,60.01,12.185,11.408,4.349,3.846,0.7769,0.5028,3873.07,58.53,593.44,0.000229,0.7648,4,Tube Bypass / Leak
2026-02-26 23:30:00,17.538,29.892,146.53,62.19,27.9,56.88,12.115,11.56,4.555,3.988,0.5549,0.5674,3623.97,57.61,588.64,0.00023,0.8035,4,Tube Bypass / Leak
2026-02-26 23:45:00,18.874,36.96,142.27,63.65,26.52,50.03,12.166,11.43,4.474,3.704,0.7354,0.7697,3635.43,60.56,607.54,0.000203,0.8212,4,Tube Bypass / Leak
2026-02-27 00:00:00,19.59,31.159,144.33,65.88,30.31,59.19,11.899,11.099,4.453,3.856,0.8003,0.5967,3765.27,56.79,596.74,0.000227,0.7649,4,Tube Bypass / Leak
2026-02-27 00:15:00,17.295,30.346,145.69,65.24,29.07,55.92,12.0,11.341,4.454,3.862,0.6582,0.5919,3409.07,58.97,596.88,0.000225,0.836,4,Tube Bypass / Leak
2026-02-27 00:30:00,19.694,31.19,147.87,66.89,25.57,55.52,12.194,11.446,4.492,3.882,0.7486,0.6102,3907.48,63.45,601.16,0.000202,0.791,4,Tube Bypass / Leak
2026-02-27 00:45:00,20.557,30.81,142.51,65.0,28.87,59.15,12.033,11.277,4.665,4.124,0.7563,0.5408,3903.41,56.5,616.77,0.000162,0.7549,4,Tube Bypass / Leak
2026-02-27 01:00:00,17.191,33.305,144.61,57.27,26.9,53.3,12.09,11.516,4.389,3.765,0.5743,0.6239,3678.48,55.36,604.16,0.000217,0.813,4,Tube Bypass / Leak
2026-02-27 01:15:00,18.273,28.198,144.63,62.87,24.3,55.32,12.008,11.367,4.613,4.136,0.6418,0.4764,3660.53,60.43,581.66,0.000263,0.7939,4,Tube Bypass / Leak
2026-02-27 01:30:00,20.086,34.277,147.52,63.97,25.52,54.18,11.891,11.095,4.447,3.762,0.7961,0.6854,4111.42,61.9,599.22,0.000215,0.7639,4,Tube Bypass / Leak
2026-02-27 01:45:00,18.751,34.3,144.08,62.64,27.34,53.41,11.969,11.293,4.401,3.669,0.676,0.7325,3741.7,58.7,618.41,0.000162,0.8124,4,Tube Bypass / Leak
2026-02-27 02:00:00,18.182,32.498,145.82,66.39,30.46,56.48,12.125,11.536,4.515,3.848,0.5883,0.6672,3538.46,58.64,614.44,0.000168,0.8292,4,Tube Bypass / Leak
2026-02-27 02:15:00,19.55,32.724,143.45,64.33,29.76,57.44,11.99,11.243,4.521,3.858,0.7474,0.6629,3789.61,56.44,589.46,0.000215,0.7568,4,Tube Bypass / Leak
2026-02-27 02:30:00,18.943,35.34,144.13,64.37,28.71,53.74,12.199,11.565,4.533,3.726,0.6335,0.8073,3701.7,58.84,602.66,0.000136,0.8018,4,Tube Bypass / Leak
2026-02-27 02:45:00,18.171,30.338,143.51,64.76,29.79,57.41,11.495,10.828,4.564,3.965,0.6677,0.5987,3505.77,56.75,600.85,0.000203,0.8097,4,Tube Bypass / Leak
2026-02-27 03:00:00,19.601,31.26,147.99,64.17,27.83,58.61,12.056,11.329,4.561,3.955,0.7275,0.6063,4025.17,58.93,600.17,0.000186,0.7585,4,Tube Bypass / Leak
2026-02-27 03:15:00,19.416,34.587,145.6,65.21,26.39,52.81,12.279,11.507,4.548,3.875,0.7725,0.6729,3823.76,61.93,611.12,0.000193,0.8068,4,Tube Bypass / Leak
2026-02-27 03:30:00,20.027,30.399,142.72,68.1,31.73,60.52,12.011,11.265,4.474,3.861,0.7468,0.6131,3661.22,56.21,612.1,0.00018,0.7771,4,Tube Bypass / Leak
2026-02-27 03:45:00,18.159,32.775,142.14,62.59,27.02,52.83,12.007,11.324,4.555,3.922,0.6838,0.6334,3539.14,58.38,585.26,0.000183,0.8054,4,Tube Bypass / Leak
2026-02-27 04:00:00,17.611,31.036,145.08,63.36,27.77,54.93,11.99,11.379,4.532,3.913,0.6101,0.6184,3526.05,58.7,631.89,0.000123,0.8479,4,Tube Bypass / Leak
2026-02-27 04:15:00,18.499,33.711,150.14,66.0,26.94,53.97,11.553,10.925,4.583,3.883,0.6279,0.6994,3812.96,63.39,610.08,0.000201,0.824,4,Tube Bypass / Leak
2026-02-27 04:30:00,16.254,30.341,143.5,58.89,29.14,55.69,11.569,11.025,4.518,3.926,0.5447,0.5917,3369.28,53.64,599.86,0.000216,0.834,4,Tube Bypass / Leak
2026-02-27 04:45:00,18.775,31.818,146.15,65.35,28.74,56.66,12.224,11.533,4.44,3.821,0.6908,0.6191,3716.73,59.16,594.7,0.000214,0.7931,4,Tube Bypass / Leak
2026-02-27 05:00:00,20.024,33.432,147.5,68.89,29.7,57.27,11.891,11.202,4.606,3.907,0.6894,0.699,3856.36,61.21,608.08,0.000157,0.7887,4,Tube Bypass / Leak
2026-02-27 05:15:00,18.082,32.179,144.33,61.81,27.53,54.68,12.045,11.356,4.557,3.945,0.6882,0.6113,3655.33,57.6,580.85,0.000257,0.7889,4,Tube Bypass / Leak
2026-02-27 05:30:00,18.451,30.885,148.7,64.93,26.15,55.45,11.759,11.131,4.406,3.834,0.6281,0.5713,3786.54,62.08,565.45,0.000276,0.7784,4,Tube Bypass / Leak
2026-02-27 05:45:00,18.362,32.125,145.25,62.68,27.2,54.83,12.051,11.326,4.47,3.8,0.7254,0.6702,3714.47,58.72,615.22,0.00017,0.8147,4,Tube Bypass / Leak
2026-02-27 06:00:00,19.696,30.742,144.74,66.89,27.82,57.03,11.806,11.03,4.53,3.912,0.7758,0.6185,3756.58,60.15,617.33,0.000153,0.7998,4,Tube Bypass / Leak
2026-02-27 06:15:00,20.815,31.543,143.16,66.65,26.33,55.9,11.741,11.002,4.6,3.994,0.7396,0.6057,3901.69,60.8,605.44,0.000168,0.7668,4,Tube Bypass / Leak
2026-02-27 06:30:00,17.783,34.03,144.02,63.85,27.97,52.5,11.957,11.328,4.57,3.889,0.629,0.6807,3492.59,59.42,603.27,0.000191,0.8345,4,Tube Bypass / Leak
2026-02-27 06:45:00,18.29,28.867,143.12,61.12,27.37,57.79,11.774,11.105,4.519,4.007,0.6696,0.5123,3674.3,55.61,596.22,0.00022,0.7823,4,Tube Bypass / Leak
2026-02-27 07:00:00,16.235,28.656,143.35,62.41,28.82,55.67,11.865,11.341,4.487,3.955,0.5242,0.5318,3219.21,56.38,611.39,0.000161,0.8604,4,Tube Bypass / Leak
2026-02-27 07:15:00,16.332,32.073,150.3,61.1,26.46,53.06,12.228,11.648,4.534,3.871,0.5802,0.6626,3569.2,60.65,614.01,0.000165,0.8586,4,Tube Bypass / Leak
2026-02-27 07:30:00,19.554,29.466,145.61,65.56,26.0,57.11,12.262,11.442,4.534,4.005,0.8202,0.5287,3835.01,60.78,593.74,0.000196,0.7757,4,Tube Bypass / Leak
2026-02-27 07:45:00,17.695,29.515,141.22,59.71,27.78,56.39,12.14,11.471,4.63,4.101,0.6688,0.5291,3533.86,54.14,606.81,0.000151,0.8057,4,Tube Bypass / Leak
2026-02-27 08:00:00,17.654,32.843,143.03,61.12,28.08,53.86,11.751,11.096,4.459,3.823,0.6552,0.6355,3542.67,56.54,624.54,0.000164,0.8348,4,Tube Bypass / Leak
2026-02-27 08:15:00,16.469,33.134,150.46,60.92,28.25,54.31,12.51,12.023,4.319,3.629,0.4871,0.6907,3612.54,58.81,596.91,0.00018,0.8371,4,Tube Bypass / Leak
2026-02-27 08:30:00,18.271,31.47,144.81,61.98,30.28,58.44,12.169,11.471,4.454,3.901,0.698,0.5536,3707.41,54.55,626.89,0.000145,0.8053,4,Tube Bypass / Leak
2026-02-27 08:45:00,17.669,32.042,146.12,62.11,27.82,54.94,11.953,11.307,4.422,3.802,0.6457,0.6202,3636.45,58.17,591.53,0.000222,0.8088,4,Tube Bypass / Leak
2026-02-27 09:00:00,17.774,32.566,146.85,62.33,29.03,56.04,11.999,11.313,4.434,3.773,0.6863,0.6612,3680.41,57.33,581.53,0.00029,0.7919,4,Tube Bypass / Leak
2026-02-27 09:15:00,17.774,32.708,146.35,63.83,29.86,56.12,11.838,11.232,4.479,3.791,0.606,0.6873,3593.43,57.59,574.38,0.000256,0.7936,4,Tube Bypass / Leak
2026-02-27 09:30:00,15.887,34.302,143.48,59.61,27.13,49.87,11.96,11.474,4.38,3.642,0.486,0.7386,3264.33,57.75,572.49,0.000239,0.8475,4,Tube Bypass / Leak
2026-02-27 09:45:00,17.567,30.361,141.99,59.94,24.65,52.45,12.398,11.735,4.506,3.937,0.6636,0.5688,3531.21,58.26,587.53,0.000186,0.8129,4,Tube Bypass / Leak
2026-02-27 10:00:00,18.042,32.751,143.53,63.95,28.26,53.93,12.222,11.643,4.56,3.952,0.5781,0.6078,3517.58,58.56,605.09,0.000191,0.8255,4,Tube Bypass / Leak
2026-02-27 10:15:00,17.503,30.605,145.74,61.62,29.14,57.31,12.027,11.39,4.511,3.904,0.6371,0.6078,3607.33,55.86,599.46,0.0002,0.8073,4,Tube Bypass / Leak
2026-02-27 10:30:00,18.478,31.145,143.18,62.25,29.02,57.13,11.973,11.241,4.451,3.841,0.7319,0.6101,3663.88,55.51,619.0,0.000158,0.8031,4,Tube Bypass / Leak
2026-02-27 10:45:00,19.58,34.123,143.56,68.41,29.13,54.38,12.38,11.666,4.438,3.708,0.7146,0.7303,3605.03,60.86,571.32,0.00029,0.7814,4,Tube Bypass / Leak
2026-02-27 11:00:00,17.995,31.553,140.85,60.99,26.15,52.82,11.746,11.149,4.369,3.734,0.5974,0.6343,3521.02,57.39,636.13,0.000125,0.8415,4,Tube Bypass / Leak
2026-02-27 11:15:00,19.929,32.245,150.63,71.15,28.74,57.5,11.952,11.212,4.452,3.868,0.7395,0.5848,3880.34,64.48,583.8,0.00026,0.7809,4,Tube Bypass / Leak
2026-02-27 11:30:00,17.35,33.181,144.67,63.16,27.78,52.74,11.724,11.162,4.548,3.839,0.5625,0.709,3465.15,59.22,586.4,0.000223,0.8278,4,Tube Bypass / Leak
2026-02-27 11:45:00,18.203,32.165,144.35,64.36,27.45,53.97,11.87,11.186,4.55,3.962,0.6838,0.5886,3567.73,59.7,614.45,0.000185,0.831,4,Tube Bypass / Leak
2026-02-27 12:00:00,17.788,32.815,146.07,60.45,28.68,55.86,12.131,11.585,4.494,3.807,0.5459,0.6875,3731.67,55.99,607.06,0.000202,0.8041,4,Tube Bypass / Leak
2026-02-27 12:15:00,18.299,34.168,149.14,62.79,29.09,56.17,12.287,11.568,4.4,3.688,0.7185,0.7122,3871.54,58.41,599.2,0.00013,0.7924,4,Tube Bypass / Leak
2026-02-27 12:30:00,19.761,32.358,148.65,68.02,29.39,58.23,11.906,11.225,4.606,3.917,0.6804,0.6881,3903.47,60.9,605.09,0.000199,0.7828,4,Tube Bypass / Leak
2026-02-27 12:45:00,19.083,34.298,146.25,66.4,26.07,52.08,12.121,11.354,4.388,3.653,0.767,0.735,3733.38,63.49,585.87,0.000247,0.8038,4,Tube Bypass / Leak
2026-02-27 13:00:00,20.271,31.845,149.35,67.11,26.15,56.81,11.949,11.125,4.275,3.69,0.8243,0.5849,4084.6,63.28,574.47,0.000251,0.7417,4,Tube Bypass / Leak
2026-02-27 13:15:00,17.694,31.646,146.14,61.17,26.71,54.53,11.981,11.389,4.541,3.901,0.5917,0.6401,3683.53,58.44,592.32,0.000172,0.8063,4,Tube Bypass / Leak
2026-02-27 13:30:00,17.125,29.366,147.2,59.14,27.55,57.62,11.664,11.124,4.499,3.946,0.5398,0.5529,3695.01,55.63,597.19,0.000224,0.8024,4,Tube Bypass / Leak
2026-02-27 13:45:00,17.989,30.635,138.14,62.22,29.65,55.75,12.112,11.417,4.652,4.088,0.6952,0.5638,3345.87,53.68,595.25,0.000244,0.8058,4,Tube Bypass / Leak
2026-02-27 14:00:00,16.537,29.638,144.18,57.89,25.97,54.16,12.137,11.587,4.327,3.746,0.5498,0.581,3496.15,56.04,575.69,0.000248,0.8108,4,Tube Bypass / Leak
2026-02-27 14:15:00,19.599,33.178,147.82,66.5,29.35,57.48,12.13,11.383,4.379,3.745,0.7466,0.634,3904.88,59.85,595.57,0.00021,0.772,4,Tube Bypass / Leak
2026-02-27 14:30:00,19.55,31.737,143.03,62.14,26.81,55.98,11.829,11.07,4.451,3.821,0.7588,0.63,3874.7,57.36,624.12,0.000143,0.7856,4,Tube Bypass / Leak
2026-02-27 14:45:00,16.12,33.656,147.81,59.87,30.28,54.94,11.761,11.268,4.497,3.839,0.4929,0.6579,3473.0,55.33,572.95,0.000236,0.8199,4,Tube Bypass / Leak
2026-02-27 15:00:00,17.968,32.548,147.31,61.63,27.36,55.05,11.774,11.172,4.608,3.94,0.6022,0.668,3771.67,58.56,577.94,0.000263,0.7844,4,Tube Bypass / Leak
2026-02-27 15:15:00,18.459,30.71,147.36,63.58,30.45,59.94,12.016,11.334,4.418,3.843,0.6819,0.5754,3788.64,55.95,616.29,0.000119,0.7934,4,Tube Bypass / Leak
2026-02-27 15:30:00,16.782,31.038,146.72,63.14,32.42,58.88,12.024,11.514,4.567,3.948,0.5095,0.6193,3436.61,54.37,585.28,0.000263,0.8136,4,Tube Bypass / Leak
2026-02-27 15:45:00,19.203,32.403,142.08,64.1,28.83,55.89,11.96,11.227,4.665,4.054,0.7325,0.6116,3668.62,56.98,594.71,0.000191,0.7802,4,Tube Bypass / Leak
2026-02-27 16:00:00,18.219,31.24,145.9,68.82,29.07,55.4,12.019,11.329,4.58,4.028,0.6902,0.5522,3440.62,61.69,552.22,0.00029,0.7973,4,Tube Bypass / Leak
2026-02-27 16:15:00,17.314,32.306,143.34,57.78,28.1,54.95,12.272,11.705,4.341,3.706,0.5666,0.6344,3629.54,53.8,610.89,0.000172,0.8112,4,Tube Bypass / Leak
2026-02-27 16:30:00,17.455,29.501,147.08,62.38,30.0,59.34,11.902,11.333,4.604,4.114,0.5693,0.4901,3622.21,55.53,604.45,0.00019,0.8078,4,Tube Bypass / Leak
2026-02-27 16:45:00,19.072,32.389,143.06,66.06,29.13,55.68,11.935,11.308,4.514,3.911,0.6269,0.6034,3597.89,58.58,604.56,0.000187,0.8047,4,Tube Bypass / Leak
2026-02-27 17:00:00,18.214,30.691,146.28,64.81,26.2,54.51,12.036,11.329,4.473,3.885,0.7065,0.5888,3635.89,61.4,583.14,0.000243,0.8066,4,Tube Bypass / Leak
2026-02-27 17:15:00,17.384,31.547,144.68,58.56,26.63,54.42,11.84,11.309,4.505,3.889,0.5304,0.616,3667.92,56.13,616.82,0.000146,0.8214,4,Tube Bypass / Leak
2026-02-27 17:30:00,19.043,32.334,142.07,63.74,26.6,53.61,12.271,11.625,4.454,3.852,0.646,0.6021,3654.57,59.13,569.61,0.000251,0.7713,4,Tube Bypass / Leak
2026-02-27 17:45:00,19.386,30.99,151.29,69.46,28.3,58.28,12.134,11.385,4.616,4.001,0.7482,0.6152,3886.26,63.6,607.43,0.000141,0.8025,4,Tube Bypass / Leak
2026-02-27 18:00:00,19.958,32.779,144.46,64.92,26.69,55.05,11.964,11.152,4.516,3.873,0.8118,0.6436,3889.07,60.24,585.74,0.000219,0.7597,4,Tube Bypass / Leak
2026-02-27 18:15:00,19.448,30.36,144.88,65.25,28.87,58.74,12.062,11.4,4.416,3.882,0.6617,0.5341,3794.31,57.73,584.09,0.000239,0.756,4,Tube Bypass / Leak
2026-02-27 18:30:00,20.51,31.239,145.68,69.06,28.16,57.61,12.015,11.217,4.548,3.985,0.7976,0.5634,3849.81,61.5,590.41,0.000214,0.7646,4,Tube Bypass / Leak
2026-02-27 18:45:00,17.887,33.314,143.17,60.33,27.59,53.64,12.138,11.439,4.467,3.767,0.6991,0.6999,3630.37,56.45,608.09,0.000208,0.8132,4,Tube Bypass / Leak
2026-02-27 19:00:00,18.629,32.033,146.09,65.04,28.61,56.21,11.828,11.147,4.631,4.042,0.681,0.5882,3698.95,59.19,571.27,0.00024,0.7755,4,Tube Bypass / Leak
2026-02-27 19:15:00,16.87,37.204,147.52,57.24,26.59,50.56,11.832,11.249,4.368,3.546,0.5831,0.8221,3731.02,57.58,589.51,0.000188,0.8172,4,Tube Bypass / Leak
2026-02-27 19:30:00,19.116,33.334,150.9,65.14,28.33,57.13,12.035,11.355,4.53,3.864,0.6793,0.6667,4016.61,60.91,612.7,0.000171,0.7918,4,Tube Bypass / Leak
2026-02-27 19:45:00,19.821,33.115,143.61,65.4,29.21,56.63,12.207,11.432,4.609,3.955,0.775,0.6542,3798.17,57.92,579.38,0.000273,0.7505,4,Tube Bypass / Leak
2026-02-27 20:00:00,18.189,33.824,145.13,62.55,29.6,55.6,11.578,10.936,4.428,3.719,0.6418,0.7086,3679.98,56.61,638.63,0.000107,0.8298,4,Tube Bypass / Leak
2026-02-27 20:15:00,18.034,30.575,142.99,61.5,26.75,54.89,12.264,11.556,4.551,3.98,0.7078,0.571,3600.46,57.35,604.02,0.000177,0.8103,4,Tube Bypass / Leak
2026-02-27 20:30:00,19.982,30.892,143.89,65.5,28.62,58.32,12.228,11.386,4.507,3.885,0.8422,0.6219,3837.66,57.85,597.31,0.000211,0.7586,4,Tube Bypass / Leak
2026-02-27 20:45:00,17.957,31.061,144.78,60.93,27.85,56.23,11.708,11.054,4.487,3.901,0.6543,0.5858,3688.71,56.34,585.43,0.000207,0.7845,4,Tube Bypass / Leak
2026-02-27 21:00:00,17.792,32.131,145.06,62.73,27.82,54.51,11.87,11.309,4.552,3.934,0.5611,0.6182,3588.69,58.38,623.69,0.000156,0.836,4,Tube Bypass / Leak
2026-02-27 21:15:00,20.205,31.838,145.16,67.49,28.96,57.82,11.809,10.921,4.597,3.969,0.8886,0.6282,3844.72,59.65,574.09,0.000263,0.7428,4,Tube Bypass / Leak
2026-02-27 21:30:00,17.951,30.465,143.15,61.51,29.84,58.0,11.968,11.289,4.572,4.016,0.6795,0.5567,3590.62,54.07,613.22,0.000143,0.8039,4,Tube Bypass / Leak
2026-02-27 21:45:00,19.922,31.859,145.73,69.99,29.34,57.07,11.732,11.029,4.399,3.811,0.7025,0.5885,3696.86,61.57,584.68,0.000253,0.782,4,Tube Bypass / Leak
2026-02-27 22:00:00,18.254,30.617,146.84,66.73,29.78,57.75,12.079,11.422,4.557,4.005,0.6566,0.5521,3583.03,59.24,609.4,0.000167,0.8214,4,Tube Bypass / Leak
2026-02-27 22:15:00,17.455,31.796,142.47,62.15,26.61,52.43,11.812,11.149,4.614,4.055,0.6637,0.5596,3434.87,58.62,574.8,0.000265,0.8149,4,Tube Bypass / Leak
2026-02-27 22:30:00,20.576,32.461,139.05,64.09,27.36,55.18,11.87,11.06,4.427,3.765,0.8098,0.6628,3779.04,57.09,579.0,0.000244,0.7337,4,Tube Bypass / Leak
2026-02-27 22:45:00,20.132,35.919,140.47,66.69,30.17,54.39,11.962,11.196,4.461,3.705,0.766,0.7557,3639.35,57.8,593.06,0.00019,0.7769,4,Tube Bypass / Leak
2026-02-27 23:00:00,18.602,34.287,145.71,60.97,27.8,54.73,12.454,11.791,4.317,3.584,0.663,0.7323,3862.34,57.3,632.44,0.000151,0.8108,4,Tube Bypass / Leak
2026-02-27 23:15:00,20.596,30.512,141.92,68.93,29.09,57.94,12.151,11.316,4.528,3.968,0.8348,0.5595,3683.43,59.19,613.38,0.000168,0.7856,4,Tube Bypass / Leak
2026-02-27 23:30:00,18.668,34.434,143.95,65.78,28.62,53.44,11.687,10.964,4.439,3.734,0.7233,0.7051,3575.25,59.93,568.03,0.000254,0.7893,4,Tube Bypass / Leak
2026-02-27 23:45:00,17.33,30.729,149.36,65.9,30.28,57.84,12.056,11.515,4.448,3.924,0.5412,0.5235,3543.47,59.24,599.51,0.000157,0.8296,4,Tube Bypass / Leak
2026-02-28 00:00:00,18.666,32.092,144.38,65.37,27.84,54.75,11.78,11.066,4.427,3.827,0.7136,0.5994,3613.36,59.85,580.13,0.000217,0.7939,4,Tube Bypass / Leak
2026-02-28 00:15:00,20.365,30.201,145.32,69.27,30.5,60.53,12.053,11.309,4.46,3.921,0.7441,0.5389,3794.52,58.81,569.85,0.000216,0.7323,4,Tube Bypass / Leak
2026-02-28 00:30:00,19.757,31.592,146.06,65.04,27.7,57.37,12.243,11.433,4.487,3.871,0.8102,0.6155,3921.77,59.36,587.7,0.000238,0.7552,4,Tube Bypass / Leak
2026-02-28 00:45:00,19.004,35.246,141.51,60.33,27.19,52.82,12.003,11.28,4.51,3.767,0.7223,0.7427,3779.95,56.43,593.74,0.00021,0.7744,4,Tube Bypass / Leak
2026-02-28 01:00:00,17.96,30.959,146.73,61.09,26.01,55.1,12.154,11.484,4.386,3.85,0.6693,0.5358,3768.6,58.9,595.37,0.000221,0.7996,4,Tube Bypass / Leak
2026-02-28 01:15:00,20.076,30.339,141.04,62.12,26.02,56.6,12.233,11.406,4.66,4.083,0.8273,0.5771,3881.58,56.88,598.56,0.000195,0.7478,4,Tube Bypass / Leak
2026-02-28 01:30:00,18.996,31.205,140.98,61.83,28.04,56.26,12.254,11.508,4.611,4.049,0.7457,0.5623,3683.68,55.41,591.31,0.000242,0.7683,4,Tube Bypass / Leak
2026-02-28 01:45:00,19.03,32.715,141.41,59.4,27.28,55.22,11.837,11.166,4.445,3.807,0.6718,0.6383,3823.94,54.78,620.47,0.000166,0.7825,4,Tube Bypass / Leak
2026-02-28 02:00:00,20.318,31.911,142.75,65.4,28.91,57.75,11.986,11.284,4.48,3.81,0.7023,0.6701,3850.42,57.36,589.34,0.000218,0.743,4,Tube Bypass / Leak
2026-02-28 02:15:00,18.516,29.78,146.95,62.33,27.44,58.24,12.213,11.496,4.46,3.894,0.7171,0.5661,3838.71,57.67,612.41,0.000183,0.7924,4,Tube Bypass / Leak
2026-02-28 02:30:00,18.015,33.251,147.41,67.25,28.74,54.17,11.86,11.198,4.637,3.981,0.6627,0.6554,3537.76,61.9,582.5,0.000245,0.8218,4,Tube Bypass / Leak
2026-02-28 02:45:00,17.568,29.416,145.4,61.17,28.16,57.61,11.84,11.224,4.433,3.89,0.6152,0.5427,3625.11,56.0,615.88,0.000176,0.8169,4,Tube Bypass / Leak
2026-02-28 03:00:00,20.665,31.821,146.26,68.04,27.54,57.29,11.689,10.902,4.395,3.8,0.7864,0.595,3960.15,61.59,607.73,0.000181,0.7708,4,Tube Bypass / Leak
2026-02-28 03:15:00,19.158,31.872,145.51,60.17,25.45,55.48,11.89,11.121,4.401,3.766,0.7685,0.6347,4005.24,58.05,612.11,0.00019,0.775,4,Tube Bypass / Leak
2026-02-28 03:30:00,18.677,31.596,143.23,62.74,27.19,55.05,12.433,11.788,4.68,4.051,0.6448,0.6296,3682.87,57.94,592.78,0.000237,0.7891,4,Tube Bypass / Leak
2026-02-28 03:45:00,16.706,30.77,145.09,59.7,27.1,54.25,12.16,11.549,4.551,4.005,0.611,0.5465,3494.79,56.83,621.1,0.000169,0.8473,4,Tube Bypass / Leak
2026-02-28 04:00:00,21.701,34.413,145.96,67.44,25.59,54.59,11.725,10.823,4.69,3.971,0.9016,0.719,4174.77,63.42,594.35,0.000182,0.7386,4,Tube Bypass / Leak
2026-02-28 04:15:00,18.846,29.339,145.01,65.36,29.36,59.32,11.929,11.271,4.635,4.083,0.6581,0.5513,3677.78,57.29,624.52,0.000143,0.8069,4,Tube Bypass / Leak
2026-02-28 04:30:00,19.019,32.521,143.52,63.48,28.07,55.48,12.185,11.475,4.414,3.748,0.7098,0.6663,3729.68,57.79,591.66,0.000201,0.7796,4,Tube Bypass / Leak
2026-02-28 04:45:00,19.739,29.053,137.93,66.39,28.43,56.89,12.014,11.218,4.423,3.909,0.796,0.5144,3459.84,56.8,600.11,0.000198,0.7895,4,Tube Bypass / Leak
2026-02-28 05:00:00,18.816,28.068,145.74,63.29,27.06,59.43,11.682,10.914,4.596,4.146,0.768,0.4497,3801.13,57.69,607.44,0.000174,0.7832,4,Tube Bypass / Leak
2026-02-28 05:15:00,20.866,31.232,146.87,67.84,25.81,56.73,12.396,11.651,4.567,4.008,0.7445,0.5591,4040.42,63.05,623.42,0.000126,0.7825,4,Tube Bypass / Leak
2026-02-28 05:30:00,19.238,34.197,143.14,61.45,27.7,54.61,12.224,11.436,4.534,3.864,0.7886,0.6701,3850.44,56.8,613.61,0.000185,0.7839,4,Tube Bypass / Leak
2026-02-28 05:45:00,19.266,31.415,141.6,63.08,28.91,57.11,11.968,11.203,4.486,3.882,0.7648,0.6039,3706.18,55.58,611.0,0.000186,0.7818,4,Tube Bypass / Leak
2026-02-28 06:00:00,17.452,33.121,142.26,60.14,29.19,54.53,12.177,11.537,4.494,3.87,0.6395,0.6236,3511.09,54.5,594.38,0.00019,0.8082,4,Tube Bypass / Leak
2026-02-28 06:15:00,17.892,34.04,146.55,61.94,26.98,53.02,11.651,11.038,4.422,3.73,0.6129,0.6928,3708.66,59.52,615.47,0.000157,0.8277,4,Tube Bypass / Leak
2026-02-28 06:30:00,16.76,33.585,145.79,58.76,26.71,52.14,11.868,11.298,4.395,3.765,0.57,0.6305,3573.46,57.46,599.18,0.000202,0.832,4,Tube Bypass / Leak
2026-02-28 06:45:00,16.875,31.832,144.83,59.46,27.81,54.31,11.746,11.145,4.374,3.778,0.6011,0.5962,3529.42,56.02,608.27,0.000179,0.8319,4,Tube Bypass / Leak
2026-02-28 07:00:00,16.85,29.791,143.84,61.02,28.48,55.91,11.807,11.224,4.342,3.802,0.5827,0.5399,3418.97,55.73,602.83,0.000158,0.8316,4,Tube Bypass / Leak
2026-02-28 07:15:00,20.04,32.813,147.83,68.02,30.4,58.94,11.937,11.12,4.309,3.627,0.8171,0.6825,3918.77,59.63,614.08,0.000193,0.7798,4,Tube Bypass / Leak
2026-02-28 07:30:00,18.168,32.568,145.77,60.1,29.44,57.43,11.737,11.123,4.57,3.9,0.6137,0.6706,3813.59,54.5,636.83,0.000171,0.809,4,Tube Bypass / Leak
2026-02-28 07:45:00,18.465,32.411,146.28,65.12,29.81,56.89,12.195,11.568,4.571,3.912,0.6268,0.6585,3671.75,58.22,594.3,0.000196,0.7971,4,Tube Bypass / Leak
2026-02-28 08:00:00,17.679,33.411,146.69,62.95,27.18,53.13,11.791,11.106,4.577,3.876,0.6849,0.7015,3627.25,60.1,606.88,0.000192,0.8314,4,Tube Bypass / Leak
2026-02-28 08:15:00,18.905,31.123,140.04,59.79,26.66,55.2,12.358,11.566,4.602,3.979,0.7919,0.6236,3716.83,54.99,599.68,0.000147,0.7726,4,Tube Bypass / Leak
2026-02-28 08:30:00,16.576,34.163,146.16,59.7,29.85,54.41,12.118,11.519,4.362,3.68,0.5988,0.6814,3511.51,55.13,603.86,0.000187,0.8336,4,Tube Bypass / Leak
2026-02-28 08:45:00,17.159,31.798,150.28,61.66,25.79,53.79,12.271,11.742,4.467,3.802,0.5289,0.6642,3725.4,61.26,600.96,0.000206,0.8305,4,Tube Bypass / Leak
2026-02-28 09:00:00,18.108,34.558,149.58,64.36,29.3,55.45,12.065,11.453,4.433,3.691,0.612,0.7422,3780.46,59.81,603.49,0.000202,0.8123,4,Tube Bypass / Leak
2026-02-28 09:15:00,18.537,32.951,141.75,61.88,28.09,54.4,12.019,11.294,4.312,3.632,0.7252,0.6803,3627.27,56.4,590.41,0.000235,0.7877,4,Tube Bypass / Leak
2026-02-28 09:30:00,18.217,31.819,145.33,62.65,25.63,53.35,11.675,10.998,4.527,3.958,0.6773,0.5693,3689.91,60.39,567.42,0.000241,0.7848,4,Tube Bypass / Leak
2026-02-28 09:45:00,17.889,30.609,144.85,63.76,29.17,56.92,11.812,11.242,4.466,3.902,0.5694,0.5634,3553.96,57.18,593.72,0.000207,0.8067,4,Tube Bypass / Leak
2026-02-28 10:00:00,17.404,31.744,145.98,65.49,29.07,54.91,12.02,11.465,4.565,3.963,0.5551,0.6015,3432.21,59.63,599.89,0.000187,0.8395,4,Tube Bypass / Leak
2026-02-28 10:15:00,18.847,34.353,143.75,60.91,27.41,54.03,11.86,11.193,4.532,3.813,0.6665,0.7189,3825.04,57.07,607.76,0.000168,0.7883,4,Tube Bypass / Leak
2026-02-28 10:30:00,18.114,33.124,144.98,62.38,25.19,51.64,11.703,11.067,4.585,3.927,0.6361,0.6578,3665.99,61.02,599.86,0.000187,0.8209,4,Tube Bypass / Leak
2026-02-28 10:45:00,16.924,34.055,144.41,58.77,28.56,53.48,11.945,11.36,4.54,3.837,0.5854,0.7034,3550.9,55.1,589.8,0.000175,0.8142,4,Tube Bypass / Leak
2026-02-28 11:00:00,20.165,32.79,142.49,64.03,29.49,57.75,12.461,11.576,4.466,3.863,0.885,0.6039,3876.52,55.94,614.88,0.00015,0.7616,4,Tube Bypass / Leak
2026-02-28 11:15:00,19.793,30.939,143.45,63.57,27.07,57.0,11.851,11.114,4.563,3.94,0.7373,0.6222,3874.02,57.93,599.71,0.000183,0.7613,4,Tube Bypass / Leak
2026-02-28 11:30:00,20.349,34.536,141.04,64.91,25.0,51.27,12.113,11.257,4.554,3.847,0.8561,0.707,3795.27,61.51,578.78,0.000234,0.7649,4,Tube Bypass / Leak
2026-02-28 11:45:00,20.634,33.227,143.72,69.94,27.9,54.73,11.855,11.012,4.444,3.761,0.8431,0.6834,3729.91,62.61,570.84,0.000262,0.7636,4,Tube Bypass / Leak
2026-02-28 12:00:00,18.886,34.637,146.24,68.19,29.77,54.69,12.196,11.566,4.386,3.708,0.6299,0.6782,3611.59,61.19,578.45,0.000221,0.7992,4,Tube Bypass / Leak
2026-02-28 12:15:00,17.996,32.733,148.96,63.91,29.12,56.5,11.835,11.169,4.602,3.911,0.6663,0.6912,3749.66,59.0,639.39,0.00012,0.8369,4,Tube Bypass / Leak
2026-02-28 12:30:00,18.682,32.815,147.85,65.52,27.95,55.39,11.973,11.23,4.547,3.932,0.7439,0.6145,3767.87,60.95,632.57,0.000163,0.8301,4,Tube Bypass / Leak
2026-02-28 12:45:00,17.984,31.505,144.99,65.75,29.45,55.94,12.092,11.513,4.499,3.935,0.5791,0.5645,3491.34,58.78,597.88,0.000191,0.8221,4,Tube Bypass / Leak
2026-02-28 13:00:00,20.107,33.734,140.33,64.15,29.14,55.73,12.112,11.303,4.491,3.833,0.8096,0.6578,3753.2,56.2,607.51,0.000193,0.769,4,Tube Bypass / Leak
2026-02-28 13:15:00,19.181,29.77,144.3,65.07,28.24,58.13,11.855,11.202,4.428,3.913,0.6524,0.5153,3723.55,58.04,589.78,0.000208,0.7727,4,Tube Bypass / Leak
2026-02-28 13:30:00,19.47,30.301,145.6,66.04,31.21,61.14,11.858,11.173,4.452,3.856,0.6846,0.5957,3794.92,56.03,636.97,0.000152,0.7945,4,Tube Bypass / Leak
2026-02-28 13:45:00,16.814,31.123,144.93,60.21,26.72,53.52,12.042,11.547,4.486,3.884,0.4951,0.6018,3490.15,57.68,610.65,0.000187,0.8427,4,Tube Bypass / Leak
2026-02-28 14:00:00,20.817,30.781,145.03,68.98,27.74,57.86,11.992,11.202,4.463,3.881,0.7908,0.5821,3878.92,61.37,623.24,0.000164,0.7867,4,Tube Bypass / Leak
2026-02-28 14:15:00,18.97,31.217,144.59,67.88,27.88,55.18,12.054,11.407,4.513,3.94,0.6467,0.5729,3565.47,61.43,569.67,0.000249,0.7908,4,Tube Bypass / Leak
2026-02-28 14:30:00,20.282,30.935,142.57,62.4,26.85,57.63,12.126,11.262,4.665,4.055,0.8643,0.6094,3983.74,56.7,631.24,0.000164,0.7674,4,Tube Bypass / Leak
2026-02-28 14:45:00,19.066,30.595,146.08,67.14,27.89,56.69,11.892,11.253,4.482,3.864,0.6384,0.6183,3687.35,60.92,560.56,0.000293,0.766,4,Tube Bypass / Leak
2026-02-28 15:00:00,18.451,33.449,146.21,65.54,27.14,53.2,11.794,11.156,4.504,3.812,0.6381,0.6914,3646.85,61.73,587.64,0.000215,0.8114,4,Tube Bypass / Leak
2026-02-28 15:15:00,20.522,30.286,147.29,70.27,29.65,60.2,12.426,11.547,4.398,3.839,0.8795,0.559,3872.36,60.93,597.78,0.000204,0.7648,4,Tube Bypass / Leak
2026-02-28 15:30:00,19.2,30.616,147.4,63.28,28.08,58.98,11.946,11.287,4.554,3.963,0.6587,0.5917,3957.08,57.78,616.91,0.000145,0.7787,4,Tube Bypass / Leak
2026-02-28 15:45:00,16.334,34.831,147.06,58.01,29.79,54.24,11.945,11.358,4.707,3.976,0.5863,0.7309,3563.45,54.25,608.41,0.000192,0.835,4,Tube Bypass / Leak
2026-02-28 16:00:00,20.222,31.302,150.02,69.43,29.43,59.91,12.094,11.357,4.472,3.867,0.7372,0.6053,3992.89,61.7,606.45,0.000198,0.7728,4,Tube Bypass / Leak
2026-02-28 16:15:00,19.661,32.718,151.25,66.91,28.14,57.82,12.147,11.462,4.551,3.885,0.6851,0.666,4062.49,62.15,614.7,0.000156,0.7872,4,Tube Bypass / Leak
2026-02-28 16:30:00,19.02,33.379,143.88,65.16,28.48,54.75,12.029,11.317,4.854,4.177,0.7125,0.6766,3668.46,59.08,616.27,0.000146,0.8131,4,Tube Bypass / Leak
2026-02-28 16:45:00,18.704,28.401,147.62,61.96,27.76,60.8,11.633,10.884,4.612,4.137,0.7496,0.4751,3925.21,56.48,618.56,0.000136,0.7796,4,Tube Bypass / Leak
2026-02-28 17:00:00,17.168,27.45,145.06,60.09,27.92,59.04,12.254,11.654,4.413,3.966,0.6,0.4474,3574.09,54.75,611.89,0.000194,0.8145,4,Tube Bypass / Leak
2026-02-28 17:15:00,19.173,30.383,144.55,65.22,26.62,55.94,12.081,11.386,4.571,4.013,0.6953,0.5577,3726.69,60.18,604.14,0.000213,0.7977,4,Tube Bypass / Leak
2026-02-28 17:30:00,17.272,32.358,145.05,62.33,27.88,53.73,12.239,11.614,4.547,3.937,0.6251,0.6092,3500.4,58.33,585.2,0.000228,0.8206,4,Tube Bypass / Leak
2026-02-28 17:45:00,18.881,31.392,147.22,67.68,28.45,56.46,11.866,11.122,4.527,3.91,0.7447,0.6172,3679.32,61.44,604.59,0.000159,0.8131,4,Tube Bypass / Leak
2026-02-28 18:00:00,18.053,34.098,150.94,65.25,27.23,53.8,11.908,11.202,4.491,3.778,0.7065,0.7129,3790.21,63.03,607.75,0.000183,0.8286,4,Tube Bypass / Leak
2026-02-28 18:15:00,19.295,33.872,144.74,64.36,28.98,55.8,11.669,10.94,4.424,3.741,0.7288,0.6829,3799.72,58.1,612.83,0.000153,0.7924,4,Tube Bypass / Leak
2026-02-28 18:30:00,17.807,30.605,144.12,59.39,27.83,56.7,12.138,11.544,4.43,3.838,0.5933,0.5924,3696.21,54.83,616.21,0.000153,0.8049,4,Tube Bypass / Leak
2026-02-28 18:45:00,19.227,32.347,147.2,67.09,28.92,56.81,12.38,11.573,4.442,3.833,0.8065,0.6092,3773.9,60.57,599.19,0.000176,0.7938,4,Tube Bypass / Leak
2026-02-28 19:00:00,16.112,29.972,141.64,57.19,27.91,54.49,12.06,11.538,4.579,4.031,0.5221,0.5479,3333.53,53.06,612.51,0.000132,0.8446,4,Tube Bypass / Leak
2026-02-28 19:15:00,16.472,31.67,143.64,57.52,27.17,53.4,11.901,11.358,4.461,3.851,0.5431,0.6092,3475.56,54.96,589.08,0.0002,0.8226,4,Tube Bypass / Leak
2026-02-28 19:30:00,18.778,29.636,145.4,65.66,28.16,57.74,12.11,11.457,4.483,3.959,0.6521,0.5247,3668.46,59.07,590.98,0.000215,0.7898,4,Tube Bypass / Leak
2026-02-28 19:45:00,17.799,33.678,149.34,64.21,26.31,52.66,11.83,11.258,4.449,3.81,0.5717,0.6391,3712.7,62.76,597.99,0.000197,0.8284,4,Tube Bypass / Leak
2026-02-28 20:00:00,16.261,27.581,145.59,60.66,26.02,55.34,11.969,11.436,4.693,4.194,0.5332,0.4987,3383.85,58.07,577.69,0.000289,0.8305,4,Tube Bypass / Leak
2026-02-28 20:15:00,20.44,32.912,140.55,65.49,26.77,54.06,11.737,10.92,4.553,3.879,0.8175,0.6746,3758.62,59.44,598.05,0.000234,0.772,4,Tube Bypass / Leak
2026-02-28 20:30:00,19.097,30.845,147.63,65.51,27.14,56.91,12.221,11.453,4.579,4.014,0.7687,0.5654,3841.88,60.83,594.06,0.000193,0.7847,4,Tube Bypass / Leak
2026-02-28 20:45:00,19.391,33.659,144.86,65.59,27.57,54.31,12.0,11.267,4.381,3.722,0.7335,0.6588,3765.57,60.53,582.83,0.000237,0.7788,4,Tube Bypass / Leak
2026-02-28 21:00:00,17.114,34.66,147.8,62.29,27.47,52.19,12.476,11.959,4.599,3.892,0.5162,0.7078,3585.37,60.18,610.95,0.000178,0.8462,4,Tube Bypass / Leak
2026-02-28 21:15:00,18.41,31.562,139.79,59.34,28.16,55.64,12.118,11.52,4.514,3.944,0.5989,0.5703,3628.47,53.36,614.95,0.000177,0.7933,4,Tube Bypass / Leak
2026-02-28 21:30:00,18.552,33.321,143.62,58.79,23.82,51.47,11.809,11.114,4.513,3.798,0.6944,0.7157,3855.85,59.01,588.35,0.000242,0.7814,4,Tube Bypass / Leak
2026-02-28 21:45:00,20.577,32.571,142.87,65.47,27.03,55.67,11.97,11.219,4.473,3.81,0.7516,0.6628,3901.98,59.53,571.51,0.000242,0.7291,4,Tube Bypass / Leak
2026-02-28 22:00:00,18.681,30.454,146.09,65.85,26.52,55.34,12.031,11.406,4.481,3.928,0.6258,0.553,3672.53,61.49,575.51,0.000266,0.7904,4,Tube Bypass / Leak
2026-02-28 22:15:00,17.987,31.132,143.05,59.28,27.68,56.02,12.418,11.82,4.478,3.925,0.5979,0.5523,3691.65,54.71,630.6,0.000127,0.814,4,Tube Bypass / Leak
2026-02-28 22:30:00,19.227,30.408,146.13,62.47,27.01,57.99,12.207,11.481,4.504,3.942,0.7262,0.5616,3941.1,57.86,612.66,0.000179,0.7757,4,Tube Bypass / Leak
2026-02-28 22:45:00,17.083,31.903,141.34,59.64,26.84,52.46,11.745,11.191,4.478,3.868,0.5543,0.6094,3419.52,56.26,609.94,0.000182,0.8384,4,Tube Bypass / Leak
2026-02-28 23:00:00,18.508,31.332,142.02,66.05,30.02,56.3,12.218,11.595,4.533,3.961,0.623,0.5725,3444.8,57.33,570.42,0.000268,0.7876,4,Tube Bypass / Leak
2026-02-28 23:15:00,18.079,33.18,143.27,64.48,27.4,52.54,12.114,11.493,4.613,3.945,0.6212,0.6687,3490.01,59.95,594.17,0.00022,0.8253,4,Tube Bypass / Leak
2026-02-28 23:30:00,18.047,29.433,144.21,63.21,26.66,55.75,12.137,11.485,4.195,3.67,0.6513,0.5256,3581.62,58.73,614.83,0.000153,0.8244,4,Tube Bypass / Leak
2026-02-28 23:45:00,18.194,33.317,144.61,66.65,30.69,55.61,11.768,11.111,4.646,3.989,0.6569,0.6574,3475.12,58.53,596.42,0.000188,0.8205,4,Tube Bypass / Leak
2026-03-01 00:00:00,17.109,30.911,146.77,61.34,27.82,55.51,11.993,11.36,4.617,4.001,0.6322,0.6162,3580.91,57.65,577.66,0.000195,0.806,4,Tube Bypass / Leak
2026-03-01 00:15:00,15.445,30.02,143.43,57.07,27.52,53.53,12.255,11.812,4.475,3.899,0.4438,0.5762,3267.96,54.25,591.01,0.000207,0.8491,4,Tube Bypass / Leak
2026-03-01 00:30:00,17.795,32.586,146.62,63.07,30.3,57.01,12.079,11.506,4.46,3.804,0.5722,0.6564,3642.34,56.51,586.26,0.000221,0.7947,4,Tube Bypass / Leak
2026-03-01 00:45:00,19.852,32.376,143.52,67.66,29.09,56.33,12.18,11.483,4.498,3.847,0.697,0.6514,3689.82,59.61,622.78,0.000155,0.8072,4,Tube Bypass / Leak
2026-03-01 01:00:00,19.2,31.75,144.63,64.69,26.89,55.2,11.875,11.146,4.646,4.072,0.7299,0.5739,3760.37,59.95,594.92,0.000206,0.7875,4,Tube Bypass / Leak
2026-03-01 01:15:00,18.129,28.948,149.86,65.69,27.59,58.46,12.237,11.561,4.79,4.28,0.6756,0.5105,3738.16,60.91,570.44,0.000264,0.7832,4,Tube Bypass / Leak
2026-03-01 01:30:00,16.442,30.909,144.4,58.12,26.53,53.4,11.971,11.42,4.389,3.811,0.5506,0.5775,3475.64,56.15,591.47,0.000221,0.8289,4,Tube Bypass / Leak
2026-03-01 01:45:00,18.347,33.403,143.69,62.25,23.77,49.97,12.145,11.47,4.591,3.915,0.6755,0.6754,3660.87,62.05,574.08,0.000241,0.8015,4,Tube Bypass / Leak
2026-03-01 02:00:00,16.875,33.382,148.22,61.41,29.76,55.46,11.681,11.189,4.465,3.798,0.4916,0.6673,3589.08,56.83,572.62,0.000256,0.8046,4,Tube Bypass / Leak
2026-03-01 02:15:00,16.93,31.035,149.39,60.01,27.3,55.85,11.709,11.086,4.566,3.989,0.6237,0.577,3706.99,57.89,586.26,0.000239,0.8086,4,Tube Bypass / Leak
2026-03-01 02:30:00,19.247,35.281,144.03,62.59,28.87,54.89,12.097,11.391,4.517,3.83,0.7054,0.6874,3840.48,57.01,609.92,0.000152,0.7838,4,Tube Bypass / Leak
2026-03-01 02:45:00,17.663,32.537,147.51,64.42,27.86,54.27,12.025,11.454,4.477,3.868,0.5702,0.6087,3595.39,60.54,594.84,0.000194,0.8255,4,Tube Bypass / Leak
2026-03-01 03:00:00,14.951,32.995,142.62,59.43,27.57,49.64,11.865,11.468,4.575,3.974,0.3967,0.6013,3047.1,57.07,570.86,0.000234,0.87,4,Tube Bypass / Leak
2026-03-01 03:15:00,18.751,30.281,146.91,67.85,29.42,58.09,11.713,10.985,4.584,4.029,0.7271,0.5555,3632.05,60.14,612.74,0.000184,0.8174,4,Tube Bypass / Leak
2026-03-01 03:30:00,16.194,34.261,143.88,57.32,30.01,53.96,12.384,11.89,4.685,4.001,0.4938,0.6846,3434.29,52.54,608.24,0.000197,0.8375,4,Tube Bypass / Leak
2026-03-01 03:45:00,18.77,33.388,143.59,61.86,28.9,55.81,12.104,11.482,4.43,3.739,0.6217,0.6909,3758.35,55.96,599.86,0.000195,0.7805,4,Tube Bypass / Leak
2026-03-01 04:00:00,17.703,29.176,142.85,62.03,28.08,56.8,12.046,11.422,4.403,3.883,0.6238,0.5202,3505.29,56.02,608.2,0.000177,0.8172,4,Tube Bypass / Leak
2026-03-01 04:15:00,18.086,31.568,144.09,61.05,27.26,55.12,12.451,11.756,4.494,3.896,0.6957,0.5973,3679.57,57.0,582.57,0.000236,0.7846,4,Tube Bypass / Leak
2026-03-01 04:30:00,19.618,32.385,146.11,65.64,31.38,59.93,12.481,11.654,4.505,3.838,0.8275,0.6666,3867.8,56.29,619.53,0.000179,0.7765,4,Tube Bypass / Leak
2026-03-01 04:45:00,18.553,33.374,146.4,59.86,26.7,54.87,12.083,11.427,4.423,3.761,0.6556,0.662,3933.63,57.49,618.32,0.000185,0.7949,4,Tube Bypass / Leak
2026-03-01 05:00:00,16.467,35.088,147.12,59.09,28.34,52.53,11.724,11.176,4.381,3.613,0.5479,0.7682,3551.55,56.81,600.08,0.000231,0.8377,4,Tube Bypass / Leak
2026-03-01 05:15:00,20.061,31.577,140.32,64.0,24.55,52.94,11.943,11.121,4.547,3.976,0.8222,0.5706,3750.86,60.28,595.79,0.000188,0.7784,4,Tube Bypass / Leak
2026-03-01 05:30:00,17.026,35.354,145.12,60.43,26.72,50.6,12.011,11.402,4.517,3.803,0.6084,0.7141,3532.89,58.98,581.08,0.000189,0.8249,4,Tube Bypass / Leak
2026-03-01 05:45:00,20.402,33.414,149.07,66.63,28.89,58.36,12.249,11.474,4.391,3.674,0.7746,0.7162,4120.62,60.4,604.91,0.0002,0.7545,4,Tube Bypass / Leak
2026-03-01 06:00:00,19.197,30.605,147.42,66.76,26.24,55.86,12.066,11.363,4.639,4.082,0.703,0.5577,3793.57,62.61,581.11,0.000272,0.7839,4,Tube Bypass / Leak
2026-03-01 06:15:00,19.501,29.731,146.65,70.3,29.13,58.46,12.122,11.429,4.536,4.003,0.693,0.5325,3647.97,61.72,587.64,0.0002,0.7922,4,Tube Bypass / Leak
2026-03-01 06:30:00,19.17,34.75,147.17,64.97,27.82,54.38,11.993,11.301,4.382,3.624,0.6921,0.7579,3860.63,60.79,623.67,0.000128,0.8124,4,Tube Bypass / Leak
2026-03-01 06:45:00,19.172,31.019,143.73,67.27,27.46,55.13,12.016,11.34,4.621,4.014,0.6761,0.6068,3591.87,60.98,585.76,0.000245,0.7979,4,Tube Bypass / Leak
2026-03-01 07:00:00,17.983,31.235,144.57,60.2,26.6,55.05,11.863,11.281,4.52,3.94,0.5823,0.5806,3717.21,57.07,589.18,0.000211,0.7892,4,Tube Bypass / Leak
2026-03-01 07:15:00,17.287,28.893,144.08,61.41,29.69,58.65,11.855,11.26,4.379,3.88,0.5951,0.4985,3501.11,54.21,594.88,0.000225,0.8042,4,Tube Bypass / Leak
2026-03-01 07:30:00,17.471,30.065,148.64,67.48,29.06,56.67,11.943,11.317,4.523,3.97,0.6258,0.5524,3473.95,61.35,576.83,0.000267,0.8232,4,Tube Bypass / Leak
2026-03-01 07:45:00,19.162,34.923,143.36,65.38,27.42,52.47,11.642,10.975,4.495,3.802,0.6674,0.693,3660.73,60.63,611.96,0.000187,0.8174,4,Tube Bypass / Leak
2026-03-01 08:00:00,17.352,32.241,145.13,62.47,27.17,53.22,11.936,11.318,4.451,3.787,0.6183,0.6635,3514.09,59.15,595.14,0.000184,0.8296,4,Tube Bypass / Leak
2026-03-01 08:15:00,19.588,33.782,147.99,63.46,25.7,54.39,11.985,11.283,4.451,3.733,0.7025,0.7174,4056.42,61.51,581.11,0.000259,0.7552,4,Tube Bypass / Leak
2026-03-01 08:30:00,18.207,30.76,147.93,61.96,25.48,55.28,12.363,11.658,4.563,4.029,0.705,0.5346,3835.18,60.26,604.39,0.000204,0.8046,4,Tube Bypass / Leak
2026-03-01 08:45:00,19.093,34.848,141.58,64.7,26.21,50.88,12.06,11.351,4.61,3.861,0.709,0.749,3596.19,60.91,571.28,0.000265,0.79,4,Tube Bypass / Leak
2026-03-01 09:00:00,17.713,32.142,147.35,62.49,26.42,53.8,11.945,11.348,4.342,3.708,0.5974,0.6338,3682.37,60.31,592.9,0.000221,0.8156,4,Tube Bypass / Leak
2026-03-01 09:15:00,16.255,32.431,142.82,59.91,28.09,52.42,12.17,11.61,4.427,3.794,0.5595,0.6324,3301.59,56.1,560.15,0.000271,0.8208,4,Tube Bypass / Leak
2026-03-01 09:30:00,17.666,34.215,148.68,61.56,28.71,55.05,11.904,11.287,4.791,4.072,0.6163,0.7189,3771.09,58.03,627.41,0.000154,0.8297,4,Tube Bypass / Leak
2026-03-01 09:45:00,18.226,31.486,146.26,62.71,28.82,57.13,11.952,11.246,4.535,3.929,0.7061,0.6057,3730.47,57.13,590.52,0.000201,0.7861,4,Tube Bypass / Leak
2026-03-01 10:00:00,18.933,32.237,142.68,62.37,29.35,56.97,11.944,11.255,4.359,3.73,0.6889,0.6291,3725.13,55.24,610.98,0.000193,0.7849,4,Tube Bypass / Leak
2026-03-01 10:15:00,20.521,32.027,144.94,70.66,29.54,57.41,12.171,11.373,4.443,3.799,0.7979,0.6438,3734.15,61.43,574.3,0.000264,0.7598,4,Tube Bypass / Leak
2026-03-01 10:30:00,18.212,32.382,143.73,61.55,30.38,57.45,11.996,11.418,4.486,3.839,0.5784,0.647,3666.85,54.13,602.54,0.000188,0.7882,4,Tube Bypass / Leak
2026-03-01 10:45:00,19.405,33.08,145.29,64.29,27.35,55.17,12.214,11.472,4.462,3.812,0.7427,0.6509,3850.97,59.64,596.02,0.000255,0.7784,4,Tube Bypass / Leak
2026-03-01 11:00:00,17.392,31.196,144.28,61.22,27.47,54.59,11.596,10.959,4.513,3.887,0.6365,0.626,3538.93,57.23,596.45,0.000215,0.8187,4,Tube Bypass / Leak
2026-03-01 11:15:00,18.722,30.167,141.45,64.07,29.1,57.22,11.825,11.072,4.586,4.04,0.7523,0.5466,3549.32,56.04,570.51,0.000283,0.7659,4,Tube Bypass / Leak
2026-03-01 11:30:00,20.26,30.494,146.81,65.12,25.42,57.2,12.07,11.23,4.349,3.781,0.8395,0.5681,4054.91,61.31,579.95,0.000269,0.7365,4,Tube Bypass / Leak
2026-03-01 11:45:00,20.351,33.24,144.09,67.23,28.49,56.04,12.118,11.347,4.385,3.691,0.7704,0.6945,3832.05,60.06,616.03,0.00015,0.7871,4,Tube Bypass / Leak
2026-03-01 12:00:00,19.169,37.878,144.36,59.27,25.63,50.84,12.421,11.728,4.535,3.724,0.6928,0.8109,3996.04,58.57,627.8,0.000139,0.7998,4,Tube Bypass / Leak
2026-03-01 12:15:00,18.772,33.286,144.11,62.16,27.76,54.83,12.22,11.581,4.628,3.953,0.6391,0.6743,3768.76,57.55,630.0,0.000157,0.8127,4,Tube Bypass / Leak
2026-03-01 12:30:00,18.93,32.417,142.85,64.4,25.45,52.27,11.924,11.204,4.27,3.675,0.7194,0.5944,3638.55,61.17,596.6,0.00018,0.8093,4,Tube Bypass / Leak
2026-03-01 12:45:00,19.016,34.661,141.79,65.63,28.24,52.71,12.221,11.563,4.594,3.927,0.6577,0.6662,3548.24,59.54,604.5,0.000201,0.8167,4,Tube Bypass / Leak
2026-03-01 13:00:00,18.751,31.486,140.39,61.23,28.28,55.88,11.794,11.117,4.512,3.916,0.6768,0.5959,3636.5,54.74,587.88,0.000232,0.7698,4,Tube Bypass / Leak
2026-03-01 13:15:00,18.502,30.631,141.58,65.61,26.85,53.72,12.055,11.32,4.491,3.909,0.7355,0.5816,3443.78,60.0,575.37,0.000273,0.8049,4,Tube Bypass / Leak
2026-03-01 13:30:00,17.925,29.296,142.33,61.26,28.44,57.49,11.99,11.367,4.503,4.002,0.6228,0.5009,3560.09,54.77,613.6,0.000173,0.8083,4,Tube Bypass / Leak
2026-03-01 13:45:00,19.572,32.11,145.33,63.54,27.8,56.99,11.966,11.191,4.417,3.791,0.7745,0.6253,3922.09,58.12,612.81,0.000148,0.7762,4,Tube Bypass / Leak
2026-03-01 14:00:00,18.069,32.681,147.66,66.03,27.12,53.55,12.058,11.483,4.494,3.815,0.5755,0.6787,3613.7,62.49,577.97,0.000265,0.8135,4,Tube Bypass / Leak
2026-03-01 14:15:00,21.499,31.843,145.05,67.38,25.23,55.94,12.006,11.092,4.427,3.829,0.9136,0.5975,4091.32,62.72,609.32,0.000201,0.7561,4,Tube Bypass / Leak
2026-03-01 14:30:00,18.391,32.617,143.9,61.17,28.14,55.45,12.076,11.357,4.681,4.077,0.7185,0.6037,3727.77,56.26,591.99,0.000238,0.7823,4,Tube Bypass / Leak
2026-03-01 14:45:00,19.022,31.935,143.42,65.82,27.28,54.35,12.103,11.438,4.448,3.818,0.6657,0.6298,3616.28,60.32,597.74,0.000207,0.8061,4,Tube Bypass / Leak
2026-03-01 15:00:00,16.91,30.919,145.53,59.57,27.74,55.27,12.036,11.492,4.344,3.792,0.544,0.5523,3561.06,56.06,613.31,0.000183,0.8318,4,Tube Bypass / Leak
2026-03-01 15:15:00,18.869,33.867,141.94,65.53,29.48,54.41,11.686,11.008,4.295,3.652,0.6778,0.643,3532.33,58.03,583.33,0.000235,0.7937,4,Tube Bypass / Leak
2026-03-01 15:30:00,17.606,30.846,144.57,59.15,26.48,55.02,11.723,11.094,4.365,3.766,0.6291,0.5982,3684.38,56.41,602.3,0.000169,0.8054,4,Tube Bypass / Leak
2026-03-01 15:45:00,16.281,29.611,149.65,59.53,28.68,57.7,11.718,11.128,4.409,3.895,0.5902,0.5146,3594.59,55.95,605.16,0.000199,0.8314,4,Tube Bypass / Leak
2026-03-01 16:00:00,17.935,34.719,144.21,59.49,25.64,51.26,12.577,11.937,4.609,3.908,0.6403,0.7006,3722.74,58.51,620.71,0.000145,0.8266,4,Tube Bypass / Leak
2026-03-01 16:15:00,20.46,35.148,148.36,67.98,28.52,55.92,11.978,11.092,4.453,3.708,0.8856,0.7454,4029.1,62.23,599.66,0.000195,0.7685,4,Tube Bypass / Leak
2026-03-01 16:30:00,18.085,32.614,144.39,61.86,24.96,51.76,11.949,11.357,4.392,3.789,0.592,0.6027,3656.93,60.56,565.05,0.000269,0.7893,4,Tube Bypass / Leak
2026-03-01 16:45:00,18.056,34.814,146.0,63.17,28.35,53.5,11.894,11.281,4.545,3.838,0.6129,0.7074,3664.43,59.04,588.61,0.000216,0.8059,4,Tube Bypass / Leak
2026-03-01 17:00:00,18.397,34.426,144.15,61.24,27.95,53.89,11.963,11.386,4.398,3.715,0.5769,0.6828,3737.09,57.12,579.72,0.000223,0.7769,4,Tube Bypass / Leak
2026-03-01 17:15:00,18.606,33.762,147.25,64.88,29.63,56.21,11.601,10.88,4.454,3.775,0.7203,0.6786,3754.94,58.8,619.2,0.000156,0.8139,4,Tube Bypass / Leak
2026-03-01 17:30:00,19.302,31.85,141.65,66.93,30.0,56.52,12.239,11.528,4.485,3.885,0.7108,0.6003,3533.59,57.71,609.98,0.000159,0.8063,4,Tube Bypass / Leak
2026-03-01 17:45:00,18.348,32.576,147.95,60.97,24.73,53.41,11.905,11.232,4.638,3.966,0.6727,0.6717,3909.78,60.8,622.97,0.000125,0.8172,4,Tube Bypass / Leak
2026-03-01 18:00:00,18.689,30.658,146.12,64.19,29.56,58.81,12.27,11.669,4.543,3.945,0.6018,0.5978,3751.35,56.97,598.56,0.000221,0.7821,4,Tube Bypass / Leak
2026-03-01 18:15:00,18.042,33.765,144.29,62.45,27.65,53.26,11.448,10.774,4.501,3.868,0.6732,0.6335,3617.52,58.48,588.81,0.0002,0.8059,4,Tube Bypass / Leak
2026-03-01 18:30:00,17.812,31.265,145.57,63.42,30.15,57.56,12.26,11.62,4.468,3.889,0.6398,0.5794,3585.04,56.27,604.77,0.000148,0.8113,4,Tube Bypass / Leak
2026-03-01 18:45:00,20.12,31.856,142.05,66.38,28.1,56.08,11.989,11.208,4.492,3.907,0.7808,0.5851,3730.0,58.94,593.66,0.000219,0.7705,4,Tube Bypass / Leak
2026-03-01 19:00:00,15.702,32.181,144.12,56.77,27.54,52.5,11.975,11.443,4.428,3.835,0.5317,0.5924,3360.59,54.61,572.77,0.000249,0.8296,4,Tube Bypass / Leak
2026-03-01 19:15:00,17.801,33.482,146.85,64.78,29.79,55.34,11.893,11.248,4.665,4.018,0.6455,0.6474,3579.28,58.79,597.73,0.000177,0.8206,4,Tube Bypass / Leak
2026-03-01 19:30:00,18.953,31.633,144.87,64.98,29.97,58.0,12.249,11.527,4.483,3.844,0.7213,0.639,3709.98,57.07,586.06,0.000237,0.7717,4,Tube Bypass / Leak
2026-03-01 19:45:00,18.629,35.281,142.95,64.46,29.14,53.41,12.008,11.312,4.331,3.637,0.6962,0.6943,3582.37,58.29,583.86,0.00024,0.7965,4,Tube Bypass / Leak
2026-03-01 20:00:00,17.572,29.975,142.41,65.05,28.07,54.62,12.122,11.443,4.441,3.882,0.679,0.5597,3330.42,58.77,560.28,0.000291,0.8074,4,Tube Bypass / Leak
2026-03-01 20:15:00,17.068,31.664,149.36,64.59,29.68,56.43,11.9,11.29,4.43,3.817,0.6106,0.613,3544.77,59.26,599.4,0.000231,0.8344,4,Tube Bypass / Leak
2026-03-01 20:30:00,17.921,31.563,142.71,61.18,29.62,56.73,12.206,11.57,4.36,3.741,0.636,0.6191,3579.8,54.3,595.3,0.000214,0.7929,4,Tube Bypass / Leak
2026-03-01 20:45:00,18.984,35.014,145.37,67.73,28.95,53.6,12.307,11.609,4.46,3.701,0.6981,0.7599,3611.05,61.52,585.1,0.000219,0.8057,4,Tube Bypass / Leak
2026-03-01 21:00:00,17.836,30.6,147.21,59.07,26.18,56.26,11.958,11.397,4.385,3.799,0.5607,0.586,3851.44,57.08,641.14,0.000127,0.8233,4,Tube Bypass / Leak
2026-03-01 21:15:00,19.855,34.318,147.04,66.52,29.5,56.78,11.793,10.935,4.427,3.693,0.8582,0.7338,3917.04,59.74,604.99,0.000231,0.7771,4,Tube Bypass / Leak
2026-03-01 21:30:00,17.198,32.239,140.93,58.3,26.35,52.16,12.025,11.484,4.522,3.875,0.5409,0.6471,3481.51,55.61,608.74,0.000171,0.8293,4,Tube Bypass / Leak
2026-03-01 21:45:00,19.349,30.625,144.05,65.82,29.96,58.9,12.149,11.504,4.604,3.994,0.6454,0.61,3708.53,56.99,570.67,0.000273,0.7475,4,Tube Bypass / Leak
2026-03-01 22:00:00,18.066,32.381,144.55,61.09,26.15,53.41,11.979,11.346,4.455,3.871,0.6326,0.5844,3694.0,58.62,578.49,0.000241,0.7893,4,Tube Bypass / Leak
2026-03-01 22:15:00,18.269,34.961,148.43,66.36,30.28,55.39,11.919,11.281,4.535,3.779,0.6385,0.7562,3673.51,60.13,586.46,0.000248,0.8054,4,Tube Bypass / Leak
2026-03-01 22:30:00,16.306,35.811,146.06,56.24,29.13,53.08,11.743,11.224,4.365,3.669,0.5197,0.6958,3587.96,53.44,625.57,0.000111,0.844,4,Tube Bypass / Leak
2026-03-01 22:45:00,18.351,31.087,142.54,67.06,28.74,54.83,12.178,11.523,4.539,3.939,0.6551,0.5997,3393.58,59.64,569.67,0.000289,0.8051,4,Tube Bypass / Leak
2026-03-01 23:00:00,16.193,32.371,142.72,58.67,29.31,53.93,11.826,11.256,4.443,3.823,0.5701,0.6203,3334.79,53.71,619.77,0.000188,0.8537,4,Tube Bypass / Leak
2026-03-01 23:15:00,17.927,30.512,148.12,65.26,28.02,56.53,11.79,11.142,4.548,3.958,0.6482,0.5895,3639.3,60.4,618.6,0.000166,0.8334,4,Tube Bypass / Leak
2026-03-01 23:30:00,19.451,31.01,148.58,69.77,28.02,56.96,12.215,11.519,4.534,3.935,0.6964,0.5995,3755.97,63.45,570.6,0.000239,0.7785,4,Tube Bypass / Leak
2026-03-01 23:45:00,21.964,33.06,143.27,70.49,29.12,57.44,11.895,11.018,4.501,3.83,0.8772,0.6716,3916.4,60.92,561.91,0.000269,0.7048,4,Tube Bypass / Leak
2026-03-02 00:00:00,20.142,29.865,147.5,67.74,27.09,58.59,12.276,11.5,4.288,3.732,0.7762,0.5553,3935.94,61.66,606.97,0.000198,0.7765,4,Tube Bypass / Leak
2026-03-02 00:15:00,20.026,31.028,144.75,62.16,24.41,55.62,11.782,10.99,4.472,3.889,0.7917,0.5831,4052.03,59.8,603.71,0.000189,0.7574,4,Tube Bypass / Leak
2026-03-02 00:30:00,19.551,29.229,142.99,65.82,28.84,59.07,11.945,11.257,4.645,4.146,0.6884,0.4995,3696.88,57.28,587.02,0.000256,0.7613,4,Tube Bypass / Leak
2026-03-02 00:45:00,17.81,30.44,150.91,63.5,28.0,57.95,12.128,11.482,4.618,4.029,0.6464,0.5884,3814.3,59.69,631.31,0.000118,0.8295,4,Tube Bypass / Leak
2026-03-02 01:00:00,19.191,32.125,148.23,67.01,26.8,55.21,11.826,11.13,4.5,3.874,0.696,0.626,3818.66,62.96,602.88,0.000194,0.805,4,Tube Bypass / Leak
2026-03-02 01:15:00,18.873,31.926,141.32,60.81,26.76,54.63,12.026,11.24,4.614,3.973,0.7857,0.6416,3723.03,56.33,609.56,0.000169,0.79,4,Tube Bypass / Leak
2026-03-02 01:30:00,18.275,31.533,147.34,67.1,30.57,57.8,11.753,11.091,4.566,3.976,0.6622,0.5904,3592.59,59.13,587.6,0.000218,0.8035,4,Tube Bypass / Leak
2026-03-02 01:45:00,20.644,30.517,148.71,67.89,28.38,60.39,11.871,11.028,4.362,3.805,0.8434,0.5568,4087.56,60.68,613.04,0.000132,0.7582,4,Tube Bypass / Leak
2026-03-02 02:00:00,17.892,34.3,141.39,60.83,28.77,53.38,11.927,11.312,4.49,3.773,0.6143,0.7161,3531.47,55.4,614.68,0.000129,0.8218,4,Tube Bypass / Leak
2026-03-02 02:15:00,18.341,31.898,146.03,66.42,29.85,56.66,12.092,11.362,4.381,3.791,0.7302,0.5898,3577.36,59.09,589.51,0.000211,0.8057,4,Tube Bypass / Leak
2026-03-02 02:30:00,18.955,34.122,144.04,63.07,27.24,53.58,11.983,11.329,4.217,3.511,0.6534,0.7062,3760.22,58.98,598.32,0.000186,0.7925,4,Tube Bypass / Leak
2026-03-02 02:45:00,19.319,31.091,151.75,65.52,26.59,57.97,11.95,11.235,4.572,4.005,0.7152,0.5674,4081.53,62.39,585.7,0.00021,0.7625,4,Tube Bypass / Leak
2026-03-02 03:00:00,19.746,31.819,147.32,69.49,28.54,56.82,11.997,11.284,4.525,3.93,0.7134,0.5955,3765.17,62.48,560.93,0.000277,0.7596,4,Tube Bypass / Leak
2026-03-02 03:15:00,16.227,31.678,140.85,57.61,28.86,53.83,12.257,11.685,4.394,3.811,0.5711,0.5826,3309.19,52.62,583.54,0.000234,0.8236,4,Tube Bypass / Leak
2026-03-02 03:30:00,19.616,33.625,144.56,63.75,27.75,55.36,11.793,11.08,4.54,3.824,0.7131,0.7159,3883.84,58.63,598.08,0.000191,0.7699,4,Tube Bypass / Leak
2026-03-02 03:45:00,18.693,32.806,147.79,65.75,28.73,56.1,12.234,11.622,4.578,3.965,0.6124,0.6133,3757.35,60.28,625.54,0.000126,0.8227,4,Tube Bypass / Leak
2026-03-02 04:00:00,17.864,32.999,144.84,61.84,26.78,53.09,11.967,11.402,4.468,3.83,0.565,0.6376,3632.55,58.93,589.7,0.000207,0.8093,4,Tube Bypass / Leak
2026-03-02 04:15:00,18.941,29.59,145.5,63.64,25.55,56.23,11.889,11.149,4.395,3.879,0.7398,0.5156,3798.81,60.1,575.64,0.000254,0.7671,4,Tube Bypass / Leak
2026-03-02 04:30:00,19.42,32.0,144.5,65.83,28.88,56.84,11.716,11.027,4.508,3.853,0.6895,0.6543,3743.35,58.7,590.16,0.00025,0.775,4,Tube Bypass / Leak
2026-03-02 04:45:00,16.408,32.669,142.67,57.51,29.26,54.31,11.841,11.29,4.575,3.934,0.5508,0.6409,3423.47,52.71,617.39,0.000166,0.84,4,Tube Bypass / Leak
2026-03-02 05:00:00,18.973,29.167,148.26,68.91,28.85,59.08,12.035,11.323,4.652,4.124,0.7116,0.528,3688.55,61.38,574.34,0.000225,0.781,4,Tube Bypass / Leak
2026-03-02 05:15:00,18.99,27.868,142.11,62.45,27.17,58.95,12.315,11.602,4.55,4.101,0.713,0.4495,3706.12,55.85,583.04,0.00022,0.7543,4,Tube Bypass / Leak
2026-03-02 05:30:00,17.355,33.261,143.9,57.32,25.57,52.02,12.036,11.449,4.468,3.831,0.5871,0.637,3681.2,56.59,607.44,0.000173,0.818,4,Tube Bypass / Leak
2026-03-02 05:45:00,17.626,30.042,147.78,63.69,27.53,56.42,11.759,11.142,4.475,3.902,0.617,0.573,3631.11,59.56,582.0,0.000224,0.8052,4,Tube Bypass / Leak
2026-03-02 06:00:00,18.843,34.822,148.38,61.44,26.47,54.02,12.241,11.563,4.638,3.893,0.678,0.7449,4013.96,59.83,613.61,0.000176,0.7938,4,Tube Bypass / Leak
2026-03-02 06:15:00,17.077,25.641,150.06,63.27,26.05,59.9,11.813,11.21,4.561,4.168,0.603,0.3931,3631.32,59.83,620.29,0.000135,0.8365,4,Tube Bypass / Leak
2026-03-02 06:30:00,20.65,37.468,144.08,64.89,27.31,52.87,12.191,11.326,4.515,3.742,0.8653,0.773,4006.58,60.48,607.16,0.000184,0.7683,4,Tube Bypass / Leak
2026-03-02 06:45:00,18.208,32.973,143.0,62.44,25.69,51.74,11.928,11.273,4.509,3.919,0.655,0.5897,3593.97,59.93,601.89,0.000207,0.8215,4,Tube Bypass / Leak
2026-03-02 07:00:00,20.434,31.575,139.9,64.73,27.39,55.88,12.007,11.22,4.395,3.8,0.7873,0.5949,3762.99,57.56,600.92,0.000178,0.7616,4,Tube Bypass / Leak
2026-03-02 07:15:00,17.902,32.977,146.44,63.2,28.75,55.21,12.063,11.437,4.418,3.794,0.626,0.624,3650.65,58.3,633.11,0.000121,0.8377,4,Tube Bypass / Leak
2026-03-02 07:30:00,18.162,30.804,150.72,63.6,26.64,56.72,12.045,11.362,4.433,3.816,0.6832,0.6166,3876.62,61.1,608.57,0.000143,0.8096,4,Tube Bypass / Leak
2026-03-02 07:45:00,18.666,32.06,148.0,67.11,29.74,57.32,12.062,11.424,4.403,3.816,0.6381,0.5877,3699.18,60.14,619.55,0.000158,0.8211,4,Tube Bypass / Leak
2026-03-02 08:00:00,17.727,30.718,135.46,57.67,27.31,53.6,11.792,11.23,4.546,3.952,0.5621,0.5937,3378.17,51.92,594.06,0.000189,0.7973,4,Tube Bypass / Leak
2026-03-02 08:15:00,19.945,32.282,143.2,65.32,24.69,52.86,11.781,10.934,4.407,3.78,0.8475,0.627,3805.53,62.21,581.77,0.000232,0.7734,4,Tube Bypass / Leak
2026-03-02 08:30:00,18.281,30.034,138.72,62.19,28.61,55.89,12.062,11.478,4.558,4.001,0.5845,0.5568,3428.11,54.55,598.65,0.000205,0.801,4,Tube Bypass / Leak
2026-03-02 08:45:00,19.149,27.691,145.72,64.51,29.34,62.22,11.953,11.175,4.48,3.977,0.7783,0.5023,3809.78,55.9,604.8,0.000148,0.764,4,Tube Bypass / Leak
2026-03-02 09:00:00,19.027,34.433,144.76,63.32,24.45,50.8,11.914,11.266,4.419,3.677,0.6482,0.7423,3796.27,62.42,612.23,0.000143,0.8167,4,Tube Bypass / Leak
2026-03-02 09:15:00,18.574,30.882,147.19,61.56,26.56,56.72,11.989,11.267,4.452,3.908,0.7217,0.5441,3896.81,58.41,629.73,0.000157,0.807,4,Tube Bypass / Leak
2026-03-02 09:30:00,19.224,31.043,142.97,64.18,27.34,55.91,11.983,11.192,4.498,3.922,0.7911,0.5756,3710.83,58.4,612.96,0.000161,0.7979,4,Tube Bypass / Leak
2026-03-02 09:45:00,19.47,31.992,145.4,66.01,28.09,56.38,12.172,11.374,4.657,4.029,0.798,0.6282,3787.09,59.88,580.12,0.000233,0.7672,4,Tube Bypass / Leak
2026-03-02 10:00:00,19.039,36.925,146.21,66.86,28.27,52.22,12.014,11.245,4.665,3.827,0.769,0.8388,3701.2,62.23,577.49,0.000253,0.7965,4,Tube Bypass / Leak
2026-03-02 10:15:00,20.741,31.289,143.49,68.63,26.23,55.29,12.114,11.213,4.512,3.901,0.9014,0.611,3804.2,62.53,576.18,0.000266,0.7572,4,Tube Bypass / Leak
2026-03-02 10:30:00,17.764,30.262,146.8,67.65,29.81,57.02,12.095,11.552,4.463,3.891,0.5436,0.5717,3444.76,60.12,579.98,0.000274,0.8188,4,Tube Bypass / Leak
2026-03-02 10:45:00,18.143,31.396,147.29,62.7,29.59,58.21,11.862,11.267,4.584,3.983,0.5953,0.6006,3759.97,56.55,596.84,0.000238,0.7879,4,Tube Bypass / Leak
2026-03-02 11:00:00,16.447,31.635,147.75,62.23,27.9,53.94,11.93,11.461,4.673,4.037,0.4694,0.636,3446.01,59.17,600.19,0.000189,0.8497,4,Tube Bypass / Leak
2026-03-02 11:15:00,17.094,35.652,146.52,57.62,26.74,51.7,11.944,11.3,4.451,3.662,0.6443,0.7886,3723.09,57.0,586.24,0.000239,0.807,4,Tube Bypass / Leak
2026-03-02 11:30:00,16.729,30.079,147.85,62.57,29.55,57.32,11.734,11.201,4.639,4.068,0.5332,0.5711,3495.31,57.02,578.02,0.000199,0.8147,4,Tube Bypass / Leak
2026-03-02 11:45:00,17.795,32.862,145.14,59.31,28.36,55.57,12.083,11.504,4.684,4.065,0.5791,0.6196,3742.05,55.16,619.22,0.0002,0.8094,4,Tube Bypass / Leak
2026-03-02 12:00:00,18.416,32.998,142.86,62.64,29.79,56.01,11.888,11.19,4.491,3.82,0.6974,0.6707,3619.67,55.54,595.39,0.000225,0.7903,4,Tube Bypass / Leak
2026-03-02 12:15:00,19.162,30.537,148.6,66.63,27.56,57.68,12.168,11.469,4.432,3.885,0.6997,0.5466,3848.67,61.39,567.42,0.000276,0.7596,4,Tube Bypass / Leak
2026-03-02 12:30:00,19.308,33.027,139.38,64.64,27.47,53.05,12.025,11.325,4.413,3.727,0.6996,0.686,3535.47,58.34,596.19,0.000194,0.7992,4,Tube Bypass / Leak
2026-03-02 12:45:00,18.031,30.954,140.74,58.82,27.82,55.76,11.889,11.233,4.442,3.825,0.6555,0.6163,3618.86,53.53,607.5,0.000175,0.7938,4,Tube Bypass / Leak
2026-03-02 13:00:00,19.782,31.25,147.78,65.21,29.47,60.07,11.932,11.128,4.449,3.863,0.804,0.5863,4001.68,57.89,611.74,0.000141,0.7629,4,Tube Bypass / Leak
2026-03-02 13:15:00,17.945,31.808,146.91,64.7,26.44,53.6,11.839,11.236,4.423,3.801,0.6036,0.6215,3614.11,61.75,578.4,0.000232,0.8112,4,Tube Bypass / Leak
2026-03-02 13:30:00,17.536,30.251,144.51,64.75,27.91,54.99,11.959,11.279,4.667,4.087,0.6805,0.5797,3426.71,59.33,583.87,0.000241,0.8229,4,Tube Bypass / Leak
2026-03-02 13:45:00,18.774,30.891,145.26,66.45,28.58,56.62,12.035,11.395,4.566,3.941,0.6399,0.6249,3624.79,59.7,611.03,0.000182,0.8151,4,Tube Bypass / Leak
2026-03-02 14:00:00,15.978,34.443,149.0,58.39,29.79,54.41,12.15,11.575,4.655,3.915,0.5753,0.7402,3547.14,55.17,598.93,0.000252,0.838,4,Tube Bypass / Leak
2026-03-02 14:15:00,16.429,31.83,145.42,62.91,28.91,53.85,11.945,11.345,4.498,3.913,0.6009,0.5859,3321.14,58.11,571.33,0.000229,0.8335,4,Tube Bypass / Leak
2026-03-02 14:30:00,18.423,32.664,147.05,65.13,29.65,56.71,12.011,11.266,4.452,3.819,0.7449,0.6328,3697.92,58.7,609.25,0.000179,0.8108,4,Tube Bypass / Leak
2026-03-02 14:45:00,17.449,33.805,146.82,62.24,27.18,52.74,11.982,11.312,4.729,4.04,0.6691,0.6889,3615.47,59.8,616.61,0.000184,0.8414,4,Tube Bypass / Leak
2026-03-02 15:00:00,18.094,32.897,146.35,64.47,29.2,55.57,12.326,11.703,4.721,4.026,0.6231,0.6956,3629.34,58.72,596.85,0.000185,0.811,4,Tube Bypass / Leak
2026-03-02 15:15:00,20.003,30.14,143.93,66.29,26.52,56.69,12.186,11.44,4.542,3.995,0.7462,0.5467,3805.1,60.43,574.49,0.000288,0.7518,4,Tube Bypass / Leak
2026-03-02 15:30:00,16.983,31.608,144.12,62.08,28.98,54.79,11.971,11.448,4.509,3.876,0.5234,0.6331,3413.51,56.64,592.9,0.000203,0.8289,4,Tube Bypass / Leak
2026-03-02 15:45:00,18.148,32.366,147.07,64.83,25.36,52.36,12.354,11.681,4.539,3.941,0.6726,0.5982,3656.39,63.11,592.16,0.000225,0.8231,4,Tube Bypass / Leak
2026-03-02 16:00:00,16.994,34.438,145.86,62.53,28.67,52.75,12.215,11.599,4.585,3.846,0.6159,0.7392,3469.4,58.58,624.53,0.000113,0.8577,4,Tube Bypass / Leak
2026-03-02 16:15:00,20.603,30.506,145.45,68.81,30.03,60.34,11.881,11.061,4.369,3.811,0.8203,0.5577,3868.3,58.94,608.06,0.000188,0.7629,4,Tube Bypass / Leak
2026-03-02 16:30:00,18.157,34.068,145.55,61.82,26.31,52.45,12.18,11.573,4.569,3.836,0.6067,0.7326,3724.87,59.74,586.42,0.00024,0.8003,4,Tube Bypass / Leak
2026-03-02 16:45:00,19.983,32.151,151.7,65.38,26.61,58.03,11.935,11.062,4.536,3.895,0.8735,0.6409,4226.55,62.23,600.71,0.00018,0.7563,4,Tube Bypass / Leak
2026-03-02 17:00:00,17.197,30.505,146.73,60.83,29.13,57.48,11.826,11.295,4.497,3.92,0.5311,0.5775,3618.95,55.6,593.91,0.000226,0.8055,4,Tube Bypass / Leak
2026-03-02 17:15:00,17.718,32.861,146.11,60.94,26.92,53.81,12.148,11.61,4.669,4.021,0.5381,0.648,3697.2,58.38,612.88,0.000197,0.8228,4,Tube Bypass / Leak
2026-03-02 17:30:00,18.027,33.874,145.89,64.36,27.23,52.64,11.717,11.147,4.601,3.924,0.5695,0.6768,3600.84,60.94,609.34,0.000159,0.8343,4,Tube Bypass / Leak
2026-03-02 17:45:00,16.392,30.0,144.71,61.56,28.98,55.59,12.204,11.721,4.483,3.985,0.4823,0.4982,3339.63,56.19,611.22,0.000178,0.8515,4,Tube Bypass / Leak
2026-03-02 18:00:00,21.476,36.325,146.11,68.79,28.04,54.81,11.887,10.928,4.558,3.789,0.9594,0.7691,4068.38,62.67,579.21,0.000277,0.7333,4,Tube Bypass / Leak
2026-03-02 18:15:00,17.625,33.328,145.82,64.93,27.19,52.24,11.779,11.164,4.548,3.899,0.6155,0.6481,3492.57,61.49,584.66,0.000197,0.8304,4,Tube Bypass / Leak
2026-03-02 18:30:00,20.032,35.204,145.61,65.76,30.15,56.76,12.046,11.177,4.361,3.582,0.8689,0.7798,3919.06,58.23,601.26,0.000207,0.7637,4,Tube Bypass / Leak
2026-03-02 18:45:00,18.969,32.781,143.24,62.6,25.95,53.28,12.179,11.481,4.61,3.976,0.6976,0.6339,3747.74,59.37,632.35,0.000139,0.8208,4,Tube Bypass / Leak
2026-03-02 19:00:00,17.604,31.884,146.9,65.0,28.44,54.92,12.378,11.798,4.517,3.875,0.5802,0.6417,3531.97,60.07,591.96,0.000225,0.8258,4,Tube Bypass / Leak
2026-03-02 19:15:00,17.256,31.252,144.07,60.03,27.85,55.02,12.302,11.725,4.481,3.878,0.5774,0.6029,3553.02,55.87,584.09,0.000221,0.8034,4,Tube Bypass / Leak
2026-03-02 19:30:00,18.142,29.276,142.81,59.47,27.52,57.76,12.087,11.431,4.325,3.81,0.6562,0.5152,3704.5,54.24,626.61,0.000114,0.8022,4,Tube Bypass / Leak
2026-03-02 19:45:00,18.155,33.451,148.46,65.42,28.37,54.76,11.734,11.068,4.374,3.698,0.666,0.6764,3693.4,61.06,609.99,0.000196,0.8268,4,Tube Bypass / Leak
2026-03-02 20:00:00,19.185,32.087,145.16,63.76,26.71,55.21,11.823,11.152,4.431,3.793,0.6708,0.6375,3825.96,59.64,605.81,0.000223,0.7911,4,Tube Bypass / Leak
2026-03-02 20:15:00,21.143,32.857,142.06,67.6,27.57,55.63,12.163,11.408,4.507,3.853,0.7551,0.6535,3857.46,60.28,578.46,0.000237,0.7378,4,Tube Bypass / Leak
2026-03-02 20:30:00,18.661,33.347,146.9,64.0,30.58,57.74,11.603,10.866,4.487,3.856,0.7372,0.631,3790.09,56.8,594.91,0.000188,0.7795,4,Tube Bypass / Leak
2026-03-02 20:45:00,21.457,31.269,145.49,68.58,26.76,57.67,12.188,11.337,4.379,3.757,0.8508,0.6217,4043.23,62.0,584.17,0.000267,0.7296,4,Tube Bypass / Leak
2026-03-02 21:00:00,18.78,31.129,144.95,61.9,28.71,58.05,11.809,11.163,4.544,3.966,0.6452,0.5783,3821.39,55.8,608.2,0.000178,0.7786,4,Tube Bypass / Leak
2026-03-02 21:15:00,17.439,30.136,147.05,66.3,29.48,56.84,11.894,11.318,4.186,3.606,0.5751,0.58,3449.98,59.58,593.21,0.000209,0.8307,4,Tube Bypass / Leak
2026-03-02 21:30:00,18.617,32.391,147.81,67.04,30.44,57.63,12.169,11.487,4.574,3.966,0.6812,0.6073,3684.41,59.41,574.35,0.000277,0.7815,4,Tube Bypass / Leak
2026-03-02 21:45:00,19.13,30.407,147.09,64.18,27.57,58.12,12.275,11.618,4.432,3.886,0.6566,0.5463,3886.03,58.96,609.44,0.000212,0.7843,4,Tube Bypass / Leak
2026-03-02 22:00:00,16.012,33.899,141.78,59.5,27.33,50.09,11.766,11.237,4.408,3.748,0.5293,0.66,3227.94,56.83,615.73,0.000132,0.8726,4,Tube Bypass / Leak
2026-03-02 22:15:00,16.055,33.636,143.99,55.28,26.7,51.49,11.808,11.243,4.556,3.856,0.5649,0.7002,3489.54,54.42,609.81,0.000176,0.8441,4,Tube Bypass / Leak
2026-03-02 22:30:00,18.67,29.156,145.35,66.07,26.73,56.46,12.006,11.272,4.459,3.942,0.7335,0.5171,3626.59,60.78,571.68,0.000241,0.7852,4,Tube Bypass / Leak
2026-03-02 22:45:00,18.143,30.82,141.44,62.45,27.91,55.14,11.571,10.867,4.673,4.079,0.7047,0.5942,3511.1,56.52,595.22,0.000207,0.8047,4,Tube Bypass / Leak
2026-03-02 23:00:00,17.891,30.51,147.04,65.82,27.16,55.06,12.252,11.674,4.583,3.995,0.5781,0.5878,3560.3,61.52,594.01,0.000231,0.8259,4,Tube Bypass / Leak
2026-03-02 23:15:00,19.495,32.071,147.77,65.3,27.6,56.95,12.038,11.363,4.479,3.804,0.6753,0.675,3938.53,60.42,594.58,0.000218,0.7712,4,Tube Bypass / Leak
2026-03-02 23:30:00,17.227,30.512,141.93,62.37,28.74,55.04,12.283,11.724,4.484,3.944,0.5584,0.5406,3357.73,56.11,577.17,0.000266,0.813,4,Tube Bypass / Leak
2026-03-02 23:45:00,18.426,28.374,144.99,63.02,29.99,61.16,12.056,11.453,4.454,3.929,0.6029,0.5251,3700.41,54.54,605.1,0.000208,0.7792,4,Tube Bypass / Leak
2026-03-03 00:00:00,19.123,34.194,144.44,64.06,30.19,56.52,11.982,11.197,4.59,3.916,0.7852,0.6733,3765.93,56.66,614.44,0.000173,0.7921,4,Tube Bypass / Leak
2026-03-03 00:15:00,19.691,29.854,147.25,63.82,27.71,59.93,12.126,11.377,4.724,4.187,0.7492,0.5369,4024.65,57.99,621.38,0.000157,0.7695,4,Tube Bypass / Leak
2026-03-03 00:30:00,20.008,27.972,144.7,66.5,28.17,60.92,11.704,10.976,4.625,4.154,0.7278,0.4714,3833.27,58.12,576.15,0.000253,0.7323,4,Tube Bypass / Leak
2026-03-03 00:45:00,15.995,32.971,151.69,56.76,26.66,53.63,11.686,11.202,4.69,4.066,0.4836,0.6236,3720.41,57.54,601.78,0.000171,0.8369,4,Tube Bypass / Leak
2026-03-03 01:00:00,16.886,32.417,148.44,61.19,27.11,53.72,11.877,11.271,4.543,3.908,0.6055,0.6357,3609.65,59.33,605.14,0.000174,0.8381,4,Tube Bypass / Leak
2026-03-03 01:15:00,20.611,30.803,146.33,67.33,29.02,59.98,11.9,11.083,4.599,3.999,0.8164,0.6006,3989.33,59.11,622.24,0.000158,0.7672,4,Tube Bypass / Leak
2026-03-03 01:30:00,15.602,29.517,142.02,58.12,26.69,52.65,11.751,11.243,4.52,4.002,0.508,0.5182,3207.17,55.45,593.47,0.000215,0.856,4,Tube Bypass / Leak
2026-03-03 01:45:00,19.377,31.794,145.29,65.62,27.62,56.05,12.358,11.608,4.388,3.813,0.7497,0.5753,3781.9,60.02,593.41,0.00018,0.7822,4,Tube Bypass / Leak
2026-03-03 02:00:00,18.649,31.16,147.26,62.81,26.73,56.32,12.437,11.801,4.353,3.726,0.6362,0.627,3858.13,59.35,621.63,0.00018,0.8069,4,Tube Bypass / Leak
2026-03-03 02:15:00,20.273,30.278,142.11,68.18,30.58,59.56,12.029,11.246,4.575,4.018,0.7822,0.5561,3671.83,57.16,584.29,0.000214,0.7511,4,Tube Bypass / Leak
2026-03-03 02:30:00,20.534,32.014,146.18,70.65,27.46,55.83,12.234,11.373,4.528,3.897,0.8605,0.6309,3799.49,63.9,569.76,0.000286,0.7628,4,Tube Bypass / Leak
2026-03-03 02:45:00,19.039,30.72,148.82,66.93,31.05,60.77,11.889,11.093,4.437,3.843,0.7964,0.5934,3819.62,58.11,641.63,0.000131,0.8132,4,Tube Bypass / Leak
2026-03-03 03:00:00,19.308,32.394,143.72,67.07,29.21,55.96,11.978,11.298,4.492,3.819,0.6795,0.6727,3626.25,59.35,603.71,0.000188,0.8024,4,Tube Bypass / Leak
2026-03-03 03:15:00,19.859,31.447,143.29,66.63,30.04,58.38,12.36,11.589,4.619,4.067,0.7711,0.5521,3729.96,57.4,593.65,0.000212,0.7648,4,Tube Bypass / Leak
2026-03-03 03:30:00,18.173,33.104,144.45,65.01,26.28,51.82,11.868,11.209,4.502,3.876,0.6586,0.6265,3536.91,61.82,574.35,0.000254,0.8125,4,Tube Bypass / Leak
2026-03-03 03:45:00,18.838,31.736,142.48,63.46,28.74,56.21,12.048,11.277,4.506,3.92,0.7706,0.5856,3646.63,56.64,643.66,0.000118,0.8243,4,Tube Bypass / Leak
2026-03-03 04:00:00,18.932,31.272,146.31,61.63,26.73,56.75,12.064,11.384,4.465,3.855,0.6804,0.6099,3927.45,58.0,605.4,0.000192,0.7771,4,Tube Bypass / Leak
2026-03-03 04:15:00,18.434,31.053,146.91,64.68,26.84,55.43,12.079,11.388,4.518,3.966,0.6908,0.5514,3713.71,60.76,581.17,0.00021,0.7931,4,Tube Bypass / Leak
2026-03-03 04:30:00,20.006,34.335,140.78,67.1,28.32,53.46,11.68,10.953,4.441,3.725,0.7278,0.7161,3611.66,59.8,592.72,0.000239,0.7897,4,Tube Bypass / Leak
2026-03-03 04:45:00,19.228,31.481,149.74,66.89,28.81,58.44,12.1,11.288,4.471,3.87,0.8128,0.6011,3903.41,60.86,612.95,0.000144,0.7957,4,Tube Bypass / Leak
2026-03-03 05:00:00,20.526,31.695,145.86,71.19,29.24,57.55,12.252,11.527,4.554,3.993,0.7256,0.561,3754.71,62.28,585.93,0.000231,0.7737,4,Tube Bypass / Leak
2026-03-03 05:15:00,17.772,32.699,146.43,59.89,25.34,52.88,12.117,11.538,4.394,3.763,0.5789,0.6312,3768.17,59.22,613.11,0.000184,0.8208,4,Tube Bypass / Leak
2026-03-03 05:30:00,18.627,29.229,145.29,65.28,30.25,60.11,12.037,11.302,4.559,4.064,0.7356,0.4954,3651.19,56.44,591.25,0.000225,0.7792,4,Tube Bypass / Leak
2026-03-03 05:45:00,18.254,30.266,147.64,63.9,28.96,58.54,12.097,11.407,4.524,3.977,0.69,0.5469,3744.81,57.86,572.87,0.000225,0.7694,4,Tube Bypass / Leak
2026-03-03 06:00:00,19.186,32.617,148.57,63.58,28.75,58.02,11.641,10.93,4.399,3.737,0.7109,0.6614,3995.07,58.32,605.71,0.00015,0.772,4,Tube Bypass / Leak
2026-03-03 06:15:00,19.004,35.599,143.06,64.85,29.95,54.4,11.97,11.236,4.528,3.736,0.734,0.7917,3641.17,57.66,604.43,0.000218,0.8016,4,Tube Bypass / Leak
2026-03-03 06:30:00,20.033,33.714,144.81,65.75,28.68,56.19,11.934,11.223,4.423,3.782,0.7109,0.6416,3880.32,59.14,589.26,0.000219,0.7581,4,Tube Bypass / Leak
2026-03-03 06:45:00,18.191,32.515,140.06,60.39,27.04,53.14,11.71,11.089,4.488,3.873,0.6213,0.6151,3551.14,55.92,645.89,0.000111,0.8386,4,Tube Bypass / Leak
2026-03-03 07:00:00,20.577,28.973,141.47,67.16,27.37,58.27,11.732,10.986,4.657,4.111,0.7463,0.5466,3746.07,58.85,589.53,0.000219,0.7528,4,Tube Bypass / Leak
2026-03-03 07:15:00,17.935,32.963,146.46,62.78,26.95,53.61,12.277,11.643,4.441,3.789,0.6341,0.6522,3676.97,59.88,612.42,0.00017,0.8272,4,Tube Bypass / Leak
2026-03-03 07:30:00,18.84,33.543,144.59,66.26,29.38,55.14,11.931,11.271,4.505,3.861,0.6593,0.6434,3615.49,59.33,585.26,0.00025,0.7951,4,Tube Bypass / Leak
2026-03-03 07:45:00,19.931,29.009,142.13,67.8,28.47,58.37,12.484,11.767,4.357,3.808,0.7166,0.5487,3629.44,58.77,602.93,0.00019,0.785,4,Tube Bypass / Leak
2026-03-03 08:00:00,17.984,35.355,147.93,63.67,28.97,54.06,11.844,11.186,4.66,3.893,0.6587,0.7674,3712.72,59.45,585.2,0.000221,0.803,4,Tube Bypass / Leak
2026-03-03 08:15:00,18.592,31.088,147.33,63.53,27.19,56.54,11.948,11.35,4.232,3.682,0.5973,0.5502,3817.39,59.47,605.89,0.000185,0.7982,4,Tube Bypass / Leak
2026-03-03 08:30:00,19.702,36.747,148.65,65.55,27.46,53.56,12.083,11.374,4.5,3.705,0.7094,0.7949,4011.4,62.3,602.25,0.000191,0.7854,4,Tube Bypass / Leak
2026-03-03 08:45:00,21.277,32.301,147.71,68.82,28.62,59.05,12.274,11.347,4.495,3.867,0.9276,0.6283,4112.08,61.27,589.31,0.000228,0.7287,4,Tube Bypass / Leak
2026-03-03 09:00:00,18.283,32.461,141.69,57.87,25.94,53.58,12.225,11.545,4.508,3.906,0.68,0.6011,3754.69,55.35,640.74,0.000154,0.8177,4,Tube Bypass / Leak
2026-03-03 09:15:00,19.13,30.233,142.32,64.14,27.93,56.89,12.044,11.282,4.54,4.005,0.7621,0.5351,3664.19,57.34,595.86,0.000185,0.7812,4,Tube Bypass / Leak
2026-03-03 09:30:00,17.811,31.181,142.19,64.69,26.88,52.81,11.707,11.137,4.528,3.948,0.5699,0.5793,3382.03,59.94,573.14,0.000267,0.8179,4,Tube Bypass / Leak
2026-03-03 09:45:00,17.347,30.634,145.08,62.22,26.95,54.42,11.953,11.322,4.416,3.843,0.631,0.5728,3521.53,58.67,593.83,0.0002,0.824,4,Tube Bypass / Leak
2026-03-03 10:00:00,20.863,27.936,144.15,67.25,25.86,59.49,12.081,11.238,4.404,3.907,0.8427,0.4975,3930.52,60.47,583.16,0.000242,0.7319,4,Tube Bypass / Leak
2026-03-03 10:15:00,17.097,30.205,145.67,61.46,26.57,54.48,12.107,11.576,4.366,3.777,0.5315,0.5888,3527.13,58.6,569.21,0.000258,0.8062,4,Tube Bypass / Leak
2026-03-03 10:30:00,18.002,33.278,146.26,62.6,26.18,52.68,11.951,11.28,4.483,3.79,0.6704,0.6925,3689.66,60.57,590.48,0.000219,0.8115,4,Tube Bypass / Leak
2026-03-03 10:45:00,19.383,32.492,143.54,62.75,26.81,55.04,12.049,11.3,4.561,3.927,0.749,0.634,3836.66,58.32,595.96,0.000235,0.772,4,Tube Bypass / Leak
2026-03-03 11:00:00,20.212,29.675,149.34,70.4,27.99,59.48,12.179,11.32,4.603,4.069,0.8585,0.5334,3909.25,63.19,589.41,0.000221,0.7692,4,Tube Bypass / Leak
2026-03-03 11:15:00,17.465,36.144,142.63,62.45,29.6,52.29,12.078,11.463,4.586,3.79,0.6157,0.7965,3430.77,56.82,601.64,0.000201,0.8332,4,Tube Bypass / Leak
2026-03-03 11:30:00,17.57,32.56,145.98,60.02,28.29,55.45,11.847,11.193,4.637,4.016,0.6535,0.621,3700.16,56.08,622.57,0.000111,0.8219,4,Tube Bypass / Leak
2026-03-03 11:45:00,18.707,33.729,144.96,66.08,28.92,54.54,12.128,11.428,4.492,3.769,0.6997,0.7236,3615.57,59.89,587.45,0.00018,0.8019,4,Tube Bypass / Leak
2026-03-03 12:00:00,17.781,34.124,144.81,60.71,28.22,53.88,12.096,11.533,4.379,3.641,0.5633,0.7372,3663.76,56.78,585.29,0.000206,0.7959,4,Tube Bypass / Leak
2026-03-03 12:15:00,18.148,33.779,147.0,63.23,28.21,54.56,12.136,11.455,4.487,3.795,0.6813,0.6918,3724.73,59.15,596.08,0.000193,0.8057,4,Tube Bypass / Leak
2026-03-03 12:30:00,17.766,29.51,145.04,64.34,27.5,55.94,12.134,11.504,4.672,4.156,0.6302,0.5158,3512.54,59.17,566.17,0.000275,0.7958,4,Tube Bypass / Leak
2026-03-03 12:45:00,15.885,35.712,145.73,57.1,26.02,49.11,11.947,11.401,4.644,3.897,0.5469,0.7478,3449.61,57.78,604.78,0.000182,0.8596,4,Tube Bypass / Leak
2026-03-03 13:00:00,17.117,33.833,144.09,58.43,25.53,50.91,11.736,11.217,4.545,3.846,0.5193,0.699,3592.57,57.9,593.49,0.000232,0.823,4,Tube Bypass / Leak
2026-03-03 13:15:00,17.089,29.951,145.01,58.83,28.69,57.49,11.676,11.133,4.633,4.126,0.5434,0.5061,3608.38,53.83,609.62,0.000196,0.8119,4,Tube Bypass / Leak
2026-03-03 13:30:00,19.94,31.954,147.35,68.78,29.23,57.94,12.32,11.534,4.58,3.952,0.7861,0.6286,3838.24,61.13,609.34,0.000173,0.7899,4,Tube Bypass / Leak
2026-03-03 13:45:00,19.457,33.732,141.8,64.83,26.68,52.68,11.813,11.159,4.455,3.806,0.6537,0.6495,3669.17,60.08,576.52,0.000262,0.7777,4,Tube Bypass / Leak
2026-03-03 14:00:00,19.185,30.573,143.89,63.43,28.28,57.85,11.836,11.163,4.299,3.703,0.6725,0.5966,3781.91,56.85,596.04,0.000182,0.7685,4,Tube Bypass / Leak
2026-03-03 14:15:00,15.827,28.505,146.55,57.03,28.1,57.21,12.276,11.786,4.551,4.031,0.4899,0.5192,3471.39,53.57,596.9,0.000191,0.8293,4,Tube Bypass / Leak
2026-03-03 14:30:00,20.204,31.182,148.86,68.87,28.63,58.98,11.854,11.142,4.488,3.911,0.7127,0.5774,3959.79,61.77,610.14,0.000172,0.7793,4,Tube Bypass / Leak
2026-03-03 14:45:00,17.961,31.809,144.6,61.52,27.16,54.63,12.108,11.45,4.465,3.875,0.658,0.5902,3655.91,57.77,594.05,0.000198,0.8027,4,Tube Bypass / Leak
2026-03-03 15:00:00,17.989,28.874,141.65,64.59,29.28,57.39,12.071,11.407,4.356,3.844,0.6637,0.5123,3396.48,56.28,574.74,0.000286,0.7943,4,Tube Bypass / Leak
2026-03-03 15:15:00,18.056,34.183,143.9,64.07,28.34,53.03,11.768,11.118,4.482,3.775,0.6491,0.7078,3531.57,59.07,593.36,0.000247,0.8191,4,Tube Bypass / Leak
2026-03-03 15:30:00,20.128,33.723,147.72,67.95,30.45,58.33,12.092,11.381,4.459,3.789,0.7109,0.6706,3934.09,59.73,581.7,0.000255,0.7475,4,Tube Bypass / Leak
2026-03-03 15:45:00,19.812,31.615,142.76,62.79,26.58,55.93,12.277,11.424,4.402,3.795,0.8531,0.6061,3881.76,57.87,611.29,0.00019,0.7723,4,Tube Bypass / Leak
2026-03-03 16:00:00,18.636,32.955,147.52,68.98,30.29,56.29,11.942,11.339,4.559,3.92,0.603,0.6391,3586.09,61.25,568.04,0.000256,0.7937,4,Tube Bypass / Leak
2026-03-03 16:15:00,21.755,28.357,143.53,69.4,28.2,61.5,11.887,11.042,4.759,4.274,0.845,0.4854,3951.13,59.3,638.25,0.000109,0.7659,4,Tube Bypass / Leak
2026-03-03 16:30:00,19.429,30.519,145.46,64.9,28.32,58.35,11.79,11.036,4.441,3.854,0.7536,0.5868,3834.71,58.23,614.02,0.000183,0.7843,4,Tube Bypass / Leak
2026-03-03 16:45:00,17.922,33.954,144.25,62.78,28.82,54.0,12.01,11.32,4.343,3.688,0.6895,0.6549,3577.34,57.59,569.69,0.000267,0.7897,4,Tube Bypass / Leak
2026-03-03 17:00:00,17.14,30.946,140.09,58.32,25.56,52.08,11.894,11.34,4.42,3.805,0.5538,0.6159,3433.94,55.91,593.7,0.000203,0.8217,4,Tube Bypass / Leak
2026-03-03 17:15:00,18.56,30.056,144.81,64.04,28.37,57.58,11.793,11.145,4.456,3.905,0.6476,0.5511,3673.06,57.66,590.22,0.000203,0.7854,4,Tube Bypass / Leak
2026-03-03 17:30:00,18.57,29.879,142.05,62.48,26.01,54.97,11.973,11.299,4.564,3.994,0.6745,0.5704,3620.24,58.14,588.57,0.000218,0.7903,4,Tube Bypass / Leak
2026-03-03 17:45:00,19.343,32.913,139.92,63.24,27.0,53.39,11.844,11.112,4.48,3.828,0.7322,0.6522,3634.01,57.78,568.11,0.00026,0.7602,4,Tube Bypass / Leak
2026-03-03 18:00:00,17.909,32.112,145.6,61.55,26.88,54.32,11.957,11.392,4.361,3.782,0.5644,0.5791,3687.86,58.48,568.45,0.00028,0.7818,4,Tube Bypass / Leak
2026-03-03 18:15:00,18.24,35.3,138.93,62.86,26.51,49.52,12.343,11.714,4.596,3.835,0.6291,0.7607,3399.57,58.95,575.72,0.000231,0.813,4,Tube Bypass / Leak
2026-03-03 18:30:00,17.472,29.703,147.37,63.78,30.92,59.71,12.055,11.386,4.594,4.074,0.6696,0.5201,3578.58,55.85,630.57,0.000156,0.832,4,Tube Bypass / Leak
2026-03-03 18:45:00,20.002,34.344,145.2,65.53,28.67,55.84,12.026,11.296,4.49,3.778,0.7297,0.7123,3904.47,59.28,604.31,0.000225,0.7729,4,Tube Bypass / Leak
2026-03-03 19:00:00,19.391,34.644,146.96,65.63,31.0,57.66,11.823,11.128,4.597,3.867,0.695,0.7304,3863.9,57.71,602.69,0.000202,0.7759,4,Tube Bypass / Leak
2026-03-03 19:15:00,18.274,35.058,147.95,65.32,25.8,51.02,11.995,11.356,4.46,3.719,0.6385,0.7419,3699.49,64.0,589.6,0.000219,0.823,4,Tube Bypass / Leak
2026-03-03 19:30:00,19.584,33.018,145.01,63.42,26.3,54.64,12.262,11.523,4.566,3.866,0.739,0.7007,3915.19,59.84,586.46,0.000228,0.7622,4,Tube Bypass / Leak
2026-03-03 19:45:00,18.689,31.386,146.65,62.03,26.06,55.57,12.303,11.586,4.537,3.971,0.7167,0.5657,3874.92,59.32,627.29,0.000138,0.8098,4,Tube Bypass / Leak
2026-03-03 20:00:00,18.729,31.34,143.57,60.93,25.0,53.92,11.72,11.061,4.492,3.924,0.6587,0.5683,3792.09,58.76,598.38,0.000194,0.7884,4,Tube Bypass / Leak
2026-03-03 20:15:00,16.87,32.007,144.22,59.35,26.55,52.75,11.766,11.143,4.635,4.004,0.6223,0.6303,3507.85,57.21,584.03,0.000209,0.82,4,Tube Bypass / Leak
2026-03-03 20:30:00,17.306,32.56,144.13,62.17,29.55,55.06,12.014,11.468,4.38,3.793,0.5468,0.5866,3475.0,56.2,594.11,0.000206,0.8199,4,Tube Bypass / Leak
2026-03-03 20:45:00,19.519,32.097,148.1,67.41,25.6,54.34,12.193,11.433,4.444,3.806,0.7601,0.638,3858.71,64.32,580.74,0.00024,0.7844,4,Tube Bypass / Leak
2026-03-03 21:00:00,18.48,31.454,143.43,62.8,27.62,55.36,11.909,11.291,4.434,3.835,0.6175,0.5991,3650.94,57.64,624.43,0.000142,0.8188,4,Tube Bypass / Leak
2026-03-03 21:15:00,19.134,33.007,145.02,63.73,26.09,53.68,12.288,11.596,4.486,3.815,0.6919,0.6711,3810.75,60.57,579.53,0.000266,0.775,4,Tube Bypass / Leak
2026-03-03 21:30:00,16.679,31.713,144.87,60.23,28.43,54.5,12.111,11.613,4.425,3.83,0.4976,0.5946,3458.75,56.07,580.25,0.000247,0.8181,4,Tube Bypass / Leak
2026-03-03 21:45:00,18.51,31.689,145.34,64.55,28.52,56.15,12.112,11.411,4.66,4.021,0.7014,0.6392,3663.91,58.65,582.84,0.000254,0.7879,4,Tube Bypass / Leak
2026-03-03 22:00:00,20.121,30.762,143.38,61.87,24.46,55.68,11.814,11.056,4.456,3.883,0.7583,0.5726,4017.91,59.02,603.99,0.000242,0.7541,4,Tube Bypass / Leak
2026-03-03 22:15:00,19.067,31.079,147.21,65.1,29.17,58.67,12.28,11.649,4.661,4.113,0.6308,0.5485,3835.38,58.34,634.29,0.00013,0.8077,4,Tube Bypass / Leak
2026-03-03 22:30:00,15.956,34.456,145.6,56.34,29.74,53.94,11.939,11.467,4.403,3.708,0.472,0.6949,3489.18,52.59,624.2,0.000152,0.8496,4,Tube Bypass / Leak
2026-03-03 22:45:00,17.263,33.549,144.04,60.43,28.59,53.78,11.915,11.373,4.649,4.0,0.5421,0.6492,3536.46,56.06,582.42,0.000242,0.8072,4,Tube Bypass / Leak
2026-03-03 23:00:00,17.55,32.775,143.09,64.14,29.44,54.2,11.957,11.393,4.483,3.813,0.5646,0.6695,3394.95,57.6,591.12,0.00022,0.8264,4,Tube Bypass / Leak
2026-03-03 23:15:00,18.302,31.689,141.53,61.9,30.1,57.03,12.193,11.455,4.445,3.825,0.7377,0.6201,3570.76,53.92,612.36,0.000186,0.8003,4,Tube Bypass / Leak
2026-03-03 23:30:00,18.012,32.398,142.76,56.66,25.92,53.95,11.98,11.313,4.35,3.737,0.6668,0.6127,3799.39,54.73,624.4,0.000136,0.8035,4,Tube Bypass / Leak
2026-03-03 23:45:00,17.956,29.349,143.83,60.68,29.56,59.34,12.04,11.465,4.46,3.919,0.575,0.5411,3658.07,53.44,614.36,0.000139,0.7947,4,Tube Bypass / Leak
2026-03-04 00:00:00,17.49,29.715,142.17,59.15,27.38,56.0,12.194,11.614,4.497,3.964,0.5801,0.5329,3557.43,54.52,608.92,0.000149,0.8111,4,Tube Bypass / Leak
2026-03-04 00:15:00,19.213,27.675,147.97,64.16,26.14,60.21,12.377,11.603,4.443,3.97,0.7747,0.473,3945.05,59.46,615.98,0.000159,0.7816,4,Tube Bypass / Leak
2026-03-04 00:30:00,18.891,28.513,144.01,63.11,27.42,58.81,11.918,11.226,4.661,4.19,0.6921,0.4707,3744.5,56.9,599.29,0.000216,0.7758,4,Tube Bypass / Leak
2026-03-04 00:45:00,16.493,33.215,147.45,58.34,29.5,55.41,12.06,11.518,4.398,3.744,0.5416,0.6538,3600.79,54.46,614.04,0.000142,0.8331,4,Tube Bypass / Leak
2026-03-04 01:00:00,19.747,33.873,144.78,62.42,27.18,55.29,12.268,11.524,4.49,3.832,0.7438,0.6584,3984.62,58.21,616.91,0.000169,0.7756,4,Tube Bypass / Leak
2026-03-04 01:15:00,20.91,29.777,142.23,66.74,26.7,57.74,12.023,11.1,4.465,3.916,0.9224,0.5491,3866.97,59.53,607.51,0.000162,0.7602,4,Tube Bypass / Leak
2026-03-04 01:30:00,20.398,27.452,141.12,68.09,29.16,60.93,12.495,11.735,4.568,4.068,0.7601,0.4999,3649.57,57.1,614.4,0.000174,0.7748,4,Tube Bypass / Leak
2026-03-04 01:45:00,21.068,32.291,146.65,65.3,28.34,59.42,12.05,11.179,4.488,3.875,0.8709,0.6132,4199.13,58.54,646.01,0.000125,0.7647,4,Tube Bypass / Leak
2026-03-04 02:00:00,18.656,32.555,146.58,67.47,28.75,55.3,12.013,11.37,4.486,3.805,0.6438,0.6808,3615.62,61.29,588.88,0.000217,0.809,4,Tube Bypass / Leak
2026-03-04 02:15:00,18.959,31.246,146.24,63.57,27.4,56.78,11.824,11.117,4.433,3.816,0.7068,0.6176,3840.28,58.85,604.71,0.000171,0.7871,4,Tube Bypass / Leak
2026-03-04 02:30:00,19.074,32.464,143.52,65.52,28.55,55.38,11.794,11.008,4.451,3.824,0.7864,0.6276,3645.02,58.9,592.58,0.000231,0.7923,4,Tube Bypass / Leak
2026-03-04 02:45:00,20.826,29.88,144.95,68.55,27.62,58.8,11.914,11.148,4.428,3.856,0.7662,0.5717,3898.46,60.76,574.14,0.000261,0.7315,4,Tube Bypass / Leak
2026-03-04 03:00:00,17.759,31.152,142.09,60.41,27.22,54.48,12.102,11.455,4.403,3.829,0.6465,0.5745,3553.79,56.07,579.95,0.00027,0.7922,4,Tube Bypass / Leak
2026-03-04 03:15:00,16.839,33.233,147.59,61.38,29.1,54.68,12.402,11.877,4.636,3.951,0.5252,0.6845,3556.85,57.34,588.57,0.00021,0.8229,4,Tube Bypass / Leak
2026-03-04 03:30:00,17.64,32.384,148.8,59.68,27.96,56.39,12.086,11.48,4.57,3.931,0.606,0.6394,3851.49,56.76,608.12,0.000168,0.8021,4,Tube Bypass / Leak
2026-03-04 03:45:00,20.211,34.139,146.86,65.9,29.16,57.22,11.691,10.96,4.58,3.917,0.7311,0.6637,4008.54,59.31,600.11,0.000214,0.7569,4,Tube Bypass / Leak
2026-03-04 04:00:00,17.83,29.53,148.26,64.46,24.78,54.41,12.277,11.653,4.347,3.816,0.6239,0.531,3661.0,62.92,594.13,0.000207,0.824,4,Tube Bypass / Leak
2026-03-04 04:15:00,19.479,32.471,144.57,68.0,28.25,55.15,12.432,11.691,4.566,3.934,0.741,0.6321,3654.57,61.26,587.25,0.00026,0.7932,4,Tube Bypass / Leak
2026-03-04 04:30:00,19.158,35.389,142.99,61.6,28.38,54.18,12.006,11.215,4.579,3.851,0.7914,0.7282,3820.01,56.53,639.28,0.000138,0.8088,4,Tube Bypass / Leak
2026-03-04 04:45:00,16.267,31.532,149.12,63.26,27.91,53.85,12.106,11.635,4.423,3.799,0.471,0.6244,3422.01,60.44,594.8,0.00019,0.8545,4,Tube Bypass / Leak
2026-03-04 05:00:00,19.975,32.327,146.47,62.38,25.82,56.24,12.278,11.467,4.447,3.846,0.8117,0.6004,4115.4,59.41,619.22,0.000124,0.7681,4,Tube Bypass / Leak
2026-03-04 05:15:00,18.245,32.831,146.39,61.61,28.3,55.89,11.613,11.022,4.526,3.881,0.591,0.645,3789.83,57.22,626.0,0.000116,0.8137,4,Tube Bypass / Leak
2026-03-04 05:30:00,20.285,32.077,143.93,68.78,31.07,58.91,11.895,11.178,4.575,3.973,0.7165,0.6015,3735.19,58.19,589.74,0.000195,0.7598,4,Tube Bypass / Leak
2026-03-04 05:45:00,17.816,29.559,142.75,64.43,28.05,55.69,11.647,10.969,4.477,3.963,0.6781,0.5131,3418.6,58.09,580.82,0.000199,0.8104,4,Tube Bypass / Leak
2026-03-04 06:00:00,17.22,31.66,144.11,59.39,26.24,53.22,12.295,11.652,4.637,4.054,0.643,0.5828,3574.31,57.25,604.84,0.000198,0.826,4,Tube Bypass / Leak
2026-03-04 06:15:00,17.226,29.879,148.55,60.07,26.85,56.72,12.078,11.478,4.609,4.083,0.5998,0.5266,3734.01,57.64,591.73,0.000236,0.8034,4,Tube Bypass / Leak
2026-03-04 06:30:00,15.862,33.327,148.34,57.44,28.65,53.98,11.909,11.446,4.52,3.805,0.4624,0.7152,3532.53,55.23,602.02,0.000197,0.842,4,Tube Bypass / Leak
2026-03-04 06:45:00,18.533,31.926,143.06,62.41,28.26,55.67,12.228,11.503,4.384,3.728,0.7252,0.6556,3661.93,56.67,593.51,0.000222,0.7876,4,Tube Bypass / Leak
2026-03-04 07:00:00,18.368,35.061,142.66,64.89,28.76,52.61,11.6,10.973,4.538,3.857,0.6269,0.6809,3499.56,59.04,576.21,0.000234,0.8037,4,Tube Bypass / Leak
2026-03-04 07:15:00,16.385,32.537,142.68,57.69,27.57,52.63,11.661,11.111,4.518,3.853,0.5498,0.6647,3411.8,54.73,578.4,0.000241,0.82,4,Tube Bypass / Leak
2026-03-04 07:30:00,19.128,31.1,146.19,67.71,27.45,55.71,11.871,11.187,4.489,3.9,0.6835,0.5887,3677.68,62.02,583.97,0.000238,0.7949,4,Tube Bypass / Leak
2026-03-04 07:45:00,20.027,31.297,146.94,64.41,27.16,58.08,12.015,11.184,4.464,3.899,0.8308,0.5651,4049.19,59.36,617.05,0.00016,0.7684,4,Tube Bypass / Leak
2026-03-04 08:00:00,17.476,33.65,145.98,59.29,27.65,54.01,11.734,11.164,4.555,3.859,0.5709,0.696,3711.96,56.54,627.93,0.000121,0.8298,4,Tube Bypass / Leak
2026-03-04 08:15:00,18.112,33.314,144.95,59.82,29.22,56.32,12.164,11.527,4.449,3.778,0.637,0.6704,3777.79,54.57,622.6,0.000115,0.8024,4,Tube Bypass / Leak
2026-03-04 08:30:00,19.186,34.194,141.23,64.46,29.37,54.59,11.932,11.263,4.566,3.85,0.6688,0.7156,3608.83,57.03,606.88,0.000199,0.7989,4,Tube Bypass / Leak
2026-03-04 08:45:00,18.535,32.082,148.47,67.89,27.98,55.24,11.997,11.358,4.441,3.779,0.6391,0.6622,3659.02,62.84,577.78,0.000266,0.8043,4,Tube Bypass / Leak
2026-03-04 09:00:00,17.744,35.636,139.14,60.34,29.51,52.49,12.05,11.495,4.347,3.595,0.555,0.7523,3425.99,54.01,616.24,0.000178,0.8278,4,Tube Bypass / Leak
2026-03-04 09:15:00,18.859,33.104,145.11,63.78,27.58,54.72,11.929,11.287,4.39,3.77,0.6421,0.6197,3758.12,59.22,600.26,0.000152,0.7956,4,Tube Bypass / Leak
2026-03-04 09:30:00,18.54,30.35,142.24,63.9,28.16,56.18,11.984,11.259,4.378,3.828,0.7246,0.5508,3558.83,57.26,571.33,0.00026,0.776,4,Tube Bypass / Leak
2026-03-04 09:45:00,20.61,31.536,145.71,67.28,25.69,55.71,11.834,11.026,4.244,3.624,0.8086,0.6202,3960.23,62.71,599.15,0.00022,0.7691,4,Tube Bypass / Leak
2026-03-04 10:00:00,19.004,29.21,143.54,65.65,29.01,58.69,12.068,11.31,4.59,4.028,0.758,0.5619,3626.63,57.41,572.56,0.000203,0.7626,4,Tube Bypass / Leak
2026-03-04 10:15:00,16.801,31.922,144.21,59.76,26.26,52.28,11.899,11.386,4.696,4.114,0.5128,0.5826,3476.49,57.88,589.87,0.000228,0.8305,4,Tube Bypass / Leak
2026-03-04 10:30:00,21.725,33.97,143.48,67.33,26.0,54.52,11.835,10.984,4.652,3.941,0.8507,0.7117,4053.0,62.13,585.49,0.000208,0.7315,4,Tube Bypass / Leak
2026-03-04 10:45:00,19.552,31.198,145.7,64.3,28.94,58.81,11.643,10.829,4.404,3.81,0.8136,0.5944,3899.32,57.31,623.35,0.000142,0.7819,4,Tube Bypass / Leak
2026-03-04 11:00:00,19.075,30.273,150.64,69.88,32.1,61.89,12.006,11.377,4.463,3.913,0.6292,0.5507,3773.8,59.68,605.5,0.000186,0.7939,4,Tube Bypass / Leak
2026-03-04 11:15:00,19.599,32.606,140.68,65.6,29.22,55.65,11.738,11.057,4.612,4.009,0.6803,0.6026,3605.2,57.31,579.84,0.000214,0.7677,4,Tube Bypass / Leak
2026-03-04 11:30:00,18.841,35.285,144.15,64.84,27.93,52.73,12.171,11.51,4.381,3.691,0.6606,0.6899,3661.09,60.1,606.16,0.000171,0.8149,4,Tube Bypass / Leak
2026-03-04 11:45:00,18.707,32.791,143.66,65.04,30.98,57.24,11.941,11.282,4.418,3.725,0.6595,0.6933,3602.96,56.24,600.82,0.000193,0.7952,4,Tube Bypass / Leak
